{"type":"FeatureCollection","features":[{"type":"Feature","properties":{"name":"Alberni"},"geometry":{"type":"Polygon","coordinates":[[[-128.33205885,50.79590549],[-128.35821564,50.92856304],[-129.34734227,50.97995382],[-128.38390975,50.25375891],[-127.99999448,50.0317786],[-127.37420983,49.6621893],[-126.99051237,49.43128059],[-125.00988072,48.57404961],[-124.94770483,48.69378356],[-124.93485362,48.69827156],[-124.93129966,48.70739323],[-124.91084904,48.71180945],[-124.89803582,48.72154629],[-124.89222203,48.73237689],[-124.88370972,48.73368079],[-124.87683054,48.7433715],[-124.86350267,48.74882399],[-124.84434928,48.76470167],[-124.82912038,48.76503001],[-124.81951869,48.76937428],[-124.81735031,48.77348838],[-124.80166948,48.77616372],[-124.79872453,48.78114895],[-124.78811288,48.78555612],[-124.78788512,48.79095379],[-124.76283891,48.80420931],[-124.75245839,48.80170912],[-124.73931696,48.80721146],[-124.73233125,48.81367207],[-124.7443083,48.82148177],[-124.70610114,48.83726206],[-124.70535987,48.84476719],[-124.69885388,48.84821992],[-124.69992321,48.85393956],[-124.69668614,48.86066256],[-124.70264374,48.86141586],[-124.72329525,48.85471681],[-124.74414716,48.8618929],[-124.74295573,48.86932819],[-124.74856729,48.87991389],[-124.73465222,48.89626809],[-124.7405843,48.90290429],[-124.73950042,48.91286209],[-124.73509386,48.91545825],[-124.73502297,48.9205369],[-124.72465131,48.92262829],[-124.73855035,48.92617916],[-124.74061861,48.92985009],[-124.71675869,48.93666115],[-124.7150115,48.94374897],[-124.72545136,48.94540857],[-124.72962575,48.94941139],[-124.72736651,48.9529441],[-124.74357899,48.95518752],[-124.74249534,48.97202131],[-124.73751566,48.97833325],[-124.71364668,48.98245071],[-124.69960376,48.98892419],[-124.70122542,48.99459489],[-124.69714913,48.99606875],[-124.6979548,48.99991246],[-124.68162001,49.00261013],[-124.67215498,48.99801561],[-124.66498322,49.00708681],[-124.65739163,49.00276449],[-124.63639692,49.00297422],[-124.63287094,49.00543083],[-124.63660873,49.01734342],[-124.6426004,49.02221956],[-124.62076628,49.02459295],[-124.63012439,49.04075481],[-124.64859927,49.05041327],[-124.64538006,49.05579371],[-124.64757601,49.06590654],[-124.63935339,49.07865966],[-124.63773968,49.09152992],[-124.6400292,49.09457184],[-124.63003182,49.10537479],[-124.61647271,49.11164682],[-124.58242213,49.10374212],[-124.57640287,49.10897465],[-124.57860248,49.11581315],[-124.57589204,49.12243641],[-124.58674777,49.14611775],[-124.57982001,49.15599126],[-124.58203456,49.16220392],[-124.59685793,49.16223375],[-124.60639305,49.167819],[-124.64526921,49.17733379],[-124.65447776,49.18556819],[-124.66543691,49.18868517],[-124.66972877,49.21245863],[-124.66057838,49.22571551],[-124.67807739,49.24371574],[-124.67621137,49.24984217],[-124.68228353,49.25314244],[-124.6915354,49.27204614],[-124.70484001,49.27810687],[-124.71266022,49.27800939],[-124.72498044,49.28594011],[-124.72131568,49.28921088],[-124.72077002,49.29679338],[-124.7402555,49.30352376],[-124.75120241,49.31394651],[-124.75348906,49.30391294],[-124.77166697,49.30556065],[-124.78331563,49.31204744],[-124.78711625,49.31983287],[-124.79805451,49.32040535],[-124.80607888,49.32765239],[-124.81477424,49.33046756],[-124.83433751,49.34988167],[-124.85137965,49.35746159],[-124.86665,49.35903026],[-124.86360949,49.36934439],[-124.86675953,49.37226209],[-124.86607591,49.37671703],[-124.87606047,49.38066648],[-124.89494802,49.37851433],[-124.89830599,49.38660922],[-124.91446061,49.39415573],[-124.91483383,49.39974122],[-124.92371624,49.40795068],[-124.91636078,49.42705936],[-124.92419957,49.43054095],[-124.93680082,49.42799606],[-124.94762684,49.43037643],[-124.94793266,49.43646276],[-124.95548921,49.4436129],[-124.97783532,49.45694775],[-124.97761516,49.46386025],[-125.00131715,49.46793227],[-125.00797946,49.47688624],[-125.01342028,49.47808703],[-125.01033925,49.4863896],[-125.01475558,49.49000106],[-125.03580225,49.50053965],[-125.05394338,49.50045295],[-125.06072489,49.50453317],[-125.06234077,49.50820152],[-125.05766019,49.51456406],[-125.06620424,49.52392026],[-125.08062788,49.51487284],[-125.09291303,49.51569454],[-125.10076478,49.50490116],[-125.10804362,49.5017913],[-125.13026628,49.50103306],[-125.14741576,49.50550162],[-125.15332298,49.51051942],[-125.15007769,49.50089138],[-125.13546475,49.48555893],[-125.13573482,49.48126273],[-125.15555542,49.48967493],[-125.18662195,49.49000021],[-125.19750722,49.49547942],[-125.20367501,49.49282956],[-125.24330519,49.4913884],[-125.29323691,49.47925688],[-125.3006709,49.48047331],[-125.31427364,49.47275339],[-125.31576269,49.46869336],[-125.32521239,49.4728397],[-125.32571261,49.47907272],[-125.35141999,49.47588098],[-125.36723395,49.47844613],[-125.36600359,49.48877154],[-125.37749683,49.50115211],[-125.38470284,49.50365755],[-125.38998315,49.51593588],[-125.3858836,49.52114838],[-125.3919371,49.52692464],[-125.39406213,49.53455446],[-125.38655314,49.54035],[-125.39853309,49.54792878],[-125.4051754,49.54459728],[-125.41445407,49.54658979],[-125.42940516,49.55526396],[-125.43960214,49.54902181],[-125.44752135,49.53368705],[-125.4712181,49.52825238],[-125.48558042,49.51902045],[-125.48337079,49.5144261],[-125.49226435,49.50350226],[-125.48853525,49.49791309],[-125.49115247,49.49640826],[-125.49202425,49.48410063],[-125.49741286,49.47830703],[-125.52006664,49.47853585],[-125.54327692,49.48918295],[-125.56254847,49.48855044],[-125.57011503,49.49883615],[-125.59751225,49.50677239],[-125.61837619,49.50114683],[-125.62340725,49.4946703],[-125.62948976,49.49320955],[-125.63583336,49.497513],[-125.63352526,49.512156],[-125.64409507,49.51714383],[-125.68090822,49.51130974],[-125.6935228,49.51684641],[-125.70260817,49.51198312],[-125.71430855,49.51445291],[-125.73101587,49.51308788],[-125.73942719,49.5169463],[-125.73689231,49.52051492],[-125.74142257,49.52569514],[-125.73618235,49.53408943],[-125.72968614,49.53718451],[-125.73340439,49.53889598],[-125.73060067,49.54417129],[-125.73802982,49.54975333],[-125.72999156,49.55695137],[-125.75102901,49.56865196],[-125.74509876,49.57615203],[-125.71831505,49.58117336],[-125.72754392,49.5852936],[-125.72697449,49.5920184],[-125.7228536,49.59610098],[-125.72554907,49.59879918],[-125.72096781,49.60200173],[-125.69057307,49.60322559],[-125.70174105,49.62865847],[-125.73211571,49.6256965],[-125.72969055,49.63066765],[-125.73656629,49.63714213],[-125.73365743,49.64571065],[-125.74495396,49.64943937],[-125.75569065,49.65873821],[-125.76460834,49.65853437],[-125.76913897,49.6548995],[-125.77888953,49.66035564],[-125.80153085,49.66341303],[-125.80644335,49.69202802],[-125.81971887,49.69059876],[-125.82239344,49.70115819],[-125.82898877,49.70389396],[-125.84020815,49.71620531],[-125.83140232,49.7190929],[-125.83468451,49.72673094],[-125.8487959,49.72712212],[-125.85256681,49.73965139],[-125.86375934,49.74562761],[-125.88431553,49.74354288],[-125.89123864,49.75146885],[-125.89615603,49.75162259],[-125.90496912,49.76510899],[-125.91466745,49.77326212],[-125.91820019,49.80553304],[-125.91164305,49.80867093],[-125.91831782,49.81648803],[-125.90624357,49.82389786],[-125.913129,49.8326696],[-125.89987706,49.84778875],[-125.89833228,49.85569053],[-125.88720895,49.86149472],[-125.88458661,49.86876639],[-125.88010031,49.87132107],[-125.8849341,49.88248466],[-125.88127121,49.88849769],[-125.88307399,49.89980759],[-125.89215626,49.90333659],[-125.9133603,49.89997285],[-125.91512222,49.90532651],[-125.90872182,49.91723628],[-125.92006242,49.92681987],[-125.91831665,49.93745247],[-125.92110879,49.9398029],[-125.91556694,49.94621958],[-125.91645852,49.95194703],[-125.90883665,49.95740131],[-125.91069668,49.96421854],[-125.89338121,49.97604119],[-125.89441989,49.98051396],[-125.905687,49.98752625],[-125.90336185,49.99492628],[-125.91380901,50.00019441],[-125.9144302,50.0194466],[-125.93053996,50.00619614],[-125.94430036,50.00130477],[-125.95290916,50.00033446],[-125.9620178,50.00585529],[-125.98563508,50.00128649],[-126.00137927,50.0059495],[-126.02559058,49.99810575],[-126.03731026,50.0008546],[-126.04248348,50.01045445],[-126.05541442,50.01483259],[-126.07262241,50.01450847],[-126.0888152,50.02988666],[-126.10391734,50.0324856],[-126.10913601,50.02856423],[-126.13176666,50.03008797],[-126.13752956,50.02327256],[-126.1568833,50.01793172],[-126.1783905,50.02079152],[-126.18114616,50.01478825],[-126.17788279,50.00331794],[-126.17981601,50.00032996],[-126.17373502,49.99377554],[-126.18256248,49.99434561],[-126.19568863,49.98422822],[-126.19879547,49.99146909],[-126.21027551,49.99856879],[-126.20506252,50.00397125],[-126.2067446,50.009046],[-126.218777,50.01449388],[-126.2310958,50.01461812],[-126.26106836,49.99058629],[-126.2815389,49.98056615],[-126.28518902,49.97581071],[-126.30509405,49.97289135],[-126.30798257,49.96687904],[-126.3215902,49.95944885],[-126.32477815,49.95347163],[-126.34461308,49.9513055],[-126.35033836,49.94796513],[-126.35595077,49.94164364],[-126.34323814,49.93254054],[-126.34164942,49.92483929],[-126.34444113,49.92214715],[-126.37239048,49.91508281],[-126.38098303,49.90850342],[-126.38882704,49.90738169],[-126.41541514,49.9104908],[-126.42452125,49.91735308],[-126.46089001,49.907988],[-126.46664958,49.91047458],[-126.47122778,49.91832497],[-126.47808942,49.92049821],[-126.47031685,49.92908394],[-126.47123515,49.93457324],[-126.4844065,49.94299924],[-126.47653318,49.94977665],[-126.49275477,49.9652249],[-126.51243141,49.96028294],[-126.51735472,49.96985223],[-126.52758697,49.97740488],[-126.53429683,49.98073223],[-126.556597,49.98175316],[-126.57227505,49.9918615],[-126.56794884,50.00030384],[-126.55622864,50.00272838],[-126.54706776,50.01052265],[-126.54814062,50.01534074],[-126.56360701,50.02130355],[-126.55940287,50.02611751],[-126.56128889,50.03010075],[-126.58194355,50.02669777],[-126.59444145,50.02849583],[-126.60148917,50.02468093],[-126.6292413,50.02872352],[-126.64206523,50.02735302],[-126.65820778,50.01766907],[-126.67054601,50.01556202],[-126.68047495,50.02815356],[-126.69601003,50.03272235],[-126.6885627,50.04014367],[-126.70030134,50.04896322],[-126.69461155,50.0564292],[-126.69799059,50.06225423],[-126.68082577,50.06409355],[-126.67525391,50.06784024],[-126.67756934,50.07347791],[-126.66409993,50.06888974],[-126.65676449,50.07042444],[-126.65097594,50.07417058],[-126.64845309,50.09335572],[-126.66544268,50.09040231],[-126.66815288,50.09734731],[-126.67924039,50.09911054],[-126.6807015,50.10544259],[-126.69594493,50.11527232],[-126.70233578,50.11239892],[-126.70925587,50.11572564],[-126.73065949,50.1080631],[-126.74416037,50.10826484],[-126.74570997,50.10294595],[-126.74973616,50.1094659],[-126.78826729,50.12317227],[-126.78669219,50.13172299],[-126.76934465,50.13460412],[-126.76328692,50.14335241],[-126.76538212,50.14780946],[-126.77835356,50.15372958],[-126.78888172,50.16763165],[-126.77929218,50.1728185],[-126.7824959,50.18445438],[-126.78280843,50.17957909],[-126.79121157,50.17520445],[-126.79901492,50.17518189],[-126.80539505,50.16848025],[-126.80831401,50.17172022],[-126.8208875,50.17299029],[-126.81424466,50.15507372],[-126.81650043,50.1446351],[-126.84238036,50.14135694],[-126.85543284,50.14658484],[-126.86370387,50.1556928],[-126.86939389,50.15539243],[-126.87536305,50.16096179],[-126.88548781,50.1630535],[-126.88574426,50.17374403],[-126.90018508,50.18099588],[-126.90219779,50.18740937],[-126.91287553,50.19322388],[-126.92579893,50.19261448],[-126.93891721,50.1815415],[-126.95913815,50.19065152],[-126.97862043,50.18980959],[-126.99399827,50.19462281],[-127.00151839,50.19434186],[-127.00385483,50.19091602],[-127.01133479,50.19440512],[-127.03030979,50.21346653],[-127.02422261,50.21527601],[-127.0234716,50.21868188],[-127.01490547,50.21721715],[-127.01072214,50.21959767],[-127.01523761,50.22964044],[-127.00805831,50.24162114],[-126.99863269,50.24679424],[-127.00098094,50.2657007],[-126.99201321,50.27078181],[-126.99862938,50.27081435],[-126.99962316,50.27754196],[-127.00557245,50.28179046],[-127.01425109,50.28018489],[-127.02538601,50.2866013],[-127.03337715,50.30019757],[-127.04591859,50.30405625],[-127.04673658,50.30925976],[-127.05153366,50.31213305],[-127.04663741,50.3187203],[-127.04959718,50.32289399],[-127.06094106,50.32729367],[-127.06872953,50.32585373],[-127.07139108,50.33572558],[-127.08022803,50.3351875],[-127.08940504,50.33944585],[-127.0773563,50.34929831],[-127.08858967,50.36346987],[-127.09765648,50.36563393],[-127.09854757,50.35147736],[-127.11922769,50.35453886],[-127.12850389,50.36169136],[-127.13682616,50.36357448],[-127.13771303,50.37238529],[-127.14273577,50.37064454],[-127.14813768,50.37294953],[-127.15019581,50.38084256],[-127.16644945,50.38476069],[-127.17450032,50.39106607],[-127.16861094,50.3929353],[-127.16897406,50.3979996],[-127.17422218,50.40131651],[-127.16388841,50.40882119],[-127.15999352,50.41751577],[-127.17259532,50.43055892],[-127.18234285,50.43407765],[-127.17783943,50.43889913],[-127.18683643,50.4480785],[-127.18723264,50.45246473],[-127.18120321,50.45741261],[-127.18308336,50.46638006],[-127.19041812,50.47004501],[-127.19091576,50.47488213],[-127.20163884,50.46955513],[-127.21137721,50.47646703],[-127.21119698,50.48311205],[-127.21840289,50.48847547],[-127.21806606,50.49875024],[-127.22320573,50.50705522],[-127.24744713,50.4997508],[-127.25147263,50.50262487],[-127.25136233,50.50894328],[-127.24311615,50.5109751],[-127.24726738,50.51655097],[-127.24305844,50.52567211],[-127.26205219,50.53571591],[-127.26232459,50.5409992],[-127.25589307,50.54596412],[-127.25566333,50.55551383],[-127.26755099,50.5593242],[-127.26484966,50.56472036],[-127.26689571,50.56690637],[-127.29645948,50.57698048],[-127.29794159,50.58106613],[-127.29117194,50.58295988],[-127.29125113,50.58572023],[-127.30974081,50.60278329],[-127.32190384,50.60271821],[-127.33408148,50.61148846],[-127.33728142,50.62304802],[-127.35138374,50.62532402],[-127.35402368,50.6304993],[-127.3622068,50.63410752],[-127.36927037,50.63354758],[-127.37218756,50.62735758],[-127.39195353,50.62790143],[-127.39043473,50.63502131],[-127.39504263,50.64340561],[-127.4119322,50.6391694],[-127.43066268,50.64603092],[-127.44023507,50.64227886],[-127.45976637,50.64415369],[-127.48035892,50.63367504],[-127.5298532,50.63411797],[-127.540508,50.63199443],[-127.54571673,50.62731167],[-127.59468127,50.62069793],[-127.63811458,50.63028115],[-127.63403435,50.63749022],[-127.6394985,50.64158377],[-127.64357992,50.66982653],[-127.67117592,50.67186778],[-127.68880258,50.68122669],[-127.69913587,50.6757123],[-127.72648661,50.68008774],[-127.73200468,50.67611096],[-127.75472248,50.67575367],[-127.76245324,50.66499846],[-127.75596269,50.65717323],[-127.76462868,50.66448895],[-127.77917695,50.66579603],[-127.78912253,50.66314731],[-127.79010097,50.66867019],[-127.80085506,50.66969891],[-127.81235657,50.67967321],[-127.82848245,50.67427864],[-127.8464692,50.67843987],[-127.85884772,50.67018127],[-127.85241142,50.66099071],[-127.86325956,50.65780526],[-127.87448943,50.66119687],[-127.88058904,50.67007852],[-127.88782301,50.66920485],[-127.89925156,50.67571552],[-127.90663992,50.67610842],[-127.90531322,50.6831014],[-127.90051226,50.68636654],[-127.90072956,50.69237717],[-127.89014909,50.69923948],[-127.90071077,50.7052962],[-127.90168294,50.71151568],[-127.90696629,50.71362086],[-127.9079782,50.71766675],[-127.93447223,50.70965164],[-127.94068575,50.71569791],[-127.95303234,50.7205545],[-127.9588695,50.71555671],[-127.9754244,50.71260914],[-127.99345141,50.7207697],[-127.99538529,50.72520167],[-127.98543121,50.73776083],[-127.9816289,50.75399669],[-127.98952912,50.763072],[-127.99711186,50.75870294],[-128.00442654,50.76118227],[-128.01417176,50.75802613],[-128.0288632,50.74247466],[-128.02324474,50.72932027],[-128.02959361,50.72766736],[-128.03314394,50.71466803],[-128.02657583,50.70510888],[-128.03503704,50.70161545],[-128.03653711,50.69118537],[-128.06513014,50.70508911],[-128.08068825,50.7035376],[-128.08421932,50.69730873],[-128.09937856,50.69650056],[-128.10731158,50.69265813],[-128.11067644,50.70039147],[-128.12236984,50.69625214],[-128.13150648,50.70666304],[-128.13619039,50.72200322],[-128.14598521,50.72281851],[-128.15434128,50.72845046],[-128.16857658,50.7287158],[-128.1688414,50.72128954],[-128.18221275,50.73052437],[-128.19097977,50.74026868],[-128.18090955,50.75051185],[-128.18476743,50.75752715],[-128.20793606,50.7544933],[-128.21571664,50.76400796],[-128.23116606,50.76554113],[-128.23394472,50.77097511],[-128.250451,50.7676454],[-128.26339966,50.7711644],[-128.2664306,50.76615487],[-128.27697743,50.77307178],[-128.27798925,50.78340848],[-128.28683518,50.78507628],[-128.30154965,50.78062381],[-128.30801662,50.78178848],[-128.31199684,50.78990576],[-128.32014442,50.79546582],[-128.33205885,50.79590549]]]}},{"type":"Feature","properties":{"name":"Ashcroft"},"geometry":{"type":"Polygon","coordinates":[[[-122.60311163,50.62428416],[-122.61252402,50.61419839],[-122.61214194,50.60908001],[-122.61737895,50.6065344],[-122.618177,50.60203983],[-122.60465994,50.59472825],[-122.58591454,50.59268472],[-122.56291951,50.58434456],[-122.57842717,50.5764787],[-122.59187454,50.5639566],[-122.59414875,50.55347694],[-122.58812273,50.54500198],[-122.58315074,50.52420233],[-122.59689337,50.51916149],[-122.6161115,50.52360621],[-122.61743922,50.50919432],[-122.62689785,50.51163514],[-122.64445992,50.50535929],[-122.64126867,50.49065579],[-122.6460958,50.47405988],[-122.62635865,50.45805775],[-122.60545744,50.44639547],[-122.60155981,50.43853419],[-122.5858823,50.42605427],[-122.57728757,50.40553106],[-122.55383199,50.40867121],[-122.54989907,50.40468092],[-122.5233555,50.40137193],[-122.5231857,50.39671422],[-122.52732875,50.39325959],[-122.52687319,50.38514543],[-122.5139031,50.3838331],[-122.50616737,50.38793759],[-122.49693782,50.38038319],[-122.49568553,50.3720387],[-122.47398295,50.36364893],[-122.4636301,50.35139748],[-122.44354892,50.34014206],[-122.4421309,50.32919102],[-122.42428693,50.3353083],[-122.40273242,50.33228553],[-122.39027216,50.32072664],[-122.36995218,50.31627292],[-122.37066268,50.31177558],[-122.36565631,50.30972024],[-122.36562635,50.29965138],[-122.3594414,50.29561989],[-122.35523943,50.28645879],[-122.37094838,50.27534933],[-122.36945396,50.26618582],[-122.3731878,50.26273475],[-122.34617819,50.25074114],[-122.36061223,50.23363474],[-122.34928301,50.22954188],[-122.30266571,50.22921386],[-122.28937305,50.22380002],[-122.27567003,50.22442496],[-122.27145162,50.22195587],[-122.27046163,50.21929487],[-122.27792435,50.21343969],[-122.27691245,50.20711088],[-122.28077649,50.20222917],[-122.29954163,50.2001729],[-122.30182312,50.19352279],[-122.31756506,50.18668304],[-122.31437349,50.172706],[-122.29780066,50.17239952],[-122.29012018,50.16072248],[-122.29171307,50.15518262],[-122.27284384,50.14625948],[-122.27192228,50.14340247],[-122.27649771,50.14153373],[-122.27660298,50.13819727],[-122.25876089,50.12318941],[-122.22743369,50.12649018],[-122.22175309,50.11870846],[-122.2295764,50.11074802],[-122.17862777,50.10940627],[-122.15632875,50.11467781],[-122.14745126,50.1097102],[-122.13170293,50.11212948],[-122.1169737,50.10706305],[-122.11495602,50.11330719],[-122.10026178,50.12419423],[-122.08622555,50.12080992],[-122.07097438,50.12607655],[-122.06735773,50.11991375],[-122.05760158,50.11457354],[-122.05873087,50.10972534],[-122.05423527,50.10509297],[-122.02317573,50.08515689],[-122.01259276,50.08450059],[-122.00355086,50.08783227],[-121.98228914,50.07984961],[-121.96550285,50.08288083],[-121.95593134,50.09077291],[-121.95250284,50.08822351],[-121.9537396,50.08232575],[-121.95072112,50.07928598],[-121.94120405,50.07883982],[-121.93629299,50.07416517],[-121.92003449,50.07053217],[-121.91044651,50.05365207],[-121.89619888,50.0499802],[-121.87149044,50.05137752],[-121.86132853,50.04655098],[-121.85219028,50.05215591],[-121.85676286,50.0576275],[-121.84912784,50.06299959],[-121.85390762,50.06893096],[-121.85040869,50.07574797],[-121.80215616,50.08541904],[-121.7940466,50.09040526],[-121.77644358,50.0888343],[-121.75633904,50.09247777],[-121.71694531,50.08690688],[-121.70208438,50.07527408],[-121.66393439,50.08090664],[-121.65927686,50.07888321],[-121.65647505,50.0722169],[-121.66133869,50.06482386],[-121.64303362,50.05697671],[-121.63766661,50.05879528],[-121.63578918,50.05327603],[-121.6267679,50.04967971],[-121.62228776,50.05115175],[-121.61465529,50.04437107],[-121.60785359,50.04333697],[-121.59208956,50.04930874],[-121.58086588,50.05927126],[-121.5294917,50.0641185],[-121.49454408,50.07237631],[-121.4850653,50.07881288],[-121.48730662,50.08645571],[-121.48417124,50.09151986],[-121.44497752,50.08503761],[-121.43731759,50.09423519],[-121.44200116,50.09976729],[-121.44216913,50.1098805],[-121.43239524,50.11597746],[-121.43538713,50.13142547],[-121.42647414,50.13911542],[-121.4316198,50.14648114],[-121.40515271,50.14842494],[-121.37872674,50.14292594],[-121.36526299,50.13883357],[-121.35143187,50.12773627],[-121.33750703,50.12640877],[-121.33481599,50.12983612],[-121.32091647,50.1221858],[-121.31914523,50.12783148],[-121.29821743,50.13637385],[-121.29246178,50.15320021],[-121.28389846,50.15695219],[-121.28969957,50.18972628],[-121.30204109,50.20387841],[-121.30372457,50.2120617],[-121.29877149,50.2194007],[-121.30269723,50.22994146],[-121.29631104,50.22849314],[-121.28632511,50.24320508],[-121.28622846,50.26351718],[-121.30177785,50.26315297],[-121.30709816,50.26742188],[-121.30006767,50.29007872],[-121.31607344,50.29289968],[-121.31475415,50.30110733],[-121.32068444,50.31004329],[-121.31606741,50.32129819],[-121.32697485,50.32799911],[-121.30286742,50.33578809],[-121.30772616,50.35242176],[-121.30508266,50.35839147],[-121.31960956,50.36776715],[-121.33309839,50.37089357],[-121.32764169,50.38212687],[-121.34070786,50.38734604],[-121.3379203,50.40046879],[-121.32860487,50.4082636],[-121.32714491,50.41560431],[-121.31609086,50.42835812],[-121.3001785,50.42465437],[-121.29002432,50.42828896],[-121.27333739,50.42554738],[-121.2694395,50.43121432],[-121.25721272,50.43450312],[-121.22140341,50.42373587],[-121.22285798,50.41439686],[-121.21017443,50.40622847],[-121.19004044,50.40877681],[-121.16213251,50.3926207],[-121.13720642,50.38487133],[-121.11959562,50.38501861],[-121.10537908,50.37832066],[-121.0984356,50.38145524],[-121.08971619,50.37851265],[-121.0773056,50.38701949],[-121.06279618,50.38536748],[-121.05932441,50.39402779],[-121.05053394,50.3989828],[-121.0479291,50.40784309],[-121.05310651,50.42050564],[-121.04075463,50.43000728],[-121.06704099,50.43154936],[-121.07445659,50.4473998],[-121.0689325,50.46438841],[-121.08398363,50.47244472],[-121.05109617,50.4919236],[-121.03140527,50.48884611],[-121.02453443,50.49641131],[-121.02336902,50.50948261],[-121.02725887,50.51655955],[-121.01865241,50.52886571],[-121.02345931,50.53760543],[-121.01826555,50.54401932],[-121.02247821,50.55098048],[-121.00943711,50.56699178],[-121.01869393,50.57757514],[-121.04427442,50.58030997],[-121.06339831,50.59446286],[-121.05710986,50.60547525],[-121.04624994,50.61278574],[-121.04619692,50.62327187],[-121.04246049,50.63077631],[-121.04650459,50.65225136],[-121.04013146,50.65926566],[-121.04028332,50.66602448],[-121.02020964,50.6679816],[-121.01532173,50.67622717],[-121.00839295,50.6790079],[-120.99379834,50.67140878],[-120.98472601,50.673727],[-120.97798414,50.67015031],[-120.96757666,50.6726456],[-120.94778516,50.666551],[-120.93279384,50.66985159],[-120.94851701,50.68104679],[-120.93659701,50.71675348],[-120.93953818,50.72267685],[-120.95605675,50.72866004],[-120.95942639,50.73820794],[-120.96696034,50.7416137],[-120.96984671,50.74894374],[-120.97020088,50.7526398],[-120.95839147,50.75629802],[-120.95620673,50.76325617],[-120.94682009,50.76319798],[-120.92709445,50.75278881],[-120.92473124,50.74649821],[-120.91827564,50.74380166],[-120.8953575,50.74279248],[-120.87880457,50.7483726],[-120.89360564,50.76590894],[-120.88837694,50.77705107],[-120.89817291,50.80353292],[-120.89244657,50.80462593],[-120.88999652,50.8095898],[-120.88855707,50.81979613],[-120.89317736,50.82408533],[-120.89061691,50.82829335],[-120.89440927,50.83330825],[-120.90448087,50.83578307],[-120.90465553,50.84369628],[-120.91467789,50.85086682],[-120.90642282,50.85640241],[-120.90574494,50.86028272],[-120.8897311,50.86589129],[-120.89210313,50.87093333],[-120.9109865,50.88000646],[-120.90263992,50.88597945],[-120.8376443,50.90041791],[-120.8250109,50.89567013],[-120.82264662,50.89271875],[-120.82411966,50.88732279],[-120.81771987,50.88615096],[-120.81571628,50.88153048],[-120.80811517,50.87995233],[-120.80226568,50.88522385],[-120.79165857,50.88199661],[-120.78517026,50.87860461],[-120.78431815,50.87352655],[-120.77499935,50.87216141],[-120.76437934,50.86366088],[-120.74398305,50.85516439],[-120.74500694,50.87251618],[-120.72564806,50.87625724],[-120.73353263,50.89661455],[-120.75370679,50.90138335],[-120.74940906,50.92713101],[-120.73932922,50.94012331],[-120.73212732,50.94340609],[-120.73466417,50.9529528],[-120.74496413,50.96584336],[-120.74641273,50.97536539],[-120.72903686,50.9953449],[-120.69434544,50.99552824],[-120.65979829,50.98033261],[-120.64686156,50.97047976],[-120.63608449,50.97483167],[-120.61228277,50.97252163],[-120.60446931,50.97865771],[-120.58673075,50.96906147],[-120.58424273,50.97194934],[-120.57006587,50.97206247],[-120.56057954,50.97629383],[-120.53384692,50.96907893],[-120.53316944,50.97513432],[-120.52535481,50.97569031],[-120.517115,50.98146572],[-120.51746739,50.98841237],[-120.49528789,50.99275041],[-120.48878623,50.9885926],[-120.47944896,50.99978098],[-120.47605816,50.9994559],[-120.47554733,50.99547787],[-120.45598246,50.9933007],[-120.46099523,51.00076911],[-120.45527887,51.00692226],[-120.45533582,51.02941741],[-120.4487743,51.04121231],[-120.45414589,51.05174799],[-120.44724215,51.05996317],[-120.41811399,51.06308568],[-120.42359083,51.07270485],[-120.42281452,51.07661855],[-120.43103879,51.08025291],[-120.43030503,51.08440286],[-120.43899299,51.09173124],[-120.43638967,51.10270885],[-120.45360948,51.10871416],[-120.45797537,51.11463008],[-120.4148234,51.13348269],[-120.41238835,51.13759189],[-120.41778908,51.14240734],[-120.41483964,51.14831927],[-120.4016482,51.15659586],[-120.39049339,51.15702408],[-120.38941413,51.17483327],[-120.39762095,51.17606123],[-120.40653071,51.18207569],[-120.40428381,51.18745368],[-120.39763107,51.19003424],[-120.39889833,51.20439315],[-120.3903392,51.20937716],[-120.38749799,51.22066162],[-120.36979927,51.23003295],[-120.37047944,51.23443462],[-120.37867065,51.2375104],[-120.36697815,51.24459432],[-120.37993033,51.2495419],[-120.35885477,51.25589629],[-120.35712625,51.25896913],[-120.32733825,51.25356635],[-120.3177258,51.26135527],[-120.31865401,51.26927759],[-120.33116117,51.27225732],[-120.33697642,51.27766372],[-120.33223854,51.28658521],[-120.33613654,51.29612216],[-120.3533456,51.29646918],[-120.35655549,51.3065712],[-120.37026071,51.31588767],[-120.37256947,51.33138891],[-120.38245831,51.34308168],[-120.37329763,51.34524945],[-120.37808297,51.34793211],[-120.38189668,51.35690423],[-120.38949506,51.3617485],[-120.3944549,51.37151899],[-120.38655526,51.37882598],[-120.40469089,51.38819309],[-120.42125483,51.38886917],[-120.42690289,51.39271947],[-120.43545151,51.39373803],[-120.44238513,51.38906813],[-120.44899896,51.3901055],[-120.45817606,51.40531968],[-120.47677192,51.40964339],[-120.47479018,51.41755988],[-120.4674749,51.42550584],[-120.47144905,51.42814573],[-120.47500411,51.42667552],[-120.48059941,51.4305014],[-120.49515216,51.41808728],[-120.51607735,51.41465638],[-120.52018765,51.41721668],[-120.51828722,51.41992845],[-120.52061206,51.42538321],[-120.53141149,51.43146591],[-120.53330618,51.43646177],[-120.54342066,51.43668293],[-120.55693232,51.44395105],[-120.57677475,51.44683828],[-120.58494589,51.46783692],[-120.59707065,51.47838935],[-120.6267503,51.47761241],[-120.62805943,51.46297034],[-120.66680988,51.45022212],[-120.66565738,51.44487493],[-120.67285618,51.4406995],[-120.68743276,51.43757839],[-120.69375124,51.44141484],[-120.70397593,51.43869489],[-120.71357626,51.44268339],[-120.72053205,51.43720847],[-120.72452975,51.43919009],[-120.71757168,51.44692812],[-120.71910317,51.45175774],[-120.74967155,51.45712157],[-120.73571032,51.46608195],[-120.72882043,51.48176778],[-120.76251939,51.47750506],[-120.76886142,51.47446493],[-120.76712966,51.4700372],[-120.77115032,51.46540554],[-120.81988132,51.47442937],[-120.82911405,51.47843197],[-120.83445838,51.48514096],[-120.86690931,51.47927519],[-120.8982281,51.4897275],[-120.917143,51.48618877],[-120.92272272,51.47796908],[-120.94279146,51.48697425],[-120.96539221,51.48474238],[-120.97325788,51.48152396],[-120.97813788,51.47322659],[-120.98265504,51.48000916],[-120.99272448,51.48586679],[-120.99027519,51.49177907],[-120.99718158,51.49738629],[-120.98982159,51.50589878],[-120.99068758,51.5110541],[-121.00347318,51.51433706],[-121.01165506,51.51255757],[-121.03660833,51.52224058],[-121.06648713,51.51745956],[-121.07315692,51.52208518],[-121.09795261,51.51756136],[-121.10610687,51.51214525],[-121.13356944,51.50798131],[-121.15568839,51.50723995],[-121.17385669,51.51422741],[-121.18481022,51.50838748],[-121.19892875,51.50628639],[-121.24831835,51.50250827],[-121.26759264,51.50481328],[-121.2960023,51.51405556],[-121.29441333,51.52365143],[-121.30881643,51.53338491],[-121.31440349,51.53367378],[-121.32256746,51.5273167],[-121.33208256,51.53017332],[-121.36341117,51.52397878],[-121.37460657,51.52593123],[-121.36931009,51.54432734],[-121.39139128,51.55360553],[-121.39540097,51.56068595],[-121.39254292,51.56940997],[-121.39699614,51.57890418],[-121.40750044,51.58042735],[-121.40984703,51.57484353],[-121.42562371,51.5766838],[-121.45791679,51.56852145],[-121.47531964,51.5706204],[-121.4922747,51.57940485],[-121.48689641,51.59375293],[-121.48018275,51.59701494],[-121.48699932,51.59789339],[-121.50036459,51.5952942],[-121.50716783,51.58908691],[-121.52225461,51.58768731],[-121.53133981,51.5832696],[-121.54519608,51.58959775],[-121.55632755,51.57790579],[-121.55869169,51.57059729],[-121.61052151,51.55874339],[-121.60560998,51.5434547],[-121.59443923,51.53873404],[-121.61765323,51.53072702],[-121.61777377,51.5205778],[-121.63118021,51.5145243],[-121.63100203,51.50691438],[-121.62517294,51.50696325],[-121.62499186,51.50130042],[-121.60284024,51.4974588],[-121.58166111,51.4830132],[-121.58050378,51.47902051],[-121.5699854,51.47372604],[-121.57379445,51.4635281],[-121.60209937,51.44681193],[-121.61113998,51.4368678],[-121.6663724,51.43720158],[-121.71046155,51.44938388],[-121.74405085,51.46655804],[-121.74899184,51.47239298],[-121.74597311,51.48191055],[-121.75067879,51.48442438],[-121.80292969,51.4832518],[-121.82204579,51.48897548],[-121.83746015,51.50089605],[-121.84699356,51.50317495],[-121.85840655,51.52122135],[-121.88306806,51.52707431],[-121.87927776,51.53838587],[-121.8809787,51.54349624],[-121.90589066,51.555167],[-121.92265742,51.54911989],[-121.93592794,51.54013198],[-121.97885512,51.52839506],[-122.00599,51.5351041],[-122.01706689,51.53092182],[-122.03781022,51.53172335],[-122.04995053,51.52897162],[-122.06179359,51.5231051],[-122.06574913,51.5152373],[-122.07781676,51.51804854],[-122.09103709,51.5132103],[-122.08233315,51.50617671],[-122.08581457,51.50270747],[-122.09687422,51.50166935],[-122.1047888,51.51214703],[-122.12657892,51.50957609],[-122.13025114,51.5072873],[-122.13209711,51.49386797],[-122.1550725,51.49398819],[-122.15578034,51.50165416],[-122.22524217,51.50146803],[-122.22508911,51.48672958],[-122.26852668,51.48653885],[-122.26346319,51.47566509],[-122.27714817,51.47616386],[-122.27701014,51.46855545],[-122.41324218,51.46666655],[-122.41655596,51.46531029],[-122.41942122,51.45347044],[-122.40950263,51.4525085],[-122.40873786,51.44655982],[-122.42223023,51.43990602],[-122.44702361,51.43404598],[-122.46695205,51.43825428],[-122.48949846,51.43184005],[-122.50310266,51.43205392],[-122.50460457,51.41297388],[-122.51581926,51.40956595],[-122.53058628,51.39891428],[-122.52196161,51.39722965],[-122.52236447,51.38293321],[-122.49616169,51.37319173],[-122.48302604,51.37453056],[-122.47390757,51.37038618],[-122.46758291,51.36301245],[-122.48253181,51.35242792],[-122.4922303,51.34055618],[-122.48703487,51.33120847],[-122.50417617,51.31207097],[-122.50445534,51.29867373],[-122.51119685,51.29325286],[-122.54281902,51.28224867],[-122.54145901,51.27156931],[-122.53588608,51.2671324],[-122.54151664,51.25672359],[-122.54054559,51.24900434],[-122.54313444,51.24487843],[-122.54002152,51.23958765],[-122.53390539,51.23726161],[-122.53270456,51.23082706],[-122.52724734,51.22842251],[-122.52921971,51.21584089],[-122.53294777,51.20839641],[-122.54883945,51.203727],[-122.54829547,51.19961516],[-122.56294093,51.17967303],[-122.58978222,51.17584129],[-122.59597837,51.17172651],[-122.59212061,51.16515763],[-122.59701171,51.1610584],[-122.60317633,51.14639286],[-122.59603144,51.14280727],[-122.59517528,51.13737318],[-122.60059751,51.13080507],[-122.61011591,51.12682117],[-122.61021432,51.1192249],[-122.599848,51.11151486],[-122.57969883,51.10949525],[-122.58285546,51.10085616],[-122.58118307,51.09618284],[-122.60668962,51.09385272],[-122.61637704,51.08626841],[-122.61639075,51.08106147],[-122.62897133,51.08276592],[-122.64155955,51.08920844],[-122.65599823,51.09235391],[-122.66038664,51.08983087],[-122.67401398,51.0946122],[-122.68711694,51.10692085],[-122.6989143,51.11185398],[-122.70307518,51.1195724],[-122.69585488,51.12465368],[-122.72410303,51.13694179],[-122.72137674,51.14443407],[-122.72721257,51.15291544],[-122.74973953,51.15502695],[-122.76320206,51.14412161],[-122.77616106,51.14010825],[-122.79170815,51.14703554],[-122.82140136,51.14334265],[-122.83603992,51.15310254],[-122.85960882,51.15916579],[-122.86265199,51.16391737],[-122.87788656,51.16155877],[-122.87953897,51.16742327],[-122.88592488,51.17116176],[-122.90200366,51.17504229],[-122.91454667,51.18294509],[-122.9254502,51.18243115],[-122.94740098,51.19309807],[-123.03301832,51.19941828],[-123.04948245,51.2075563],[-123.06695878,51.21040277],[-123.07064289,51.18568417],[-123.05123391,51.18025413],[-123.05258501,51.17129665],[-123.05858563,51.16825891],[-123.05723829,51.16416343],[-123.04044789,51.15321816],[-123.05925307,51.13935262],[-123.07596754,51.13977953],[-123.07036213,51.13449077],[-123.07077905,51.13099153],[-123.08226945,51.12985971],[-123.10468686,51.14016079],[-123.13857439,51.1336602],[-123.14047629,51.12777188],[-123.14754689,51.1261579],[-123.15551138,51.11728107],[-123.15601549,51.11426792],[-123.14956709,51.1110976],[-123.15551144,51.10744582],[-123.15469496,51.09735059],[-123.16288206,51.08729039],[-123.18013818,51.07765704],[-123.1807071,51.07147391],[-123.20670053,51.07215117],[-123.21110645,51.06680105],[-123.23868584,51.05561499],[-123.23793653,51.05073813],[-123.25135094,51.04229323],[-123.25616395,51.03524178],[-123.25284264,51.03068069],[-123.25825888,51.02638846],[-123.25414822,51.02271063],[-123.25482634,51.01330313],[-123.24306703,51.00280651],[-123.24641156,50.99935132],[-123.29987504,50.9951841],[-123.29894063,50.98655863],[-123.31475778,50.98009158],[-123.3233332,50.98192049],[-123.32558731,50.99032663],[-123.3326748,50.99601693],[-123.36045521,50.98996679],[-123.37716518,51.00018673],[-123.38521533,51.01021905],[-123.39823193,51.01203568],[-123.41867335,51.00844505],[-123.42282871,50.9880571],[-123.43008375,50.98204521],[-123.44215732,50.98880601],[-123.45846458,50.97606138],[-123.4611474,50.96442014],[-123.47141205,50.95969737],[-123.48665344,50.96502428],[-123.50977461,50.95539269],[-123.51760271,50.93816234],[-123.53508593,50.93324515],[-123.54206546,50.92791204],[-123.57743085,50.93119772],[-123.58346772,50.92926184],[-123.59743915,50.91756082],[-123.61221333,50.89483533],[-123.62359422,50.89373213],[-123.64141187,50.9007172],[-123.66298768,50.90098702],[-123.66745997,50.88691024],[-123.66414901,50.88279671],[-123.66597751,50.87976907],[-123.67873625,50.87309446],[-123.70125159,50.84968346],[-123.70918713,50.84678925],[-123.71838838,50.84787511],[-123.72519522,50.83894371],[-123.72385774,50.83135279],[-123.73339354,50.82749707],[-123.7284277,50.82396719],[-123.72669823,50.80590856],[-123.7188679,50.79697256],[-123.71982619,50.79339034],[-123.69832444,50.78965306],[-123.69711496,50.79615445],[-123.68694444,50.79971432],[-123.67425229,50.79589649],[-123.66089349,50.79787968],[-123.65360468,50.79531247],[-123.649916,50.79005826],[-123.64038622,50.79222442],[-123.61961964,50.78886987],[-123.61628071,50.78673237],[-123.6170333,50.77795996],[-123.60428298,50.77432021],[-123.55912797,50.79362694],[-123.52611085,50.79294415],[-123.52434759,50.78826108],[-123.50937904,50.7793521],[-123.49420695,50.77843733],[-123.47859425,50.79305127],[-123.47126756,50.79159392],[-123.45908204,50.79792899],[-123.42858401,50.79086156],[-123.4217153,50.78373244],[-123.41252225,50.78191241],[-123.41155443,50.77488635],[-123.40521568,50.7735238],[-123.39431854,50.78783494],[-123.38603239,50.79240838],[-123.36740284,50.79580295],[-123.3674232,50.78352894],[-123.35811648,50.7701887],[-123.36204787,50.7537255],[-123.33812521,50.74724491],[-123.31803106,50.72407655],[-123.31010183,50.72240715],[-123.29183434,50.73066105],[-123.26575196,50.73067374],[-123.25871944,50.72232193],[-123.25131281,50.71936501],[-123.23637229,50.72097093],[-123.22248969,50.70968478],[-123.21820605,50.70010609],[-123.20868142,50.6933834],[-123.21002838,50.68830427],[-123.20018148,50.68379701],[-123.20371488,50.67410987],[-123.1897067,50.66414132],[-123.19114258,50.65887791],[-123.18862147,50.65466432],[-123.17640884,50.64950373],[-123.17635272,50.6383162],[-123.18213372,50.62692233],[-123.1773354,50.62549048],[-123.16792937,50.6317726],[-123.15657685,50.63241786],[-123.14765046,50.63099055],[-123.14974764,50.62813747],[-123.14709321,50.62460646],[-123.13154573,50.61601883],[-123.11800392,50.6216447],[-123.11353458,50.6204169],[-123.09818865,50.60983752],[-123.10067731,50.60385476],[-123.09877156,50.5975973],[-123.06705698,50.58276259],[-123.05924456,50.58197531],[-123.05337663,50.57687019],[-123.04138812,50.5780081],[-123.04104087,50.58887815],[-123.03382974,50.58922904],[-123.04125653,50.59535552],[-123.04010818,50.60197753],[-123.03610959,50.60305632],[-123.02204625,50.59647683],[-123.00240155,50.60131244],[-123.00418658,50.58996693],[-122.99979417,50.57614504],[-122.98555895,50.57275352],[-122.98325885,50.56912919],[-122.97100076,50.5709609],[-122.95192861,50.54892178],[-122.94266894,50.55017658],[-122.94632825,50.55992658],[-122.94131111,50.5638184],[-122.9450061,50.56956657],[-122.94196353,50.57564434],[-122.9474874,50.58459544],[-122.9380797,50.59500494],[-122.92531329,50.60064507],[-122.90531322,50.60320321],[-122.89890423,50.61320109],[-122.86466408,50.61612228],[-122.85807613,50.62097954],[-122.85708716,50.62586192],[-122.83848521,50.63286976],[-122.84391224,50.63789571],[-122.83884479,50.64358116],[-122.827074,50.64852831],[-122.79901392,50.64436489],[-122.7721229,50.6538297],[-122.7654552,50.65994169],[-122.74161259,50.65069925],[-122.72974066,50.65629331],[-122.71665626,50.65377115],[-122.71344845,50.65100239],[-122.71362358,50.64539102],[-122.70672657,50.64217252],[-122.68957592,50.64527093],[-122.67823346,50.64260358],[-122.66764784,50.65058352],[-122.63611727,50.65079563],[-122.62756987,50.65655089],[-122.62284752,50.64559125],[-122.62902762,50.63852475],[-122.60958345,50.63479195],[-122.60329287,50.62963584],[-122.60311163,50.62428416]]]}},{"type":"Feature","properties":{"name":"Atlin"},"geometry":{"type":"Polygon","coordinates":[[[-127.3208464,57.57968249],[-127.30986539,57.57801799],[-127.29283174,57.58067169],[-127.28569146,57.57609148],[-127.27800822,57.58176455],[-127.26581718,57.57950374],[-127.25499577,57.58707465],[-127.23606708,57.58716902],[-127.21969403,57.59398377],[-127.20633603,57.59317239],[-127.18740079,57.6037459],[-127.17130004,57.60165377],[-127.17043412,57.59598113],[-127.16443387,57.59412464],[-127.16038707,57.58410152],[-127.15206427,57.58043952],[-127.15227716,57.5752228],[-127.14209205,57.57259342],[-127.13778047,57.56790356],[-127.14517739,57.55748517],[-127.14227052,57.55538454],[-127.1433995,57.5515649],[-127.1360221,57.54570641],[-127.14343751,57.54231129],[-127.14350643,57.53887423],[-127.14861722,57.53548644],[-127.13444613,57.5316479],[-127.13453743,57.5278138],[-127.13070268,57.52669527],[-127.10765161,57.5240173],[-127.10084469,57.51869157],[-127.07176086,57.52261751],[-127.07116189,57.5174146],[-127.06433976,57.51176655],[-127.03556739,57.50674762],[-127.03093782,57.50823801],[-127.03327929,57.51352267],[-127.02993067,57.51865455],[-127.01660708,57.52569558],[-127.00356296,57.54037608],[-126.98468909,57.53236077],[-126.97740771,57.5373704],[-126.97623291,57.54162378],[-126.95817054,57.53533647],[-126.93306171,57.53639765],[-126.92488113,57.54190849],[-126.91301477,57.54218845],[-126.88424657,57.55925313],[-126.87021955,57.55527768],[-126.83405056,57.56049801],[-126.82554121,57.56894891],[-126.78786948,57.57130923],[-126.77378195,57.58048955],[-126.77524791,57.58629753],[-126.79171871,57.59139646],[-126.79262265,57.59740053],[-126.81148394,57.60876363],[-126.8526256,57.61555703],[-126.86004468,57.62395618],[-126.85847511,57.62683334],[-126.88739761,57.63129776],[-126.88194859,57.63862222],[-126.86773151,57.64134105],[-126.84573038,57.65419053],[-126.84451587,57.65781767],[-126.84849953,57.6644872],[-126.84225354,57.68357403],[-126.86095382,57.68748143],[-126.8790699,57.69763796],[-126.93529811,57.69994071],[-126.93417727,57.70528832],[-126.94702345,57.71703386],[-126.95022148,57.7250633],[-126.95173232,57.73356348],[-126.9487317,57.73950574],[-126.95361242,57.74809178],[-126.95151103,57.75113681],[-126.97297928,57.75430934],[-126.97819734,57.76118542],[-126.9744264,57.77272315],[-126.9621321,57.77786026],[-126.95757149,57.78564663],[-126.9448658,57.79490297],[-126.89767445,57.79494211],[-126.86321672,57.80133379],[-126.86076833,57.8068659],[-126.87462649,57.81686034],[-126.87641241,57.82128384],[-126.86664092,57.82755169],[-126.87062893,57.83173104],[-126.86621491,57.83458031],[-126.8830157,57.84302312],[-126.89517122,57.84537766],[-126.88172374,57.85344226],[-126.87563542,57.86117131],[-126.88118745,57.86515404],[-126.87950891,57.8680597],[-126.90177776,57.88229388],[-126.89604296,57.88691062],[-126.90132724,57.89082604],[-126.92732492,57.89224119],[-126.94927696,57.8833027],[-126.96705503,57.88078925],[-126.97250517,57.87123572],[-126.98231474,57.86528808],[-126.98258461,57.8566853],[-127.00283754,57.848382],[-126.99384005,57.84085036],[-127.00321398,57.83031323],[-127.00122933,57.82536682],[-127.00837333,57.82199552],[-127.01569735,57.82343915],[-127.03840941,57.81483245],[-127.07000532,57.81137326],[-127.09286579,57.81360733],[-127.10093279,57.80730647],[-127.11849364,57.80314941],[-127.17853964,57.80635917],[-127.19900877,57.81422274],[-127.22132208,57.81212304],[-127.2267872,57.81779576],[-127.26190537,57.8227661],[-127.2632315,57.82847107],[-127.24927587,57.83812481],[-127.2584525,57.85186139],[-127.28829357,57.84881999],[-127.29446999,57.85152805],[-127.29651251,57.85509494],[-127.28423848,57.860786],[-127.28762693,57.87327462],[-127.27718078,57.87649219],[-127.27551754,57.88459935],[-127.2664023,57.88765526],[-127.26713238,57.89320812],[-127.27667297,57.89976143],[-127.27283903,57.90693278],[-127.25701994,57.91443192],[-127.26363859,57.91965221],[-127.26069995,57.9253522],[-127.2626022,57.93138436],[-127.27678118,57.93898537],[-127.30996759,57.94532725],[-127.31852201,57.93317927],[-127.35368966,57.93379583],[-127.35627613,57.9305862],[-127.3520138,57.92445806],[-127.35819774,57.92011936],[-127.35686086,57.91662441],[-127.3649254,57.91213053],[-127.40068187,57.90978294],[-127.4116357,57.91320281],[-127.43460311,57.90349944],[-127.4618599,57.89676347],[-127.47474494,57.90751966],[-127.47490823,57.91418744],[-127.5059625,57.92718839],[-127.50089146,57.93346109],[-127.50368592,57.93729507],[-127.49147528,57.94440834],[-127.55636294,57.96002982],[-127.5624677,57.96353019],[-127.55877686,57.96538394],[-127.55797884,57.97175382],[-127.58227171,57.9781359],[-127.58974205,57.98474098],[-127.57359408,57.99548424],[-127.57134489,58.00214637],[-127.55954949,58.00468989],[-127.54592996,58.00210991],[-127.52491417,58.00660107],[-127.52250418,58.01411903],[-127.48602949,58.03352139],[-127.48603181,58.04143489],[-127.47636302,58.04921555],[-127.4788596,58.05740114],[-127.47536822,58.06215607],[-127.46848592,58.06410312],[-127.47027628,58.07213744],[-127.46228268,58.07268729],[-127.45913256,58.0761154],[-127.44324693,58.07641452],[-127.44454995,58.08378697],[-127.44026723,58.08589855],[-127.43951105,58.09152066],[-127.42789572,58.09287808],[-127.40168731,58.10396466],[-127.40726145,58.11131976],[-127.42498697,58.11890722],[-127.4490302,58.12049703],[-127.45915461,58.12740375],[-127.46033807,58.13221414],[-127.47570998,58.13497849],[-127.47874434,58.14026879],[-127.48760586,58.14513658],[-127.50793556,58.13778921],[-127.53275861,58.14430342],[-127.54477005,58.14099807],[-127.53907768,58.14735464],[-127.55102263,58.14729994],[-127.55033641,58.1586178],[-127.56667154,58.16322455],[-127.59483582,58.15360644],[-127.6166145,58.15515536],[-127.62946477,58.14902486],[-127.65327933,58.15284547],[-127.66350377,58.15795672],[-127.66376054,58.16427414],[-127.68163612,58.16764063],[-127.68732836,58.17885286],[-127.68121351,58.18430003],[-127.6892801,58.18607035],[-127.68298924,58.1923749],[-127.67026673,58.19720078],[-127.6780079,58.20083861],[-127.673282,58.20567676],[-127.65230064,58.20907531],[-127.65048897,58.21239777],[-127.67084363,58.21978995],[-127.67142021,58.23290077],[-127.68209803,58.23840972],[-127.68507979,58.2456811],[-127.67756137,58.25207067],[-127.67926598,58.25524988],[-127.70008288,58.26358534],[-127.71706729,58.2657418],[-127.71513722,58.27448504],[-127.70508668,58.27857326],[-127.69697214,58.29177025],[-127.67535777,58.30443763],[-127.63919534,58.29957376],[-127.59148722,58.29852391],[-127.58612182,58.30084406],[-127.61780821,58.31605359],[-127.61145512,58.32387451],[-127.638725,58.33137092],[-127.63894944,58.33484279],[-127.62805646,58.33958418],[-127.62914346,58.3498524],[-127.64070518,58.34916887],[-127.64989676,58.35770068],[-127.66294989,58.35509015],[-127.6779806,58.35852441],[-127.67116437,58.36388748],[-127.69999834,58.3687098],[-127.70584846,58.36725088],[-127.70925247,58.36344112],[-127.70585085,58.35689492],[-127.71115478,58.35052796],[-127.73680663,58.3437832],[-127.74849383,58.34986323],[-127.75953572,58.34980811],[-127.76429073,58.35704686],[-127.77321846,58.35546159],[-127.77992969,58.35957524],[-127.79036322,58.35873775],[-127.79492144,58.36161886],[-127.78973837,58.36766004],[-127.79084854,58.37544595],[-127.78439227,58.38064637],[-127.78455867,58.38885237],[-127.8034719,58.38965466],[-127.80621838,58.39695524],[-127.80427511,58.40205582],[-127.81580635,58.40797129],[-127.81452272,58.41302616],[-127.82571562,58.41267648],[-127.83524277,58.40728395],[-127.84880847,58.40912812],[-127.84770755,58.40456578],[-127.85554155,58.39815784],[-127.88162457,58.39869103],[-127.88691816,58.39482086],[-127.89978172,58.40051193],[-127.91686481,58.41893067],[-127.93939828,58.41669138],[-127.94960262,58.42006232],[-127.95347058,58.42644412],[-127.96888868,58.42280415],[-127.98422441,58.42608636],[-128.0016827,58.43142227],[-128.01526897,58.44112015],[-128.02931474,58.4345974],[-128.04256758,58.4344671],[-128.05300595,58.429806],[-128.08019454,58.43296628],[-128.09333482,58.42606675],[-128.09508597,58.41653341],[-128.10531361,58.41162113],[-128.1023336,58.40566065],[-128.11566302,58.4044621],[-128.13531394,58.39728777],[-128.14981328,58.40227183],[-128.14713679,58.4083709],[-128.14995838,58.41094949],[-128.16502314,58.41311768],[-128.16387788,58.41698328],[-128.16838285,58.42620075],[-128.20508592,58.42832953],[-128.22549359,58.42525632],[-128.23472521,58.41877302],[-128.25890663,58.41766414],[-128.26422545,58.42025032],[-128.31025763,58.39842064],[-128.30956003,58.39428882],[-128.30007292,58.39261208],[-128.29699147,58.38617007],[-128.28900321,58.38144604],[-128.2914143,58.37727377],[-128.27900318,58.36724031],[-128.27211154,58.36612296],[-128.27377416,58.36239928],[-128.27010332,58.35575928],[-128.29881159,58.34622533],[-128.29949214,58.33230599],[-128.31512544,58.32843791],[-128.31484234,58.3179849],[-128.32574353,58.30724595],[-128.32240908,58.30269324],[-128.32143667,58.29028016],[-128.31039874,58.28455458],[-128.31055674,58.27902236],[-128.30735574,58.27467712],[-128.30222156,58.27384471],[-128.30070952,58.26941767],[-128.31313566,58.26312157],[-128.29937092,58.25909015],[-128.30113266,58.25381466],[-128.30653166,58.25122345],[-128.3033393,58.24479936],[-128.30987909,58.23906913],[-128.29859336,58.23483585],[-128.2871915,58.22295318],[-128.29748774,58.20482205],[-128.37331949,58.17763576],[-128.40946811,58.18024155],[-128.4198102,58.15499612],[-128.42912287,58.14831879],[-128.43630914,58.15463878],[-128.44086683,58.15429656],[-128.45296259,58.16583424],[-128.46274409,58.16781669],[-128.48206773,58.16374605],[-128.4982927,58.15437067],[-128.49464861,58.14476875],[-128.50090931,58.14378324],[-128.50767494,58.13685256],[-128.53008729,58.13087383],[-128.53646951,58.13299461],[-128.53573248,58.13940089],[-128.55315312,58.14130364],[-128.55046067,58.15200939],[-128.5525396,58.15520478],[-128.57094446,58.15731115],[-128.5756565,58.1677284],[-128.58454201,58.17502884],[-128.58620226,58.18612223],[-128.58153102,58.19435628],[-128.59444543,58.20176742],[-128.59602328,58.20687489],[-128.59336731,58.21053982],[-128.60625113,58.21707846],[-128.61023841,58.22562364],[-128.62069169,58.23108579],[-128.64109782,58.23344418],[-128.64153535,58.23835834],[-128.63709238,58.24099069],[-128.64373974,58.24967952],[-128.6437796,58.2562811],[-128.65131431,58.26099152],[-128.67391263,58.26305622],[-128.6793204,58.26725965],[-128.69606784,58.27108318],[-128.7135291,58.27299065],[-128.72037388,58.26431617],[-128.75569738,58.25800507],[-128.76022635,58.25049981],[-128.78524679,58.25618644],[-128.78946172,58.24725734],[-128.81967137,58.24905497],[-128.83352702,58.25300968],[-128.84445997,58.26083123],[-128.88081858,58.26445789],[-128.88205966,58.25300775],[-128.87781654,58.24975727],[-128.87784369,58.2453194],[-128.89273173,58.23710735],[-128.90967509,58.23700169],[-128.90460721,58.23320859],[-128.90426235,58.22350167],[-128.90938363,58.21452191],[-128.90347195,58.20664464],[-128.90402638,58.20345635],[-128.91159988,58.20147667],[-128.91654747,58.20338118],[-128.91892592,58.20978649],[-128.93646278,58.20847749],[-128.94162559,58.21270509],[-128.94930438,58.21110046],[-128.96525631,58.21426884],[-128.98256402,58.22383797],[-128.98163203,58.22803226],[-128.99950337,58.22706028],[-129.01993381,58.2307646],[-129.0249486,58.23478273],[-129.02457463,58.23844614],[-129.06603779,58.24912217],[-129.07206615,58.24038954],[-129.08922712,58.24204061],[-129.09471298,58.23718224],[-129.11394235,58.23903173],[-129.13902568,58.24635999],[-129.14845074,58.24492314],[-129.15580573,58.24954112],[-129.16038369,58.25784134],[-129.18225084,58.25540241],[-129.21444615,58.2708435],[-129.22276145,58.27953676],[-129.21207242,58.28615601],[-129.21533018,58.29451474],[-129.21969842,58.29434842],[-129.2253314,58.28614172],[-129.2378878,58.28263563],[-129.26586153,58.29362121],[-129.28906174,58.2904173],[-129.30035096,58.29503752],[-129.31154403,58.29386598],[-129.32969358,58.30993969],[-129.379171,58.32260449],[-129.40589434,58.31777333],[-129.42359179,58.30949819],[-129.43238075,58.30988857],[-129.43349778,58.30522768],[-129.44470769,58.30106791],[-129.45555556,58.28144576],[-129.47553747,58.27545226],[-129.48593161,58.26430307],[-129.4958649,58.25956871],[-129.5321979,58.25178622],[-129.5420375,58.24529619],[-129.5563914,58.24804279],[-129.55482067,58.25383789],[-129.58902688,58.25621926],[-129.5959086,58.26062621],[-129.60541303,58.26075219],[-129.61471493,58.27589107],[-129.63013801,58.27822525],[-129.6307327,58.28362393],[-129.63434799,58.28526297],[-129.63161598,58.29066625],[-129.60200301,58.29780469],[-129.61178816,58.30205596],[-129.6095255,58.30523306],[-129.61159987,58.31030236],[-129.60369724,58.31629434],[-129.58081842,58.31899161],[-129.58486106,58.32553001],[-129.57628656,58.33576675],[-129.57497417,58.34249949],[-129.55908299,58.34724361],[-129.54772184,58.34500239],[-129.54887688,58.35798565],[-129.53368289,58.37671746],[-129.52263603,58.38135227],[-129.52838717,58.38493048],[-129.5293754,58.39289688],[-129.52340024,58.39566641],[-129.5206844,58.4141118],[-129.53602449,58.42179958],[-129.5253242,58.42663554],[-129.49033295,58.42857245],[-129.48000847,58.43210517],[-129.47300255,58.41838847],[-129.46314502,58.42019797],[-129.45137165,58.41703287],[-129.45376406,58.4119274],[-129.44488726,58.40437257],[-129.43913204,58.38875825],[-129.41667916,58.38989113],[-129.41352513,58.38577416],[-129.40099383,58.3816628],[-129.3867456,58.38488513],[-129.37091441,58.38287034],[-129.34551973,58.38966468],[-129.32507175,58.38965855],[-129.28329987,58.39634407],[-129.25860049,58.40495351],[-129.24543353,58.41806522],[-129.24738547,58.43208749],[-129.25600478,58.43888697],[-129.25463277,58.44553196],[-129.24641456,58.45001202],[-129.23194021,58.44989883],[-129.22413989,58.44263786],[-129.21465672,58.4457476],[-129.21442582,58.45296022],[-129.16893077,58.45161752],[-129.17292918,58.46106253],[-129.1615293,58.47342332],[-129.16007757,58.47911987],[-129.13349358,58.47468551],[-129.13536001,58.48264002],[-129.13149973,58.4865555],[-129.13291503,58.48865472],[-129.12791536,58.48992419],[-129.12504678,58.49842771],[-129.11692185,58.50248514],[-129.12796934,58.50689957],[-129.12860496,58.51489197],[-129.13363518,58.51840725],[-129.13121595,58.53551922],[-129.15545104,58.53788699],[-129.15523113,58.55107634],[-129.14967349,58.55541072],[-129.15449483,58.5594753],[-129.12322054,58.56594675],[-129.12613814,58.57031127],[-129.12014403,58.57604416],[-129.10175394,58.57828094],[-129.09863722,58.59043017],[-129.07550509,58.60244878],[-129.04056894,58.60875424],[-129.03273474,58.61344028],[-129.01533403,58.61227143],[-128.99908476,58.61764565],[-129.00880066,58.62576945],[-129.02742836,58.63048331],[-129.02444245,58.63589414],[-129.03287692,58.63938623],[-129.03513237,58.64918408],[-129.00171804,58.65210245],[-128.98932089,58.65769231],[-128.98914673,58.66515592],[-128.95777697,58.67965713],[-128.91742955,58.67613623],[-128.91322981,58.68207052],[-128.8993452,58.68495607],[-128.8812934,58.6978733],[-128.88749313,58.70530701],[-128.90389843,58.71016582],[-128.89990909,58.71693011],[-128.91403604,58.73153577],[-128.89058255,58.73779437],[-128.88527231,58.74211918],[-128.87233728,58.73551376],[-128.85799045,58.73727658],[-128.84609486,58.74569158],[-128.8454299,58.7510174],[-128.83549457,58.75074399],[-128.81660894,58.74083401],[-128.80394217,58.7489162],[-128.79027156,58.74947479],[-128.79290094,58.75618527],[-128.78840085,58.76044904],[-128.7992814,58.7688732],[-128.79598176,58.77500684],[-128.76903323,58.77406679],[-128.75806689,58.77040442],[-128.73545802,58.77265371],[-128.72666272,58.76761395],[-128.70495268,58.76805051],[-128.69565741,58.76386925],[-128.65669522,58.76147076],[-128.64471121,58.77182158],[-128.64352132,58.78481011],[-128.63850182,58.78915629],[-128.63901369,58.79297394],[-128.62848917,58.79991474],[-128.62622284,58.80771365],[-128.61636718,58.81332282],[-128.60226628,58.81563414],[-128.60155104,58.81987988],[-128.5889943,58.82887189],[-128.57540751,58.83138291],[-128.57139923,58.8376208],[-128.57479983,58.84009794],[-128.57036347,58.84524742],[-128.57171949,58.84740255],[-128.55341085,58.85445487],[-128.55238183,58.85697503],[-128.55762456,58.86247189],[-128.55151251,58.87240357],[-128.55631495,58.87789763],[-128.55516237,58.88546489],[-128.54247877,58.88926554],[-128.54465359,58.89626856],[-128.53280094,58.90362796],[-128.51867784,58.90207008],[-128.522989,58.91139359],[-128.51907817,58.91419266],[-128.47337827,58.93020235],[-128.47796401,58.94118883],[-128.4822285,58.94416092],[-128.48128009,58.95121639],[-128.47765764,58.95374839],[-128.47988308,58.95835646],[-128.4918384,58.96393153],[-128.50811087,58.96566347],[-128.50749153,58.97767888],[-128.48660938,58.98319503],[-128.488709,58.98774819],[-128.48554321,58.99171947],[-128.48631049,58.99979272],[-128.47919834,59.00871798],[-128.45678444,59.0143257],[-128.45112317,59.02387975],[-128.4464064,59.02613057],[-128.44567272,59.03511548],[-128.44156909,59.04011846],[-128.42582258,59.03283536],[-128.42617308,59.02882199],[-128.418228,59.02385744],[-128.40111259,59.02771155],[-128.40093909,59.03234085],[-128.42115661,59.04799605],[-128.42271743,59.05257022],[-128.41906636,59.0579062],[-128.42974452,59.07112855],[-128.42282484,59.07598319],[-128.41612541,59.0744988],[-128.41756244,59.07956538],[-128.43439045,59.09066219],[-128.43611197,59.09907611],[-128.44690083,59.10662307],[-128.45230707,59.11516804],[-128.45529656,59.1155889],[-128.45425122,59.10694593],[-128.47581337,59.09849849],[-128.48562151,59.09006429],[-128.5112247,59.09062545],[-128.52950028,59.10203894],[-128.53069582,59.10834784],[-128.52753263,59.11538559],[-128.5166406,59.12517937],[-128.49528746,59.12847534],[-128.48711855,59.13471174],[-128.49333014,59.13638735],[-128.49404158,59.13944729],[-128.50370724,59.1404011],[-128.51081919,59.1462463],[-128.50590916,59.15416658],[-128.50950069,59.16051112],[-128.51581344,59.16374527],[-128.51215993,59.16951972],[-128.51854092,59.17619318],[-128.52966679,59.17912619],[-128.53276735,59.18504115],[-128.54333543,59.18412794],[-128.54657563,59.18772117],[-128.56242771,59.18442564],[-128.5665823,59.18713363],[-128.56691261,59.19169231],[-128.57093348,59.19196572],[-128.57315902,59.20595502],[-128.55763712,59.20940186],[-128.53100337,59.23197488],[-128.55525842,59.24589826],[-128.55782748,59.25084192],[-128.57562655,59.25290833],[-128.58119066,59.26035099],[-128.59357766,59.26129106],[-128.59658568,59.26761327],[-128.6045775,59.27007639],[-128.65988055,59.27074642],[-128.66685487,59.27940585],[-128.68237413,59.26971481],[-128.70919172,59.26877563],[-128.7331379,59.26202378],[-128.74728381,59.26730569],[-128.75586876,59.27464151],[-128.75229088,59.2805438],[-128.76182565,59.28897141],[-128.79553064,59.30208549],[-128.79697376,59.30498873],[-128.78798891,59.31372625],[-128.79121994,59.31821267],[-128.79974654,59.31988747],[-128.79931881,59.32571519],[-128.80746577,59.33516964],[-128.80479179,59.34110615],[-128.81747097,59.34531352],[-128.8173296,59.36132958],[-128.82849631,59.36565253],[-128.82295166,59.37192619],[-128.83716084,59.37694217],[-128.83944093,59.38233835],[-128.85467979,59.385458],[-128.85476114,59.39271907],[-128.86194558,59.39771915],[-128.85922465,59.40150583],[-128.86160622,59.41126578],[-128.85583355,59.4178597],[-128.86650644,59.42536001],[-128.86921217,59.43899384],[-128.85955991,59.44223022],[-128.80401921,59.44471321],[-128.80133948,59.44955186],[-128.78567158,59.45336222],[-128.77805097,59.45833005],[-128.77784523,59.46188485],[-128.76811183,59.46626914],[-128.75037104,59.46883126],[-128.73870584,59.47591843],[-128.71029702,59.47998469],[-128.69629856,59.48643671],[-128.67299364,59.49145867],[-128.67980609,59.4967449],[-128.65785896,59.50789804],[-128.65741454,59.5139317],[-128.65412096,59.51633867],[-128.66002271,59.52378957],[-128.65240338,59.53018114],[-128.65082569,59.53594644],[-128.65877291,59.54002927],[-128.65086804,59.5427674],[-128.57346109,59.5312362],[-128.56397565,59.53428984],[-128.55896349,59.53924334],[-128.55878863,59.54397942],[-128.55197981,59.54846866],[-128.5437146,59.54848756],[-128.54262717,59.55278934],[-128.5260906,59.55349145],[-128.49926664,59.54070739],[-128.48047492,59.53651525],[-128.46557029,59.54242767],[-128.45883179,59.55026132],[-128.45202539,59.55264451],[-128.45225732,59.55832575],[-128.46118131,59.56634123],[-128.46190623,59.57071257],[-128.43872274,59.56358351],[-128.43012511,59.56646379],[-128.40187539,59.56584374],[-128.41137325,59.57014992],[-128.4116306,59.57549681],[-128.39676095,59.5802146],[-128.37784995,59.57910199],[-128.36680904,59.5961386],[-128.37742405,59.59856018],[-128.40145181,59.61631128],[-128.42255704,59.6137217],[-128.4329323,59.61749884],[-128.40347245,59.63057264],[-128.38932691,59.62697833],[-128.38519111,59.63031682],[-128.34445235,59.62795064],[-128.33491143,59.63075762],[-128.27547148,59.62053616],[-128.27027965,59.63112938],[-128.26132598,59.63176326],[-128.25320283,59.62568531],[-128.2421927,59.62808895],[-128.21278835,59.61807501],[-128.20026977,59.61850856],[-128.19884283,59.62195805],[-128.18344962,59.61668609],[-128.16427229,59.62575702],[-128.15811671,59.62353239],[-128.16154242,59.62035825],[-128.1594445,59.61827306],[-128.14687218,59.61870264],[-128.14555747,59.62322946],[-128.13241828,59.63008045],[-128.0919831,59.62470969],[-128.08392679,59.61079515],[-128.11383609,59.60860753],[-128.10432114,59.59547689],[-128.08390831,59.58673926],[-128.0823005,59.58061762],[-128.07520314,59.57756038],[-128.03539992,59.56830592],[-128.02757565,59.56891282],[-128.01932761,59.57413929],[-128.00521148,59.57514429],[-127.9921052,59.58344046],[-127.9824542,59.58199621],[-127.97780644,59.57282686],[-127.96452194,59.58477863],[-127.94479418,59.5792558],[-127.93078568,59.57957587],[-127.94592625,59.5925271],[-127.94087778,59.59809881],[-127.95235182,59.60222159],[-127.92929795,59.60222273],[-127.92183821,59.60756743],[-127.91168436,59.60289884],[-127.89842214,59.60182886],[-127.90134099,59.61051757],[-127.88135174,59.61303159],[-127.8696867,59.60705005],[-127.84525234,59.61143237],[-127.83216724,59.60454116],[-127.81087577,59.60513703],[-127.79845665,59.60016039],[-127.79002459,59.61039845],[-127.77953338,59.61220512],[-127.76936182,59.62188515],[-127.74719771,59.62495389],[-127.74691973,59.63492279],[-127.74187668,59.63713156],[-127.74812902,59.63882209],[-127.75015271,59.64417419],[-127.74253353,59.6450749],[-127.73557681,59.65120506],[-127.74270618,59.65580882],[-127.74523451,59.6664235],[-127.75425747,59.67441629],[-127.77976401,59.67708665],[-127.78485942,59.68146152],[-127.77986985,59.68582029],[-127.7924526,59.69402536],[-127.7913771,59.70111895],[-127.78531677,59.70435474],[-127.79756531,59.71239417],[-127.79635252,59.71613706],[-127.79960543,59.71930394],[-127.79731091,59.73488289],[-127.80197853,59.74528859],[-127.80789229,59.74755617],[-127.80361036,59.75144029],[-127.81832213,59.75893187],[-127.79844304,59.76980066],[-127.81577797,59.77565505],[-127.80484713,59.78032075],[-127.80862446,59.79377135],[-127.81372892,59.79636893],[-127.77730762,59.79985354],[-127.75475675,59.80835667],[-127.75405038,59.81969208],[-127.76122693,59.82872951],[-127.7441254,59.83432535],[-127.71833102,59.84852615],[-127.72128885,59.85329677],[-127.71554889,59.85715047],[-127.72272509,59.86045193],[-127.70571271,59.86018766],[-127.69295738,59.85431263],[-127.69339101,59.8470166],[-127.69055494,59.84638153],[-127.6660976,59.85316897],[-127.67182779,59.86403413],[-127.66511806,59.86621775],[-127.67618413,59.86813098],[-127.68602773,59.87799941],[-127.68396354,59.88101113],[-127.67469777,59.88129879],[-127.67131349,59.88602037],[-127.67755015,59.89162722],[-127.67804968,59.89595488],[-127.70442652,59.89582005],[-127.7095608,59.90001699],[-127.71599689,59.89530538],[-127.72491587,59.89609484],[-127.74354262,59.90840115],[-127.73797846,59.91522306],[-127.73876672,59.9182252],[-127.7544137,59.92550457],[-127.77980833,59.92452537],[-127.78088836,59.9273549],[-127.79523836,59.93252102],[-127.81255193,59.93250097],[-127.7971934,59.94468168],[-127.79469555,59.95107664],[-127.79770595,59.95753735],[-127.78623871,59.96723013],[-127.76339979,59.97266444],[-127.75259914,59.98254876],[-127.73424018,59.98088052],[-127.73076776,59.98688155],[-127.73165702,59.99980786],[-139.06159564,59.99951643],[-139.05383708,59.99475357],[-138.79822767,59.92441039],[-138.70675956,59.90575764],[-138.67477378,59.8312926],[-138.6590169,59.76838606],[-138.09855851,59.49955993],[-137.60744468,59.24405741],[-137.54137891,59.10480643],[-137.50065074,58.98563166],[-137.52655217,58.90609752],[-137.45127569,58.9081822],[-137.28130226,59.00019113],[-136.97252781,59.10013984],[-136.87632635,59.13618306],[-136.82832193,59.16002573],[-136.58331428,59.1666481],[-136.48963144,59.2593281],[-136.49546615,59.27500433],[-136.46906885,59.28503494],[-136.47718998,59.37677035],[-136.47685472,59.46576443],[-136.3685468,59.44894297],[-136.35213424,59.45258915],[-136.30483257,59.46443973],[-136.2378685,59.52468671],[-136.23931705,59.55932719],[-136.35329391,59.59985058],[-136.19229685,59.63980962],[-135.95050908,59.66247321],[-135.47939024,59.79818735],[-135.35959792,59.73750364],[-135.25231808,59.69814789],[-135.23314389,59.69884616],[-135.21913277,59.66252697],[-135.15819521,59.62628211],[-135.11724985,59.62297644],[-135.02853264,59.5636675],[-135.02715905,59.47472117],[-135.07441712,59.45260377],[-135.10048007,59.42756203],[-134.98972821,59.38698438],[-135.03011379,59.34636015],[-134.95985129,59.28106519],[-134.70024088,59.24902493],[-134.6783553,59.19219276],[-134.67166403,59.18849331],[-134.56475483,59.13106316],[-134.48358791,59.13148901],[-134.4464774,59.08861276],[-134.38157647,59.03837211],[-134.40669551,58.97904313],[-134.31336167,58.96187061],[-134.33627469,58.92310634],[-134.25734156,58.86060201],[-133.97278629,58.76708884],[-133.83982351,58.72863744],[-133.7063182,58.61140163],[-133.55830461,58.52343716],[-133.37908349,58.43177408],[-133.37758142,58.43029499],[-133.46125106,58.38758402],[-133.34647765,58.27740921],[-133.26927792,58.22687964],[-133.17179397,58.15357141],[-133.0697629,58.0002188],[-133.04505636,57.97655432],[-133.03535289,57.97361007],[-132.87005297,57.84052638],[-132.75119988,57.6963633],[-132.65967503,57.61572592],[-132.55703338,57.499738],[-132.37001101,57.34959182],[-132.247566,57.21133742],[-132.36834976,57.09135626],[-132.04535907,57.04484831],[-132.12361257,56.87362108],[-131.87278828,56.80502222],[-131.90070286,56.75314864],[-131.86018828,56.70304864],[-131.83489511,56.60021505],[-131.58024734,56.61161272],[-131.47184781,56.55266112],[-131.17460726,56.44991507],[-131.08677341,56.4059134],[-130.81472574,56.37127452],[-130.82620731,56.38659893],[-130.85589764,56.4064893],[-130.85557194,56.41494531],[-130.85017813,56.42259629],[-130.86571282,56.44243509],[-130.86631236,56.45026335],[-130.86143396,56.45553053],[-130.85263654,56.45865414],[-130.82422123,56.45608637],[-130.77557185,56.47590477],[-130.77669219,56.48844718],[-130.77172781,56.49221583],[-130.7737957,56.49785276],[-130.76426091,56.50174384],[-130.76758735,56.50965384],[-130.75468043,56.5156914],[-130.75377241,56.52168921],[-130.73880599,56.53032855],[-130.73630028,56.53704418],[-130.72943297,56.53288137],[-130.71649334,56.53349075],[-130.69945264,56.52960869],[-130.69514139,56.526991],[-130.69505749,56.52296575],[-130.68149694,56.52243129],[-130.66093992,56.53079869],[-130.64785124,56.53265835],[-130.62440138,56.54579885],[-130.63115628,56.55282596],[-130.6277538,56.56387881],[-130.63848576,56.5729035],[-130.6683243,56.58732171],[-130.69211048,56.58639672],[-130.68552601,56.59654275],[-130.66354052,56.60348736],[-130.65931735,56.61336992],[-130.66223926,56.61689842],[-130.65307685,56.62502619],[-130.6316909,56.62591405],[-130.6348422,56.63231017],[-130.62869581,56.64056314],[-130.60419682,56.64121777],[-130.56567795,56.65080104],[-130.56236009,56.65605361],[-130.55488701,56.65717119],[-130.51304529,56.65072442],[-130.48910509,56.65567387],[-130.4673665,56.65218601],[-130.46137119,56.65575691],[-130.45844861,56.66534591],[-130.46785693,56.67337208],[-130.46598374,56.68096834],[-130.49822262,56.70804455],[-130.46036108,56.73770113],[-130.44273895,56.73463548],[-130.42868483,56.73673814],[-130.4326447,56.72831876],[-130.43057698,56.72543176],[-130.42138376,56.71821681],[-130.41499926,56.71886753],[-130.41048894,56.71091807],[-130.39253436,56.7100386],[-130.38628154,56.70529313],[-130.38729345,56.69746849],[-130.38280535,56.69623362],[-130.38355403,56.6942337],[-130.37187034,56.69428334],[-130.36863384,56.70101794],[-130.35442284,56.69366119],[-130.34603142,56.69390937],[-130.32539433,56.69887502],[-130.3231428,56.70387243],[-130.31016081,56.70947107],[-130.27654863,56.71663458],[-130.25220264,56.73094693],[-130.23691144,56.73079746],[-130.22209022,56.73984215],[-130.21860761,56.74488992],[-130.21806492,56.75587444],[-130.23189368,56.76714126],[-130.22451648,56.77075317],[-130.19731498,56.7728178],[-130.19357177,56.77544331],[-130.18057975,56.77147902],[-130.1797521,56.76868081],[-130.16878282,56.77131567],[-130.15964789,56.76682765],[-130.14173151,56.77569362],[-130.12026434,56.77533918],[-130.11044385,56.78147765],[-130.05865511,56.7842908],[-130.03394268,56.78219337],[-130.00562997,56.79161465],[-129.97519923,56.79507165],[-129.96326807,56.81424558],[-129.95754426,56.81649005],[-129.951861,56.81610486],[-129.94300981,56.80883493],[-129.91062082,56.81626898],[-129.86638595,56.79737202],[-129.85760075,56.80352412],[-129.87689175,56.81866275],[-129.86722511,56.82386004],[-129.87200152,56.83001573],[-129.86735523,56.83303956],[-129.86663129,56.83839912],[-129.86868935,56.84168271],[-129.88741642,56.84781333],[-129.89272579,56.85875426],[-129.8910583,56.86581],[-129.87484143,56.87873612],[-129.88785607,56.88870749],[-129.89611453,56.89998675],[-129.88282252,56.90510187],[-129.89094313,56.91042688],[-129.90145375,56.9247359],[-129.89493694,56.92988508],[-129.89638316,56.93434851],[-129.90808544,56.94276025],[-129.91372914,56.94298417],[-129.9180652,56.9501929],[-129.90270214,56.96404833],[-129.90202056,56.96850056],[-129.9062616,56.97236948],[-129.90345159,56.98353734],[-129.88359344,56.99573514],[-129.86067361,56.99187715],[-129.85194376,56.98603345],[-129.83967767,56.99761512],[-129.81793231,57.00810725],[-129.81865769,57.01343777],[-129.82762199,57.0159765],[-129.83238033,57.02154967],[-129.81162253,57.03543977],[-129.80919063,57.04371106],[-129.81779898,57.04881982],[-129.8069416,57.05255606],[-129.80421863,57.05745114],[-129.81307674,57.06443729],[-129.81275644,57.067727],[-129.82351243,57.0713935],[-129.82762203,57.07617264],[-129.80358246,57.08060589],[-129.80236478,57.08523145],[-129.80811203,57.09112385],[-129.80630415,57.0955737],[-129.77126036,57.1127391],[-129.76382419,57.10515883],[-129.74118327,57.10766657],[-129.70199769,57.09838898],[-129.69358277,57.10795858],[-129.69047278,57.11490204],[-129.69334642,57.12005235],[-129.68912502,57.12467404],[-129.69844884,57.13765768],[-129.69261432,57.14204689],[-129.67751796,57.14463561],[-129.67518747,57.15692765],[-129.66976286,57.15859184],[-129.63014685,57.14632861],[-129.57460752,57.15018858],[-129.56826459,57.15585824],[-129.57623824,57.16643162],[-129.5681746,57.17444426],[-129.55285169,57.16739868],[-129.55182509,57.17203627],[-129.53818869,57.17478298],[-129.53437431,57.17105312],[-129.52015671,57.16743902],[-129.50483316,57.16707015],[-129.50556335,57.16402319],[-129.4986649,57.16202013],[-129.47837824,57.16152415],[-129.46931643,57.15410276],[-129.47644588,57.14856098],[-129.46066094,57.13917049],[-129.47749756,57.13255854],[-129.47676439,57.12773765],[-129.48469929,57.12225469],[-129.48452679,57.11140486],[-129.50137094,57.09772957],[-129.50039344,57.09239818],[-129.52729321,57.09057239],[-129.52897619,57.08362073],[-129.51474128,57.08029375],[-129.4936893,57.08231056],[-129.48354335,57.07853287],[-129.46724249,57.07801952],[-129.46912017,57.07272094],[-129.46416863,57.06892242],[-129.4710037,57.06272563],[-129.46161985,57.05637373],[-129.43497665,57.07148482],[-129.38925239,57.06819005],[-129.37179525,57.07511859],[-129.3619277,57.07216941],[-129.35574616,57.06650056],[-129.32310205,57.06383146],[-129.3106121,57.06677345],[-129.30358956,57.07270116],[-129.30170044,57.07930737],[-129.27432548,57.07636998],[-129.25073924,57.06793099],[-129.24219541,57.07727983],[-129.24810289,57.08287306],[-129.24672182,57.09201102],[-129.23125169,57.10216412],[-129.23312843,57.10925801],[-129.20613731,57.11278823],[-129.19913439,57.10807695],[-129.1877701,57.11378916],[-129.17657535,57.10855988],[-129.1592842,57.10811606],[-129.15822011,57.11243823],[-129.14927593,57.11341951],[-129.14751154,57.11920668],[-129.13892281,57.12483174],[-129.14237922,57.13051336],[-129.13917092,57.13678728],[-129.14125989,57.14832734],[-129.13318746,57.15597672],[-129.12836933,57.15670697],[-129.13095506,57.16056343],[-129.12446821,57.16932182],[-129.11215444,57.17634987],[-129.06843881,57.18674831],[-129.05590747,57.17184431],[-129.03959798,57.17319844],[-129.00015213,57.16933724],[-128.99437097,57.16130609],[-128.9957333,57.1594476],[-128.98230687,57.15348124],[-128.9803213,57.1434561],[-128.96909922,57.13603845],[-128.93747064,57.14177114],[-128.89409929,57.12418489],[-128.8776654,57.12369365],[-128.87958435,57.11494664],[-128.87063613,57.1139942],[-128.85637899,57.11903568],[-128.84310992,57.10842946],[-128.83159103,57.09312975],[-128.81517518,57.08992208],[-128.80749748,57.08509685],[-128.81204234,57.07773819],[-128.80715428,57.07302441],[-128.7924891,57.06865831],[-128.76742824,57.06694768],[-128.75941579,57.07302664],[-128.75029488,57.07495771],[-128.75013892,57.08031045],[-128.72620059,57.08784933],[-128.72565198,57.09556533],[-128.72010639,57.09977001],[-128.72242023,57.10665697],[-128.71635368,57.11581362],[-128.71515492,57.12653535],[-128.72075885,57.13134541],[-128.68701498,57.15304543],[-128.67697838,57.15236667],[-128.67016348,57.15839513],[-128.67466307,57.16767659],[-128.65848335,57.17316793],[-128.65216564,57.16593146],[-128.6035808,57.1590977],[-128.59623802,57.14825702],[-128.5737028,57.14060973],[-128.56539656,57.13097315],[-128.567126,57.12307471],[-128.56406376,57.1159714],[-128.57611901,57.10793238],[-128.57102095,57.10275455],[-128.56257024,57.1012253],[-128.54130293,57.10245212],[-128.53366069,57.09520537],[-128.53262676,57.0894482],[-128.52789141,57.08740839],[-128.52839887,57.07997296],[-128.53308624,57.07721092],[-128.52846839,57.07210089],[-128.51447669,57.0710495],[-128.51356574,57.06722875],[-128.50434059,57.06451109],[-128.48682235,57.06476918],[-128.46807123,57.05877571],[-128.45864568,57.06077936],[-128.44993447,57.05222094],[-128.44183882,57.05014047],[-128.44265689,57.04608966],[-128.41967783,57.05227397],[-128.41220661,57.05981958],[-128.39232448,57.06749112],[-128.39584613,57.07779929],[-128.38580717,57.08760166],[-128.39064535,57.10336802],[-128.3831096,57.10862682],[-128.35618416,57.11620345],[-128.33096655,57.1327074],[-128.29156915,57.12554482],[-128.27915495,57.13076968],[-128.27917254,57.13433834],[-128.2752005,57.13609623],[-128.23779054,57.14260459],[-128.23696559,57.15144743],[-128.22782139,57.16514395],[-128.19768853,57.17285039],[-128.18442949,57.18430086],[-128.16738697,57.18446342],[-128.16066953,57.17749848],[-128.14713613,57.17937978],[-128.13822301,57.18482257],[-128.12935521,57.18423178],[-128.09940421,57.17324735],[-128.09745186,57.1597268],[-128.08192026,57.15112574],[-128.08205279,57.14811664],[-128.08961969,57.14321286],[-128.092934,57.1328596],[-128.07449928,57.12471263],[-128.07147519,57.12027495],[-128.05588627,57.11758516],[-128.0346958,57.1215609],[-128.04251849,57.13397866],[-128.02288315,57.14020058],[-128.02532761,57.14956797],[-128.02275735,57.15458458],[-128.0168834,57.15532006],[-128.00868812,57.15411889],[-127.99868787,57.14692433],[-127.99086193,57.13334146],[-127.98003089,57.12542518],[-127.95188346,57.13383915],[-127.93289791,57.13420453],[-127.87691252,57.12298774],[-127.86703806,57.13560677],[-127.86856931,57.14328439],[-127.88076926,57.15111494],[-127.87868558,57.15960466],[-127.91658427,57.15853628],[-127.94074327,57.16317201],[-127.94500106,57.1662714],[-127.93595412,57.17226362],[-127.94396926,57.17590717],[-127.94415887,57.17864441],[-127.92680782,57.18656874],[-127.90101509,57.1893769],[-127.90571767,57.19719786],[-127.88823916,57.20525894],[-127.881778,57.21716772],[-127.86756858,57.22412729],[-127.86226523,57.23364627],[-127.85237498,57.23232126],[-127.84721219,57.23583164],[-127.84989197,57.24806592],[-127.8428641,57.2498602],[-127.84064231,57.25264164],[-127.8430889,57.25538659],[-127.82933317,57.26519898],[-127.81364845,57.27256668],[-127.80064389,57.2722359],[-127.79259346,57.27724349],[-127.77995043,57.27413869],[-127.7494273,57.28766601],[-127.72252108,57.29167836],[-127.71085318,57.28319391],[-127.70885704,57.27667368],[-127.71246087,57.2678942],[-127.70900909,57.26143232],[-127.68198421,57.24823923],[-127.68564829,57.24107881],[-127.67660272,57.23355256],[-127.66298803,57.22816347],[-127.64959537,57.21388702],[-127.65383854,57.21093218],[-127.65905017,57.19772757],[-127.6773895,57.18941543],[-127.67408338,57.18288517],[-127.66422385,57.17805835],[-127.63660424,57.17958635],[-127.6153332,57.16674303],[-127.5887041,57.16027068],[-127.58464368,57.15536302],[-127.56731716,57.15739471],[-127.5585239,57.16280096],[-127.52893855,57.17151622],[-127.52857299,57.17932359],[-127.5175807,57.18578067],[-127.50716457,57.18183762],[-127.49970972,57.1825892],[-127.49034069,57.19517162],[-127.48104499,57.19938895],[-127.48171644,57.210534],[-127.47911711,57.21424025],[-127.46680749,57.22024943],[-127.4735177,57.22592812],[-127.51031859,57.23677485],[-127.50788509,57.23995521],[-127.50980305,57.2413669],[-127.52832037,57.24434926],[-127.5430222,57.25689844],[-127.53927224,57.26770017],[-127.535249,57.26885609],[-127.53067004,57.2767694],[-127.53704681,57.28647385],[-127.51895194,57.29107486],[-127.50770558,57.31084367],[-127.50588628,57.3247986],[-127.49277918,57.32884304],[-127.48986839,57.33454887],[-127.47354959,57.34686788],[-127.45706421,57.35528974],[-127.45990047,57.36159924],[-127.45258466,57.36948669],[-127.47417837,57.38612931],[-127.46544571,57.39005679],[-127.44155748,57.39246681],[-127.43306837,57.3974321],[-127.39091612,57.40272138],[-127.37806474,57.41159144],[-127.36968923,57.41339763],[-127.37206606,57.42473338],[-127.36733641,57.4279095],[-127.3345528,57.43657621],[-127.31709713,57.43145245],[-127.30412853,57.44005181],[-127.30350005,57.4533851],[-127.29743528,57.45794981],[-127.29896566,57.4614204],[-127.31714495,57.47356484],[-127.32609166,57.48452323],[-127.32575086,57.48716931],[-127.3064875,57.48740992],[-127.29632908,57.4916564],[-127.30610429,57.5030499],[-127.32844531,57.5056577],[-127.32053235,57.5156678],[-127.32998584,57.52303679],[-127.31738522,57.54878804],[-127.32461781,57.5594943],[-127.32992151,57.5589151],[-127.33122005,57.56389278],[-127.32120223,57.5680625],[-127.32469965,57.5748706],[-127.3208464,57.57968249]]]}},{"type":"Feature","properties":{"name":"Cariboo"},"geometry":{"type":"Polygon","coordinates":[[[-126.45658735,51.46600252],[-126.45142362,51.48527641],[-126.43969763,51.48791669],[-126.42598867,51.48116357],[-126.42705101,51.47642468],[-126.42031705,51.47732765],[-126.41881319,51.47399055],[-126.39653958,51.47727059],[-126.3741979,51.4754638],[-126.3713745,51.4726891],[-126.37970581,51.46183983],[-126.36850772,51.4590798],[-126.36507095,51.45068279],[-126.34686038,51.4623644],[-126.3238793,51.45728608],[-126.30874866,51.4621916],[-126.29974249,51.45651649],[-126.29058969,51.45720891],[-126.28102573,51.44980993],[-126.27645364,51.45168238],[-126.27263422,51.44864844],[-126.26367149,51.45261308],[-126.24404318,51.44940903],[-126.23782827,51.45447972],[-126.21550709,51.45257944],[-126.2048231,51.44281005],[-126.19217437,51.4377443],[-126.18214062,51.44515307],[-126.13945247,51.44072027],[-126.05579825,51.45581097],[-126.02786222,51.46724873],[-125.99736654,51.49294719],[-125.99403189,51.49958669],[-125.26558924,51.37552345],[-125.24093539,51.36278072],[-125.23417507,51.34736519],[-125.21418725,51.33643504],[-125.21596266,51.33001157],[-125.18219715,51.32482382],[-125.15381711,51.31569397],[-125.14495478,51.31514545],[-125.14029234,51.31679784],[-125.14136135,51.32138703],[-125.13246493,51.32252496],[-125.09534383,51.30752616],[-125.07560885,51.30707839],[-125.05793982,51.29535485],[-125.0448428,51.29185614],[-124.98467676,51.29312123],[-124.96405901,51.2993354],[-124.9637536,51.30272104],[-124.95665279,51.30378587],[-124.95616927,51.31150031],[-124.93645858,51.3200867],[-124.91204477,51.31475174],[-124.9017704,51.30414889],[-124.88564734,51.30693095],[-124.88050564,51.29743802],[-124.869774,51.29992538],[-124.86239791,51.31022683],[-124.83968229,51.30987292],[-124.83259085,51.31280025],[-124.82878532,51.31921529],[-124.82225157,51.31878395],[-124.81312578,51.31464314],[-124.81241199,51.30872667],[-124.80668468,51.30534807],[-124.77200096,51.2975228],[-124.77262646,51.27703789],[-124.75974443,51.26452606],[-124.76216218,51.25200709],[-124.75763732,51.24757266],[-124.72463545,51.2415875],[-124.70967095,51.23309342],[-124.70155856,51.23317897],[-124.68607286,51.21820696],[-124.67408783,51.22583925],[-124.66268615,51.2261763],[-124.64581885,51.21518448],[-124.61524192,51.21084119],[-124.58034002,51.19461855],[-124.56535054,51.19918761],[-124.52887319,51.19560305],[-124.52461531,51.19983687],[-124.51099542,51.20179355],[-124.4875663,51.19853753],[-124.4654736,51.20142052],[-124.4500418,51.19716055],[-124.43663745,51.19724237],[-124.42439858,51.19208908],[-124.40401406,51.19454502],[-124.39441304,51.19123848],[-124.39500565,51.18361849],[-124.37566959,51.18517441],[-124.37619602,51.17798114],[-124.38054914,51.17358229],[-124.37510735,51.16884396],[-124.37997258,51.16073805],[-124.37650568,51.15649838],[-124.38223412,51.15264452],[-124.37632898,51.14513352],[-124.33403653,51.15013798],[-124.32612624,51.14151804],[-124.31492877,51.13906349],[-124.31379556,51.13140909],[-124.30547305,51.13144373],[-124.27424324,51.14349706],[-124.24779495,51.1417719],[-124.2491761,51.14902789],[-124.24122117,51.15048867],[-124.22995453,51.14816155],[-124.22690337,51.14320731],[-124.21441722,51.13710538],[-124.20676249,51.137621],[-124.2047898,51.14084689],[-124.19678597,51.1399401],[-124.19013076,51.12815534],[-124.17243272,51.13052826],[-124.16985319,51.12863405],[-124.17794604,51.11536016],[-124.17289223,51.09234832],[-124.17761939,51.08146912],[-124.19009467,51.07442722],[-124.19950162,51.07788437],[-124.2147137,51.07324848],[-124.23153894,51.0751228],[-124.23590126,51.06763105],[-124.227616,51.0644674],[-124.23144159,51.05569077],[-124.2106379,51.05086659],[-124.17514965,51.05950144],[-124.17250692,51.05498224],[-124.14849169,51.04756189],[-124.147339,51.04484831],[-124.15294491,51.03888489],[-124.14874114,51.03091825],[-124.13984495,51.03209242],[-124.13367884,51.02125311],[-124.12580001,51.02079871],[-124.11604431,51.01199797],[-124.12694635,51.00270136],[-124.13006494,50.99306391],[-124.1070687,51.00238691],[-124.10011239,51.01413215],[-124.08828041,51.01018699],[-124.08211982,51.00223011],[-124.08474763,50.99689596],[-124.09140384,50.99398314],[-124.09196524,50.98303479],[-124.07156024,50.98369924],[-124.07030714,50.97484355],[-124.06631716,50.97405293],[-124.06871434,50.96203439],[-124.08195655,50.95236755],[-124.07598698,50.95113689],[-124.06563791,50.94262873],[-124.0689198,50.93716384],[-124.0554047,50.93674128],[-124.04669998,50.9413519],[-124.02922153,50.93692968],[-124.02523364,50.94362865],[-124.01302101,50.94963308],[-124.00968279,50.95706332],[-124.00154293,50.95722024],[-123.99495034,50.96353989],[-123.98453917,50.9593587],[-123.96807888,50.96564302],[-123.96012671,50.96266905],[-123.95545873,50.95605255],[-123.93671903,50.94872211],[-123.932262,50.94323186],[-123.93827061,50.93692457],[-123.93563988,50.93435567],[-123.92765495,50.93436067],[-123.92162679,50.94220948],[-123.90680297,50.94251909],[-123.89926916,50.93850794],[-123.89202992,50.94672448],[-123.87890938,50.94878453],[-123.87636068,50.94750442],[-123.87863021,50.94446582],[-123.87602321,50.93947642],[-123.86812727,50.93867649],[-123.85865905,50.93297715],[-123.84212562,50.934514],[-123.83942978,50.92365681],[-123.82759135,50.91156478],[-123.83168366,50.90056038],[-123.80970529,50.91305257],[-123.79299994,50.91479045],[-123.78492235,50.90918874],[-123.76428511,50.90513982],[-123.77043625,50.89136715],[-123.7662451,50.88523793],[-123.73119483,50.88448282],[-123.70941626,50.89710774],[-123.70081969,50.8959726],[-123.69783462,50.89102226],[-123.69883059,50.88125434],[-123.68091376,50.87959337],[-123.67385221,50.87508343],[-123.66414901,50.88279671],[-123.66745997,50.88691024],[-123.66298768,50.90098702],[-123.64141187,50.9007172],[-123.63146695,50.89485457],[-123.61370512,50.89425663],[-123.60461146,50.90336895],[-123.60490278,50.9079589],[-123.60070228,50.91004415],[-123.59743915,50.91756082],[-123.58346772,50.92926184],[-123.57743085,50.93119772],[-123.54206546,50.92791204],[-123.53508593,50.93324515],[-123.51760271,50.93816234],[-123.50977461,50.95539269],[-123.48665344,50.96502428],[-123.46978563,50.9598747],[-123.46030371,50.96508902],[-123.45846458,50.97606138],[-123.44354377,50.98804517],[-123.43008375,50.98204521],[-123.42352293,50.98684482],[-123.41867335,51.00844505],[-123.39823193,51.01203568],[-123.38521533,51.01021905],[-123.37716518,51.00018673],[-123.36045521,50.98996679],[-123.3326748,50.99601693],[-123.32558731,50.99032663],[-123.3233332,50.98192049],[-123.31475778,50.98009158],[-123.29894063,50.98655863],[-123.29987504,50.9951841],[-123.24641156,50.99935132],[-123.24306703,51.00280651],[-123.25482634,51.01330313],[-123.25414822,51.02271063],[-123.25825888,51.02638846],[-123.25284264,51.03068069],[-123.25616395,51.03524178],[-123.25135094,51.04229323],[-123.23793653,51.05073813],[-123.23868584,51.05561499],[-123.21110645,51.06680105],[-123.20670053,51.07215117],[-123.1807071,51.07147391],[-123.18013818,51.07765704],[-123.16288206,51.08729039],[-123.15469496,51.09735059],[-123.15551144,51.10744582],[-123.14956709,51.1110976],[-123.15601549,51.11426792],[-123.15551138,51.11728107],[-123.14754689,51.1261579],[-123.14047629,51.12777188],[-123.13857439,51.1336602],[-123.10468686,51.14016079],[-123.08226945,51.12985971],[-123.07077905,51.13099153],[-123.07036213,51.13449077],[-123.07596754,51.13977953],[-123.05925307,51.13935262],[-123.04044789,51.15321816],[-123.05723829,51.16416343],[-123.05858563,51.16825891],[-123.05258501,51.17129665],[-123.05123391,51.18025413],[-123.07064289,51.18568417],[-123.06695878,51.21040277],[-123.04948245,51.2075563],[-123.03301832,51.19941828],[-122.94740098,51.19309807],[-122.9254502,51.18243115],[-122.91454667,51.18294509],[-122.90200366,51.17504229],[-122.88592488,51.17116176],[-122.87953897,51.16742327],[-122.87788656,51.16155877],[-122.86265199,51.16391737],[-122.85960882,51.15916579],[-122.83603992,51.15310254],[-122.82140136,51.14334265],[-122.79170815,51.14703554],[-122.77616106,51.14010825],[-122.76320206,51.14412161],[-122.74973953,51.15502695],[-122.72721257,51.15291544],[-122.72137674,51.14443407],[-122.72410303,51.13694179],[-122.69585488,51.12465368],[-122.70307518,51.1195724],[-122.6989143,51.11185398],[-122.68711694,51.10692085],[-122.66844923,51.09159891],[-122.66038664,51.08983087],[-122.65599823,51.09235391],[-122.61639075,51.08106147],[-122.61637704,51.08626841],[-122.60668962,51.09385272],[-122.58118307,51.09618284],[-122.58285546,51.10085616],[-122.57969883,51.10949525],[-122.599848,51.11151486],[-122.61021432,51.1192249],[-122.61011591,51.12682117],[-122.60059751,51.13080507],[-122.59517528,51.13737318],[-122.59603144,51.14280727],[-122.60317633,51.14639286],[-122.59701171,51.1610584],[-122.59212061,51.16515763],[-122.59597837,51.17172651],[-122.58978222,51.17584129],[-122.56426852,51.17879667],[-122.54829547,51.19961516],[-122.54883945,51.203727],[-122.53238844,51.20908256],[-122.52688193,51.22743159],[-122.53270456,51.23082706],[-122.53390539,51.23726161],[-122.54229591,51.24178177],[-122.54151664,51.25672359],[-122.53588608,51.2671324],[-122.54145901,51.27156931],[-122.54321271,51.28148554],[-122.53945226,51.28540643],[-122.51119685,51.29325286],[-122.50445534,51.29867373],[-122.50417617,51.31207097],[-122.48703487,51.33120847],[-122.4922303,51.34055618],[-122.48253181,51.35242792],[-122.46758291,51.36301245],[-122.47390757,51.37038618],[-122.48302604,51.37453056],[-122.49616169,51.37319173],[-122.52236447,51.38293321],[-122.52196161,51.39722965],[-122.53051939,51.40031466],[-122.50460457,51.41297388],[-122.50310266,51.43205392],[-122.48949846,51.43184005],[-122.46695205,51.43825428],[-122.44702361,51.43404598],[-122.40989324,51.44516915],[-122.40950263,51.4525085],[-122.41942122,51.45347044],[-122.41655596,51.46531029],[-122.41324218,51.46666655],[-122.27701014,51.46855545],[-122.27714817,51.47616386],[-122.26346319,51.47566509],[-122.26852668,51.48653885],[-122.22508911,51.48672958],[-122.22524217,51.50146803],[-122.15578034,51.50165416],[-122.1550725,51.49398819],[-122.13209711,51.49386797],[-122.13025114,51.5072873],[-122.1263699,51.50963244],[-122.1047888,51.51214703],[-122.09687422,51.50166935],[-122.08581457,51.50270747],[-122.08233315,51.50617671],[-122.09103709,51.5132103],[-122.07781676,51.51804854],[-122.06574913,51.5152373],[-122.06179359,51.5231051],[-122.04995053,51.52897162],[-122.03781022,51.53172335],[-122.01706689,51.53092182],[-122.00599,51.5351041],[-121.97885512,51.52839506],[-121.93592794,51.54013198],[-121.92265742,51.54911989],[-121.90449757,51.55521519],[-121.8809787,51.54349624],[-121.87927776,51.53838587],[-121.88306806,51.52707431],[-121.85840655,51.52122135],[-121.84699356,51.50317495],[-121.83746015,51.50089605],[-121.81380583,51.48557434],[-121.7984789,51.4830895],[-121.75067879,51.48442438],[-121.74564596,51.48098065],[-121.74899184,51.47239298],[-121.74632219,51.46796712],[-121.71046155,51.44938388],[-121.6663724,51.43720158],[-121.6130733,51.43648958],[-121.60209937,51.44681193],[-121.57552195,51.46144172],[-121.56989006,51.47298718],[-121.60284024,51.4974588],[-121.62499186,51.50130042],[-121.62517294,51.50696325],[-121.63100203,51.50691438],[-121.63118021,51.5145243],[-121.61777377,51.5205778],[-121.61765323,51.53072702],[-121.59443923,51.53873404],[-121.60560998,51.5434547],[-121.61052151,51.55874339],[-121.55869169,51.57059729],[-121.55632755,51.57790579],[-121.54519608,51.58959775],[-121.53133981,51.5832696],[-121.52225461,51.58768731],[-121.50716783,51.58908691],[-121.49830017,51.59604155],[-121.48509907,51.59795632],[-121.48018275,51.59701494],[-121.48689641,51.59375293],[-121.4922747,51.57940485],[-121.47531964,51.5706204],[-121.45791679,51.56852145],[-121.42562371,51.5766838],[-121.40984703,51.57484353],[-121.40750044,51.58042735],[-121.39699614,51.57890418],[-121.39254292,51.56940997],[-121.39478107,51.55883356],[-121.38717187,51.54987876],[-121.37074387,51.54623613],[-121.36905972,51.54337394],[-121.37597731,51.52743891],[-121.36625178,51.52374836],[-121.33208256,51.53017332],[-121.32256746,51.5273167],[-121.31440349,51.53367378],[-121.30881643,51.53338491],[-121.29441333,51.52365143],[-121.2960023,51.51405556],[-121.27659475,51.50634879],[-121.24831835,51.50250827],[-121.18546658,51.50826912],[-121.17385669,51.51422741],[-121.15568839,51.50723995],[-121.13356944,51.50798131],[-121.10610687,51.51214525],[-121.09795261,51.51756136],[-121.07315692,51.52208518],[-121.06648713,51.51745956],[-121.03660833,51.52224058],[-121.01165506,51.51255757],[-121.00347318,51.51433706],[-120.99068758,51.5110541],[-120.98982159,51.50589878],[-120.99718158,51.49738629],[-120.99027519,51.49177907],[-120.99272448,51.48586679],[-120.98265504,51.48000916],[-120.97813788,51.47322659],[-120.97325788,51.48152396],[-120.96539221,51.48474238],[-120.94279146,51.48697425],[-120.92272272,51.47796908],[-120.917143,51.48618877],[-120.8982281,51.4897275],[-120.86690931,51.47927519],[-120.83445838,51.48514096],[-120.82911405,51.47843197],[-120.81988132,51.47442937],[-120.77115032,51.46540554],[-120.76712966,51.4700372],[-120.76886142,51.47446493],[-120.76251939,51.47750506],[-120.72882043,51.48176778],[-120.73448535,51.46753315],[-120.74960066,51.45686799],[-120.71910317,51.45175774],[-120.71757168,51.44692812],[-120.72452975,51.43919009],[-120.72053205,51.43720847],[-120.71357626,51.44268339],[-120.70742535,51.43897014],[-120.69375124,51.44141484],[-120.68586236,51.43766624],[-120.66658401,51.44376924],[-120.66680988,51.45022212],[-120.62966081,51.46173483],[-120.6267503,51.47761241],[-120.61281077,51.47864202],[-120.63042283,51.48381111],[-120.63490554,51.49091872],[-120.64800339,51.4900277],[-120.64565705,51.49420073],[-120.64820512,51.49558882],[-120.66432055,51.49562504],[-120.66219544,51.50388359],[-120.6670181,51.50952884],[-120.66397202,51.51181525],[-120.64507026,51.5155563],[-120.62785809,51.51171995],[-120.6217806,51.51734454],[-120.60603632,51.5204919],[-120.59336307,51.51705248],[-120.5881011,51.51862625],[-120.58913258,51.51326026],[-120.58282983,51.50658095],[-120.5673074,51.51955479],[-120.55450045,51.52235523],[-120.5524506,51.51478317],[-120.54287083,51.51089828],[-120.54625119,51.504834],[-120.52924738,51.50010879],[-120.52530376,51.50720885],[-120.51664576,51.50892505],[-120.50703936,51.51569138],[-120.49914133,51.51303562],[-120.48744205,51.51495342],[-120.49111017,51.52054035],[-120.48998149,51.52711764],[-120.50622758,51.53309548],[-120.5089605,51.53959217],[-120.5176819,51.54653975],[-120.51605933,51.55430044],[-120.52740454,51.55509131],[-120.53545758,51.560036],[-120.54312163,51.55925253],[-120.54056296,51.56921407],[-120.55880267,51.5703588],[-120.55933877,51.78412932],[-120.51711634,51.79306158],[-120.49493476,51.7801889],[-120.48440679,51.77945519],[-120.47677892,51.78731925],[-120.48363941,51.7890314],[-120.48913625,51.7963161],[-120.47685614,51.80577487],[-120.46221121,51.80843641],[-120.46058647,51.81535434],[-120.44567335,51.82848667],[-120.43963438,51.83954299],[-120.43180528,51.8421688],[-120.43072204,51.85310459],[-120.43778379,51.8671394],[-120.43836717,51.87741458],[-120.44595903,51.88588218],[-120.48291711,51.87882809],[-120.51415006,51.88003214],[-120.51921155,51.87917658],[-120.51922441,51.87550751],[-120.5595434,51.87550608],[-120.55986394,51.99129774],[-120.23796536,51.99100669],[-120.237795,51.99881442],[-120.24444144,52.00893599],[-120.2636862,52.01208261],[-120.26508488,52.01860483],[-120.28018823,52.0187298],[-120.29375811,52.01389377],[-120.31637581,52.02445785],[-120.32114006,52.03796329],[-120.31866461,52.05378191],[-120.31425729,52.05701305],[-120.31049962,52.07070502],[-120.30419547,52.07394723],[-120.30706963,52.07568622],[-120.29833884,52.07694245],[-120.29231064,52.08354545],[-120.29529476,52.09101077],[-120.30968822,52.10402062],[-120.31266924,52.11507718],[-120.31850866,52.11912508],[-120.31769195,52.12363078],[-120.30987871,52.13087546],[-120.31064166,52.14519328],[-120.30809754,52.14865585],[-120.31699991,52.15699337],[-120.3169261,52.16152602],[-120.33407475,52.16358347],[-120.33401928,52.15604197],[-120.33906815,52.15413265],[-120.34601836,52.15684692],[-120.35367649,52.14942764],[-120.36228728,52.14797634],[-120.36303197,52.14476674],[-120.38049862,52.13466241],[-120.3889564,52.13560648],[-120.39713435,52.14330988],[-120.40964132,52.14533025],[-120.40445991,52.15119663],[-120.40430047,52.15971401],[-120.39617363,52.16343574],[-120.40328172,52.16868449],[-120.39409569,52.17408956],[-120.39875778,52.17962897],[-120.39806331,52.18711871],[-120.40925125,52.1905297],[-120.39322438,52.19591814],[-120.39236611,52.19937639],[-120.40372035,52.21080887],[-120.42943909,52.2134313],[-120.42605395,52.21904109],[-120.43484875,52.22886394],[-120.44334671,52.23270352],[-120.44138291,52.23990523],[-120.4619925,52.25004122],[-120.46431369,52.25501035],[-120.47396118,52.26075209],[-120.47427607,52.26533654],[-120.49162156,52.27672244],[-120.48625917,52.2811194],[-120.49535344,52.2856068],[-120.49121217,52.289736],[-120.4844582,52.28746099],[-120.48331332,52.29036712],[-120.47941449,52.29015696],[-120.47847073,52.29767509],[-120.46603969,52.3039467],[-120.46665068,52.30662124],[-120.47482689,52.30872554],[-120.48114733,52.3150294],[-120.49692436,52.31938259],[-120.50978071,52.32898203],[-120.52811911,52.3274315],[-120.53906965,52.33564581],[-120.51687805,52.34562634],[-120.53293242,52.35408072],[-120.52848302,52.36517208],[-120.53093398,52.36857308],[-120.51964229,52.38539455],[-120.51573087,52.38630192],[-120.51223963,52.3926838],[-120.50128101,52.39507511],[-120.48876182,52.40537483],[-120.47669172,52.40269482],[-120.47415677,52.40702325],[-120.46024012,52.41058498],[-120.460337,52.41814942],[-120.45662188,52.4215543],[-120.46854808,52.42231338],[-120.47238851,52.43038544],[-120.48374162,52.43472411],[-120.48489906,52.43818809],[-120.49527944,52.44000349],[-120.50234411,52.44704697],[-120.51035814,52.44771786],[-120.51059632,52.45301554],[-120.51643995,52.4568432],[-120.53642907,52.45942374],[-120.54386396,52.46457371],[-120.54432872,52.47138143],[-120.53218354,52.47907544],[-120.513441,52.497965],[-120.48925248,52.50307595],[-120.47835182,52.49989481],[-120.46544993,52.50591928],[-120.45254142,52.50433389],[-120.4453527,52.5111493],[-120.448179,52.51526941],[-120.43724612,52.52304176],[-120.42316308,52.52218252],[-120.40325364,52.53392937],[-120.39322097,52.53316978],[-120.39014028,52.53585302],[-120.36821771,52.52394689],[-120.36433423,52.53197209],[-120.35745488,52.5293634],[-120.35270174,52.54031627],[-120.32901362,52.55963472],[-120.32846954,52.56884428],[-120.32009831,52.57511202],[-120.31774942,52.56918523],[-120.31414861,52.57128872],[-120.31303342,52.57977495],[-120.30460482,52.58302319],[-120.3009557,52.58982415],[-120.28429326,52.5896089],[-120.28879579,52.60072399],[-120.28610138,52.60752808],[-120.28810947,52.61086098],[-120.2834173,52.61512368],[-120.24836044,52.61790226],[-120.23612168,52.62277412],[-120.2341686,52.63317813],[-120.23700005,52.63804207],[-120.26608267,52.64640592],[-120.27967755,52.65374226],[-120.29303021,52.65436743],[-120.27036318,52.66674241],[-120.26257411,52.6824031],[-120.28449239,52.70257009],[-120.29294507,52.70569081],[-120.26844873,52.7127272],[-120.27380451,52.71844809],[-120.30002504,52.72494347],[-120.2921911,52.73238551],[-120.29274753,52.73559963],[-120.27704565,52.74662882],[-120.28077722,52.75089613],[-120.31205764,52.76187916],[-120.31194257,52.76902521],[-120.29751658,52.77266342],[-120.29720963,52.77509777],[-120.31554339,52.7853921],[-120.33933236,52.78270897],[-120.32490575,52.79078806],[-120.31258421,52.80415075],[-120.31900785,52.80731758],[-120.29766078,52.81418889],[-120.32373834,52.81912779],[-120.33076481,52.82351751],[-120.32533957,52.82801712],[-120.33443396,52.8338377],[-120.32360121,52.84553553],[-120.32720167,52.84723088],[-120.31257561,52.85426029],[-120.31381972,52.85932007],[-120.30143757,52.85822938],[-120.27570285,52.86549223],[-120.25752268,52.85254255],[-120.23277251,52.86022726],[-120.21848375,52.87425868],[-120.21204411,52.87676938],[-120.17937483,52.85818293],[-120.16925132,52.85632781],[-120.14942249,52.8726557],[-120.1395197,52.8759428],[-120.13990741,52.88062351],[-120.16014122,52.89204001],[-120.16786227,52.90634727],[-120.15393019,52.91759193],[-120.162277,52.92411371],[-120.18846937,52.9234958],[-120.20309432,52.93341838],[-120.21202853,52.93467575],[-120.21726152,52.93104003],[-120.21897105,52.92159743],[-120.22878224,52.91815792],[-120.24642151,52.91971946],[-120.26426622,52.92681342],[-120.2960521,52.92075218],[-120.33417449,52.92498639],[-120.33853174,52.92701706],[-120.34158383,52.93532706],[-120.3518596,52.93870827],[-120.35642226,52.94357123],[-120.35517107,52.94678062],[-120.36390707,52.94996913],[-120.36633324,52.95737857],[-120.37358782,52.96198574],[-120.38792419,52.96403728],[-120.414398,52.95651486],[-120.42522511,52.96043179],[-120.43054906,52.96815427],[-120.43798059,52.97223094],[-120.43405191,52.98217221],[-120.43569991,52.98822808],[-120.44672214,52.99421812],[-120.44622517,53.00430469],[-120.44944641,53.00909072],[-120.48654643,53.01323729],[-120.47852893,53.02450238],[-120.4826311,53.04102371],[-120.47545189,53.05159011],[-120.48054054,53.0556054],[-120.48017908,53.06357195],[-120.47229059,53.0676146],[-120.45420818,53.06919619],[-120.42605462,53.06705275],[-120.41473526,53.07334323],[-120.42046354,53.08130731],[-120.42123451,53.08916358],[-120.41802038,53.09538195],[-120.42075936,53.10731221],[-120.44487914,53.11607707],[-120.4572614,53.11554838],[-120.46657404,53.1188361],[-120.45502385,53.12882124],[-120.45484393,53.13456023],[-120.46219978,53.13910928],[-120.46232471,53.14715964],[-120.46765584,53.14957345],[-120.47827215,53.16284699],[-120.49773843,53.16245048],[-120.52957018,53.16929964],[-120.53480436,53.17344065],[-120.54267613,53.17182667],[-120.54541903,53.18441203],[-120.55320716,53.18869121],[-120.58817326,53.1891368],[-120.60669015,53.19806698],[-120.61870498,53.20866063],[-120.66923362,53.22919776],[-120.67627286,53.24374245],[-120.71851468,53.26592759],[-120.72110185,53.26154121],[-120.74348452,53.25989938],[-120.76956155,53.25086282],[-120.78378819,53.25725559],[-120.79180428,53.25715789],[-120.80113421,53.26764384],[-120.80887713,53.27022222],[-120.8049143,53.27966669],[-120.80990631,53.28424064],[-120.83971447,53.28021269],[-120.84775535,53.28590553],[-120.86200057,53.28404931],[-120.8750307,53.28826858],[-120.88280993,53.29906554],[-120.90503767,53.29800716],[-120.90832153,53.3033448],[-120.91544599,53.30626085],[-120.94201817,53.2967449],[-120.93161778,53.28890504],[-120.93435422,53.28051432],[-120.97933204,53.27657656],[-120.97673755,53.28292251],[-120.98245264,53.28861634],[-120.97917288,53.29100287],[-120.97795075,53.30402169],[-120.98738178,53.30851339],[-120.98747336,53.31388805],[-120.99439135,53.31596482],[-121.00140065,53.3246775],[-121.01482247,53.32813807],[-121.00542291,53.34278942],[-121.00481273,53.36299326],[-120.99775081,53.36619948],[-121.00093662,53.36972419],[-120.99787812,53.3800131],[-120.998734,53.38459421],[-121.00702272,53.39100227],[-121.00060806,53.40311323],[-121.00406772,53.42104164],[-121.01092082,53.42754141],[-121.02089872,53.4282077],[-121.03535107,53.41954977],[-121.03875187,53.41253138],[-121.04909817,53.41001081],[-121.04975727,53.40542721],[-121.04451861,53.39779146],[-121.06716059,53.39572253],[-121.08246386,53.38856603],[-121.1115553,53.39628662],[-121.11586327,53.3907255],[-121.11355616,53.38334895],[-121.12052193,53.37640739],[-121.11835853,53.36358149],[-121.12403527,53.35924541],[-121.1323159,53.36166198],[-121.15184725,53.35831732],[-121.1594831,53.33921082],[-121.15249718,53.3334711],[-121.17644369,53.32155744],[-121.1821841,53.31265581],[-121.21556861,53.29950385],[-121.19441684,53.27845081],[-121.19705614,53.25345377],[-121.17638054,53.2364122],[-121.13328734,53.24022677],[-121.10867323,53.24982408],[-121.09641253,53.24776788],[-121.08855303,53.24265239],[-121.08294005,53.23295092],[-121.0669105,53.22953645],[-121.02230938,53.23139817],[-120.99717555,53.2292082],[-120.9819154,53.20588905],[-120.99371261,53.20242459],[-120.99074475,53.19240366],[-120.98122263,53.18895663],[-120.9585639,53.19046729],[-120.93188537,53.17853013],[-120.93457877,53.16594028],[-120.91444986,53.13449051],[-120.91882231,53.12626793],[-120.93653546,53.12200155],[-120.95722399,53.12886788],[-120.96650363,53.12884651],[-120.98198127,53.12272647],[-120.99567543,53.12334925],[-121.05976976,53.11429837],[-121.07286367,53.11459177],[-121.08525589,53.12003832],[-121.09401286,53.11718364],[-121.10406009,53.11978518],[-121.11477912,53.11071257],[-121.14260066,53.09999872],[-121.14450124,53.09466031],[-121.15481756,53.09942502],[-121.15536066,53.09356524],[-121.17127911,53.09332883],[-121.18067016,53.10222371],[-121.19022621,53.10483207],[-121.19376093,53.11220044],[-121.20050806,53.1128416],[-121.2115369,53.10501743],[-121.21355407,53.09955049],[-121.23036943,53.09079646],[-121.22919552,53.08504307],[-121.23360749,53.07410429],[-121.22874414,53.06672266],[-121.23322353,53.05756657],[-121.23008736,53.04685361],[-121.24702421,53.04063803],[-121.26187796,53.02224121],[-121.27926605,53.02513696],[-121.29840335,53.03562311],[-121.3127999,53.02882898],[-121.32338027,53.03029429],[-121.33462551,53.02744035],[-121.3394363,53.02324462],[-121.3589253,53.02683863],[-121.38790622,53.01646269],[-121.39491154,53.00915402],[-121.38305057,52.99294449],[-121.38013666,52.98344609],[-121.38377074,52.97045069],[-121.37474997,52.96062234],[-121.37439632,52.9558388],[-121.38436042,52.95176493],[-121.38086068,52.94783428],[-121.38259559,52.9416157],[-121.37785319,52.93222184],[-121.39162921,52.92131496],[-121.41590735,52.91470497],[-121.41829781,52.90892368],[-121.41596794,52.89796853],[-121.42715999,52.88936753],[-121.42399449,52.87772579],[-121.44400628,52.87638962],[-121.46127575,52.86749311],[-121.46521547,52.8581608],[-121.47865283,52.84459032],[-121.48291904,52.84553058],[-121.48502941,52.85498065],[-121.49126362,52.85978989],[-121.51443144,52.86316983],[-121.51746433,52.86920927],[-121.52653215,52.87059885],[-121.56172103,52.86927626],[-121.57337274,52.86020505],[-121.59494178,52.86517811],[-121.60927711,52.86401591],[-121.6174856,52.85512847],[-121.61422205,52.84827224],[-121.6181396,52.84460459],[-121.61527022,52.83821496],[-121.63206168,52.82400753],[-121.62266186,52.8226398],[-121.59440952,52.80936675],[-121.59513532,52.8023046],[-121.6088817,52.80056527],[-121.61589508,52.79408094],[-121.62419279,52.79384765],[-121.61952342,52.78314021],[-121.60990409,52.77940327],[-121.61109175,52.77563357],[-121.60334921,52.77258722],[-121.60620463,52.75981103],[-121.6015112,52.74853158],[-121.59790257,52.74970685],[-121.57880386,52.74191856],[-121.58857897,52.7341444],[-121.61959582,52.73092999],[-121.67608549,52.74644553],[-121.6780901,52.74535357],[-121.67496591,52.73604427],[-121.69947,52.72269495],[-121.72543499,52.73682808],[-121.73686032,52.73732455],[-121.73952015,52.74085862],[-121.75473367,52.74440735],[-121.77062565,52.75278417],[-121.78866454,52.75044533],[-121.81802022,52.75486497],[-121.86241864,52.76723317],[-121.86758527,52.7591719],[-121.84924662,52.74443682],[-121.84787756,52.73917315],[-121.88370567,52.73879967],[-121.90720873,52.74572555],[-121.92510051,52.74209021],[-121.93301422,52.7362779],[-121.93182313,52.73101106],[-121.96120259,52.73350704],[-121.98634016,52.73160654],[-121.98318082,52.71466506],[-121.98748103,52.70786429],[-121.99596319,52.70680178],[-122.00137373,52.70810658],[-122.00281439,52.71511755],[-122.0135771,52.72359976],[-122.02050857,52.73670311],[-122.04672279,52.75003022],[-122.0547112,52.75840745],[-122.09553076,52.73097495],[-122.12457833,52.72621516],[-122.13307584,52.71136607],[-122.1371297,52.70927993],[-122.14625809,52.70876337],[-122.161265,52.71381357],[-122.16800105,52.70550508],[-122.18562695,52.69854577],[-122.21305789,52.70294222],[-122.25416158,52.69468537],[-122.25697318,52.69167114],[-122.25109331,52.68139836],[-122.25275406,52.67620371],[-122.2354204,52.66319116],[-122.23484161,52.65792336],[-122.23823495,52.65338283],[-122.23488931,52.64352975],[-122.23977297,52.63802316],[-122.22975325,52.62460273],[-122.2314102,52.6190977],[-122.22791893,52.6127148],[-122.23135447,52.61103223],[-122.24045506,52.61445882],[-122.2521558,52.60710601],[-122.25004114,52.60255254],[-122.21566068,52.58578785],[-122.21549673,52.57994767],[-122.20563931,52.56563967],[-122.21665671,52.56396448],[-122.21782976,52.55722589],[-122.22233065,52.55421671],[-122.23183098,52.55347312],[-122.23085483,52.54923471],[-122.23470701,52.54702291],[-122.22926034,52.5389011],[-122.23995061,52.5355078],[-122.23209224,52.52637373],[-122.2318531,52.51241397],[-122.23981274,52.50520308],[-122.23568157,52.50018519],[-122.2337139,52.48973367],[-122.23788638,52.48420017],[-122.23821613,52.47621096],[-122.26073635,52.46256497],[-122.25184581,52.45877326],[-122.25172515,52.45573138],[-122.26247583,52.45140346],[-122.2848613,52.4568532],[-122.30628771,52.45788655],[-122.3236533,52.45025776],[-122.32480468,52.44351749],[-122.31472103,52.43794015],[-122.32244634,52.43292677],[-122.31565115,52.41360732],[-122.32325821,52.40543549],[-122.3370713,52.39868599],[-122.32497779,52.3897742],[-122.32447954,52.38438342],[-122.32780913,52.38355377],[-122.33161963,52.38834825],[-122.34529086,52.37867219],[-122.37407505,52.37840651],[-122.38514241,52.3822571],[-122.41538392,52.37549235],[-122.44722644,52.38919705],[-122.45201484,52.38666437],[-122.4534077,52.36973929],[-122.46090304,52.36098171],[-122.46873735,52.35474592],[-122.49367808,52.34523213],[-122.50983379,52.35028802],[-122.52367657,52.35882614],[-122.53390096,52.35215838],[-122.53116742,52.34600533],[-122.53610468,52.3448403],[-122.54070579,52.34793275],[-122.5620189,52.34412595],[-122.57013069,52.34831275],[-122.60162777,52.34981388],[-122.61293302,52.354903],[-122.62443545,52.35404864],[-122.65814592,52.33398231],[-122.66374445,52.32476701],[-122.67841967,52.32056133],[-122.6961279,52.30357143],[-122.72708318,52.29835162],[-122.73683445,52.29936735],[-122.74457726,52.29645412],[-122.74472712,52.28736877],[-122.75256395,52.28690867],[-122.7606296,52.28082084],[-122.80408402,52.27436062],[-122.80470809,52.2599815],[-122.82627977,52.25039367],[-122.82276225,52.24162239],[-122.83583133,52.23773067],[-122.8699068,52.24324842],[-122.88709571,52.23690943],[-122.89598776,52.2269561],[-122.89516423,52.21787455],[-122.9167561,52.22033635],[-122.93209294,52.22760286],[-122.95629808,52.22835112],[-122.96350298,52.23157248],[-122.97071134,52.24684056],[-122.96628476,52.24941938],[-122.96206023,52.25896607],[-122.96269384,52.26732781],[-122.9451959,52.27205896],[-122.94633162,52.27652124],[-122.9588211,52.28290696],[-122.98885162,52.28236241],[-122.98886762,52.28561292],[-122.98037648,52.29115374],[-123.01058145,52.29214463],[-123.02078937,52.30004584],[-123.02041106,52.30553016],[-123.03044881,52.31982649],[-123.02864411,52.33119557],[-123.03858332,52.34228209],[-123.06004063,52.3511804],[-123.06945443,52.34745746],[-123.07391065,52.32349751],[-123.08936736,52.31792662],[-123.13057288,52.32057611],[-123.15586062,52.33089262],[-123.16240061,52.32867212],[-123.16249245,52.31823878],[-123.14966273,52.31360742],[-123.13724315,52.30238477],[-123.1381417,52.29836454],[-123.15466956,52.29319262],[-123.16264078,52.28635345],[-123.18596944,52.27701399],[-123.19343306,52.2769073],[-123.19898189,52.29061761],[-123.23279488,52.3024685],[-123.24377834,52.31891677],[-123.26053926,52.30803863],[-123.27561797,52.30575201],[-123.28468342,52.30648584],[-123.29128623,52.31299676],[-123.30253982,52.30988969],[-123.33522229,52.31302947],[-123.35949271,52.3060305],[-123.374788,52.32377481],[-123.39753939,52.32305703],[-123.40718402,52.31664955],[-123.41981603,52.31574618],[-123.42297292,52.31154076],[-123.43331248,52.30937964],[-123.43847493,52.31101886],[-123.44884244,52.3229603],[-123.46018111,52.32736805],[-123.46551018,52.32631578],[-123.46186182,52.31776177],[-123.46849774,52.30822222],[-123.47633449,52.30480967],[-123.48473477,52.30482455],[-123.50616896,52.31689365],[-123.51091541,52.31624352],[-123.51084904,52.31111301],[-123.5144898,52.30941767],[-123.54009946,52.30529029],[-123.55547601,52.30859315],[-123.56705663,52.30320975],[-123.59085339,52.30131254],[-123.60165055,52.2931793],[-123.60097216,52.27694379],[-123.6175284,52.27302975],[-123.6266583,52.2617388],[-123.63037885,52.26509092],[-123.64923705,52.26914038],[-123.65564318,52.27599807],[-123.65569459,52.28070455],[-123.67309088,52.2867634],[-123.68115639,52.29951113],[-123.6897306,52.3035234],[-123.69216397,52.31186579],[-123.70638382,52.32158468],[-123.6988256,52.32703854],[-123.71254556,52.33427228],[-123.70889728,52.33566846],[-123.70824704,52.34317199],[-123.71404728,52.3474391],[-123.7340752,52.34733617],[-123.74906027,52.36344912],[-123.7626574,52.37108894],[-123.76118921,52.37746631],[-123.74751517,52.3832812],[-123.74656803,52.38914809],[-123.73016311,52.38671513],[-123.72098288,52.39650478],[-123.7442518,52.40333534],[-123.74554018,52.41760585],[-123.77797611,52.41727436],[-123.79345215,52.42750606],[-123.79764838,52.43480399],[-123.7953217,52.43968483],[-123.8157654,52.45034309],[-123.8256615,52.45098939],[-123.82116208,52.46726195],[-123.83662239,52.47781192],[-123.84193604,52.49282863],[-123.85686161,52.49032097],[-123.86728005,52.482972],[-123.87261167,52.48296862],[-123.89940081,52.49484768],[-123.90684264,52.49280397],[-123.91693101,52.49480764],[-123.92919944,52.50003441],[-123.9382425,52.51215454],[-123.94797418,52.51684196],[-123.95282155,52.52352454],[-123.96801432,52.52817085],[-123.96756503,52.5313453],[-123.97889115,52.53947825],[-123.97547675,52.54620006],[-123.98913346,52.55254177],[-123.99427973,52.55201761],[-123.99467173,52.55810561],[-123.9819525,52.56730554],[-123.9845224,52.57583406],[-123.9805077,52.58576128],[-123.98688776,52.59974252],[-123.98174185,52.60646525],[-123.99005431,52.61605168],[-123.9858671,52.62219118],[-123.99637371,52.62479987],[-123.99978902,52.63803773],[-123.99492543,52.6552933],[-124.00434687,52.67036857],[-124.0139627,52.67000867],[-124.02667187,52.67669633],[-124.03122388,52.68259916],[-124.05210886,52.68841214],[-124.06383109,52.68327453],[-124.06862297,52.68715162],[-124.09820619,52.69151868],[-124.10318484,52.70281631],[-124.11989748,52.70471828],[-124.13140717,52.71909232],[-124.14553895,52.72751547],[-124.16668559,52.72980858],[-124.17796926,52.72235636],[-124.220096,52.72711064],[-124.23416232,52.72186855],[-124.24202305,52.72719519],[-124.2510641,52.7438568],[-124.26671849,52.74287143],[-124.28220929,52.74667672],[-124.30320427,52.74089052],[-124.33710282,52.73839863],[-124.33904624,52.73111897],[-124.34721032,52.7325718],[-124.36035693,52.7257352],[-124.36571972,52.72815697],[-124.37851607,52.7235947],[-124.38547774,52.72495593],[-124.40203712,52.73992444],[-124.41079874,52.73822933],[-124.43304787,52.74803251],[-124.46952564,52.7522451],[-124.46986338,52.75566892],[-124.49523307,52.76252677],[-124.50862585,52.76469484],[-124.52331831,52.75905432],[-124.53750112,52.76000388],[-124.5433468,52.76342987],[-124.54155958,52.77233564],[-124.57218025,52.77434564],[-124.57587991,52.77939427],[-124.5906376,52.78713286],[-124.5899307,52.79172274],[-124.59875129,52.80065469],[-124.60288981,52.81375191],[-124.59351623,52.8299029],[-124.59971311,52.83364883],[-124.60262839,52.84058677],[-124.62197578,52.8510014],[-124.63460082,52.84653553],[-124.63578256,52.84209625],[-124.64799541,52.83577764],[-124.68860898,52.82405774],[-124.71452139,52.8100573],[-124.72606567,52.80943559],[-124.72519538,52.81642507],[-124.72982085,52.81907325],[-124.74663594,52.82006433],[-124.75908618,52.81527123],[-124.76017646,52.80851308],[-124.81851764,52.7933974],[-124.82897869,52.79377407],[-124.83556546,52.7879969],[-124.8463435,52.78848951],[-124.86867672,52.77811101],[-124.87161448,52.77058453],[-124.85476662,52.75607362],[-124.85192644,52.73978431],[-124.84669863,52.73096577],[-124.83031766,52.71822684],[-124.84067181,52.71701448],[-124.84456314,52.70873619],[-124.87361534,52.69692861],[-124.89256847,52.70816835],[-124.90419957,52.70629277],[-124.92045443,52.6970029],[-124.94478239,52.69608485],[-124.95690418,52.70806428],[-124.95440417,52.71690774],[-124.96222679,52.72288798],[-124.96882362,52.72556503],[-124.98709752,52.72491974],[-125.0147531,52.73288245],[-125.01801653,52.73253158],[-125.02222741,52.71645355],[-125.03964135,52.71631689],[-125.05259413,52.72379447],[-125.07143407,52.72524379],[-125.08950037,52.7343435],[-125.10442203,52.73299253],[-125.10673191,52.7370517],[-125.11303489,52.73358763],[-125.12123282,52.73470798],[-125.12853088,52.73048729],[-125.14328486,52.72894689],[-125.14664828,52.72583607],[-125.16690346,52.72366131],[-125.21064494,52.72283173],[-125.2220719,52.72558065],[-125.23612446,52.71992585],[-125.24866005,52.72157713],[-125.25899892,52.71585033],[-125.26852503,52.7216121],[-125.30013435,52.72029166],[-125.30925144,52.72881474],[-125.31936781,52.73171505],[-125.31954116,52.7367325],[-125.32685653,52.74243392],[-125.32560132,52.74856048],[-125.31101602,52.75622773],[-125.30149181,52.76758987],[-125.30516301,52.77904579],[-125.31651408,52.78541086],[-125.32975321,52.78535837],[-125.36307729,52.81192057],[-125.37617611,52.81566505],[-125.39037814,52.83270263],[-125.39109165,52.84198089],[-125.41999591,52.85808457],[-125.42148552,52.86319081],[-125.42607098,52.86129869],[-125.44574027,52.86713073],[-125.46161413,52.86654838],[-125.47116257,52.87316083],[-125.48902316,52.87628118],[-125.49032047,52.87860088],[-125.47891435,52.88882018],[-125.48424622,52.89271482],[-125.51204274,52.89248157],[-125.51416835,52.89954455],[-125.53191192,52.90578872],[-125.53174864,52.91581341],[-125.56849888,52.92194116],[-125.57460832,52.93325037],[-125.57244288,52.9381719],[-125.56857808,52.9409693],[-125.55918476,52.9391304],[-125.55561326,52.94141301],[-125.56211217,52.95313264],[-125.5726453,52.95095991],[-125.57731283,52.95740089],[-125.58781053,52.95891218],[-125.60021052,52.955707],[-125.62426239,52.96223213],[-125.63414728,52.9502196],[-125.6453797,52.94804254],[-125.64871712,52.9433367],[-125.64652114,52.93719899],[-125.65722287,52.93480855],[-125.65942234,52.92368437],[-125.67312772,52.92638682],[-125.6832572,52.93661441],[-125.71986794,52.94740175],[-125.72942232,52.94740897],[-125.7351835,52.95531517],[-125.73181855,52.96427747],[-125.74216722,52.96293128],[-125.74142766,52.96924834],[-125.76737299,52.97629619],[-125.77356564,52.98389307],[-125.76837341,52.9890312],[-125.77225809,52.99428502],[-125.77126563,53.20714061],[-125.99992685,53.2068062],[-126.02536643,53.21321425],[-126.03727606,53.20916153],[-126.06805159,53.20997412],[-126.08246203,53.20648621],[-126.09399461,53.20949479],[-126.09634805,53.20516883],[-126.11107264,53.19963809],[-126.12183221,53.1868277],[-126.13525569,53.18365757],[-126.1549202,53.18702265],[-126.15007289,53.19615274],[-126.1522485,53.19813415],[-126.16010848,53.19723309],[-126.16916291,53.1882227],[-126.18194961,53.1913526],[-126.19553083,53.18828912],[-126.20039971,53.18201576],[-126.21414588,53.18666149],[-126.22335226,53.18365753],[-126.22371018,53.17690031],[-126.23541667,53.17306883],[-126.23659929,53.16990414],[-126.24693927,53.17469683],[-126.25376327,53.17397935],[-126.25662857,53.16962602],[-126.24581258,53.16543793],[-126.24192922,53.15279317],[-126.24855504,53.15113187],[-126.25112837,53.1442975],[-126.26776783,53.13852167],[-126.27020318,53.13120592],[-126.28007238,53.12554272],[-126.28355791,53.1100147],[-126.28730484,53.1059771],[-126.32908422,53.09781103],[-126.34756041,53.09028975],[-126.36021757,53.09010002],[-126.37572458,53.09777169],[-126.38591592,53.10698316],[-126.39790038,53.10756976],[-126.41650574,53.1032373],[-126.42430194,53.10752501],[-126.4415245,53.10478293],[-126.45705905,53.10879619],[-126.46010316,53.10557484],[-126.4588952,53.10045959],[-126.46564418,53.09968248],[-126.4584869,53.09591881],[-126.46260218,53.08433114],[-126.45914726,53.08071877],[-126.45849668,53.07217094],[-126.47623053,53.06648379],[-126.47146593,53.06079851],[-126.48210969,53.03950476],[-126.47936319,53.03261084],[-126.49891886,53.02021477],[-126.51992572,53.02367891],[-126.53360184,53.00759435],[-126.52889453,53.00037635],[-126.55012485,52.99023301],[-126.55012504,52.98563373],[-126.54494683,52.97998333],[-126.54696762,52.97863603],[-126.57186586,52.98239776],[-126.5848555,52.96957087],[-126.59469926,52.96801388],[-126.60807623,52.97531051],[-126.63050998,52.9754862],[-126.62487605,52.98561021],[-126.6164303,52.98882193],[-126.61403049,52.99565693],[-126.62191556,52.99865956],[-126.62368133,53.00337614],[-126.63484363,53.01180861],[-126.63589818,53.01765158],[-126.65304443,53.03352271],[-126.66141094,53.02530743],[-126.6721925,53.0233612],[-126.67528546,53.01169662],[-126.69024407,52.99648815],[-126.70714392,52.98904495],[-126.72354972,52.99369939],[-126.74925683,52.99052504],[-126.75901255,52.99830271],[-126.77428871,53.00457606],[-126.78276008,52.99628113],[-126.7870377,52.99678324],[-126.79173171,53.00234908],[-126.78856003,53.00630634],[-126.78945074,53.01968383],[-126.79603743,53.02434256],[-126.79774599,53.02954833],[-126.79234066,53.03646157],[-126.79337487,53.04512093],[-126.7893155,53.05074413],[-126.79587571,53.06150879],[-126.79611259,53.06755975],[-126.81276008,53.07730702],[-126.81225286,53.08582649],[-126.83737707,53.10560643],[-126.86632879,53.10908486],[-126.86693724,53.10296797],[-126.87473344,53.09423767],[-126.87646846,53.08744897],[-126.89077803,53.08265027],[-126.89948011,53.08159939],[-126.91018913,53.08585667],[-126.91841973,53.0830611],[-126.93483627,53.08420135],[-126.93951447,53.08499233],[-126.94203242,53.09070051],[-126.94898876,53.09152616],[-126.96547201,53.07947388],[-126.98090831,53.07449526],[-126.99415722,53.06600264],[-127.00163008,53.06586778],[-127.00597967,53.07214747],[-127.0158648,53.07436283],[-127.01915655,53.08167308],[-127.00892043,53.08683429],[-127.01705777,53.09335342],[-127.03129775,53.11555424],[-127.01792573,53.12148182],[-127.01427169,53.12656404],[-127.00187253,53.12680587],[-127.00173868,53.12997419],[-126.99218594,53.13343982],[-126.99507407,53.1444348],[-126.99093673,53.15215796],[-127.00233759,53.15667175],[-127.00399234,53.16230063],[-127.0146768,53.17130808],[-127.01746107,53.17876301],[-127.01366091,53.18761843],[-127.02482355,53.19356691],[-127.02548517,53.19838828],[-127.04398586,53.19703897],[-127.0453191,53.20200559],[-127.03929319,53.20616801],[-127.03918907,53.21208232],[-127.04298345,53.21399471],[-127.03746507,53.2240474],[-127.0254861,53.23354123],[-127.00376615,53.23739045],[-127.00105383,53.24167058],[-127.00608287,53.24726284],[-127.00063885,53.25716219],[-126.99058052,53.26668582],[-126.98247507,53.26392631],[-126.98089027,53.26705762],[-126.98694475,53.28616471],[-127.00213253,53.2938755],[-127.00467508,53.30407738],[-127.0140527,53.30478256],[-127.04173709,53.29619459],[-127.06135005,53.29373745],[-127.07553082,53.27541981],[-127.06904959,53.26305187],[-127.08024616,53.24860504],[-127.07759542,53.23975159],[-127.08713147,53.2375586],[-127.09922082,53.24336221],[-127.11670933,53.23827988],[-127.13170321,53.23947729],[-127.13136034,53.24528528],[-127.13921148,53.25261546],[-127.13825038,53.25513627],[-127.14709634,53.26357462],[-127.15060304,53.27174149],[-127.1693158,53.27172387],[-127.18748275,53.262184],[-127.19581296,53.26152832],[-127.19364943,53.25196589],[-127.21003456,53.24673798],[-127.22682944,53.2482916],[-127.23276569,53.25299169],[-127.24374569,53.25424187],[-127.25089906,53.25932776],[-127.25636753,53.26909017],[-127.25552319,53.27439968],[-127.26790872,53.27697685],[-127.28285904,53.26747389],[-127.27820088,53.25806023],[-127.27739005,53.24255412],[-127.28813135,53.23460145],[-127.29971025,53.21913926],[-127.29972041,53.21242086],[-127.30429816,53.20728602],[-127.31692851,53.20503349],[-127.32239524,53.21534456],[-127.33620178,53.2247935],[-127.35851624,53.22348374],[-127.36455646,53.20631886],[-127.35520624,53.19048364],[-127.35596691,53.17990552],[-127.36570004,53.17923281],[-127.38179894,53.18398005],[-127.40241975,53.17982616],[-127.40810435,53.17527961],[-127.40765088,53.16595869],[-127.41236072,53.16096904],[-127.42485439,53.16349311],[-127.43794614,53.15522254],[-127.46973745,53.14479601],[-127.47279597,53.13457906],[-127.46976279,53.12393856],[-127.46237824,53.1216756],[-127.43051604,53.12355246],[-127.43348482,53.11653651],[-127.4448898,53.10913634],[-127.45370627,53.09823393],[-127.45176488,53.09074478],[-127.44601355,53.08677806],[-127.41601426,53.08034453],[-127.38697889,53.08303064],[-127.36542528,53.08061624],[-127.35488739,53.08466266],[-127.32191233,53.07455145],[-127.29198487,53.0748826],[-127.25334252,53.0447548],[-127.24801872,53.03480661],[-127.2494423,53.02747421],[-127.23607433,53.00550994],[-127.25771571,52.99475792],[-127.25863251,52.98594682],[-127.25104442,52.98154877],[-127.24578192,52.97025247],[-127.23157976,52.96322485],[-127.23131217,52.96042421],[-127.24813076,52.95806071],[-127.25906731,52.94930922],[-127.27929582,52.94264313],[-127.28600163,52.936178],[-127.28878126,52.91708384],[-127.29615575,52.90825538],[-127.29268216,52.90436872],[-127.27158059,52.89868003],[-127.27040361,52.8935894],[-127.28166976,52.88520041],[-127.26105231,52.8809375],[-127.26180113,52.87476134],[-127.25175547,52.86310572],[-127.24188664,52.85921712],[-127.22870496,52.86047703],[-127.21610095,52.85735792],[-127.2239277,52.83081284],[-127.21803236,52.82542039],[-127.22294657,52.82139385],[-127.24078437,52.81964148],[-127.24593019,52.81641791],[-127.25563109,52.8173227],[-127.27409885,52.81002896],[-127.28994269,52.81769097],[-127.30457273,52.80178785],[-127.31217728,52.79772354],[-127.33478634,52.79804014],[-127.33620594,52.79350304],[-127.34082113,52.79654225],[-127.34374754,52.80658963],[-127.35472434,52.80702889],[-127.36064765,52.79708738],[-127.37296741,52.78816697],[-127.37987361,52.77554902],[-127.37961076,52.7646768],[-127.36532174,52.75637191],[-127.36731683,52.75096897],[-127.38595735,52.74656683],[-127.39434409,52.73527119],[-127.41081005,52.73378501],[-127.4161257,52.72646573],[-127.4303331,52.71929233],[-127.46460295,52.71070546],[-127.4687448,52.69980947],[-127.47457234,52.69651287],[-127.46531407,52.68810031],[-127.46863772,52.68677513],[-127.50124534,52.68988568],[-127.51490536,52.69589239],[-127.53269987,52.6908545],[-127.54404101,52.69587877],[-127.55088435,52.69533989],[-127.5656329,52.69052053],[-127.57057027,52.69564963],[-127.57037233,52.7016978],[-127.58081294,52.70789087],[-127.57733364,52.71882985],[-127.60560209,52.7307597],[-127.62470121,52.73517141],[-127.62314538,52.74364854],[-127.5999952,52.76007184],[-127.60511616,52.78024231],[-127.64618873,52.77968304],[-127.67645972,52.7905967],[-127.70625566,52.78553128],[-127.73610792,52.77111829],[-127.7273573,52.76703652],[-127.72509654,52.76190479],[-127.7125685,52.7609518],[-127.71073888,52.75798265],[-127.71445759,52.74832073],[-127.71262641,52.73677754],[-127.71938399,52.73047987],[-127.72152768,52.71785192],[-127.7303022,52.71485497],[-127.74425376,52.71886029],[-127.76030698,52.70470497],[-127.77122891,52.70496174],[-127.78469605,52.69942257],[-127.80034299,52.70718461],[-127.81179027,52.70883256],[-127.8228276,52.71722457],[-127.82163911,52.72749022],[-127.82682546,52.73470925],[-127.85067267,52.73867964],[-127.87653967,52.75188305],[-127.88516095,52.7522643],[-127.90365079,52.74240365],[-127.94172732,52.73413953],[-127.94879836,52.73454173],[-127.96146124,52.74623102],[-128.01804287,52.75189548],[-128.07139377,52.76539714],[-128.09907089,52.76731078],[-128.11938516,52.76287429],[-128.13236859,52.75283126],[-128.16331561,52.70760536],[-128.18260205,52.67258534],[-128.19581894,52.64075403],[-128.20674797,52.6242611],[-128.23116473,52.59532807],[-128.24863386,52.58291406],[-128.25543908,52.57285515],[-128.2604628,52.55025824],[-128.24528128,52.46894228],[-128.24756328,52.45158103],[-128.2646851,52.41653286],[-128.27342369,52.40769737],[-128.30720824,52.40264682],[-128.31719496,52.39785587],[-128.34266722,52.37335099],[-128.37189828,52.36098283],[-128.37807807,52.3440437],[-128.37493249,52.33311717],[-128.38234149,52.32224559],[-128.45589316,52.280487],[-128.59304917,52.21733758],[-128.78198415,52.1520506],[-128.996443,52.09508471],[-128.09284541,51.07227261],[-127.99999449,51.10188794],[-127.75474956,51.16157964],[-127.71597733,51.16156079],[-127.71588993,51.19048495],[-127.66376467,51.19323559],[-127.6512417,51.18436476],[-127.61341381,51.19117967],[-127.60078927,51.18633961],[-127.5961359,51.19000248],[-127.5788454,51.19302201],[-127.5744499,51.19700696],[-127.53692941,51.198818],[-127.53289747,51.20165534],[-127.4962043,51.20018873],[-127.48272784,51.20543926],[-127.47342005,51.20169936],[-127.45670884,51.2041879],[-127.47142639,51.21807948],[-127.48919913,51.22185924],[-127.4831732,51.23321969],[-127.44566099,51.22831154],[-127.42030003,51.22965782],[-127.41021196,51.22726385],[-127.38777371,51.23018534],[-127.38692735,51.22321068],[-127.36928326,51.21609229],[-127.34655291,51.2185524],[-127.32332868,51.20892697],[-127.30912044,51.21454551],[-127.26700469,51.21167207],[-127.27181113,51.2151153],[-127.26815489,51.21944542],[-127.23620914,51.21953063],[-127.21627604,51.20767626],[-127.21549184,51.20239453],[-127.21014413,51.1987875],[-127.19605799,51.20547798],[-127.16788612,51.20272002],[-127.16832863,51.20666941],[-127.14661413,51.20802208],[-127.12881657,51.21813263],[-127.09586931,51.22238779],[-127.08504289,51.22030323],[-127.07911174,51.22733558],[-127.08589065,51.22924138],[-127.04640495,51.23584017],[-127.02848039,51.23014815],[-127.00621202,51.23958248],[-126.99089438,51.24222991],[-126.97083899,51.23473282],[-126.95310663,51.23403754],[-126.94412371,51.23959955],[-126.92226628,51.24237455],[-126.91885762,51.25143787],[-126.92187391,51.25673037],[-126.91285906,51.26080584],[-126.91940275,51.27101367],[-126.91731121,51.27724028],[-126.92130348,51.27892143],[-126.9217281,51.2846697],[-126.90004914,51.29186559],[-126.89140152,51.30665276],[-126.86820719,51.30635831],[-126.86233205,51.3162157],[-126.85338504,51.32066593],[-126.81979869,51.32113335],[-126.81523111,51.31151384],[-126.82029712,51.29988562],[-126.81224216,51.29430774],[-126.7668358,51.2984868],[-126.76634258,51.30311781],[-126.77123914,51.31007763],[-126.76081003,51.31455977],[-126.75408559,51.31398141],[-126.7507924,51.33288543],[-126.73685693,51.33689356],[-126.72233923,51.34626659],[-126.73064871,51.35893753],[-126.72198466,51.36399458],[-126.71230114,51.37573683],[-126.71433497,51.39072384],[-126.70048367,51.39498577],[-126.70110516,51.40739521],[-126.71224288,51.41528025],[-126.71133279,51.41910239],[-126.71690475,51.42627665],[-126.73141636,51.43399137],[-126.72093912,51.45238219],[-126.70926677,51.45800927],[-126.71250757,51.46896377],[-126.70373892,51.47741655],[-126.69902838,51.47933435],[-126.66260424,51.44939282],[-126.63348427,51.44449615],[-126.62116137,51.43928207],[-126.61124432,51.42046678],[-126.59826746,51.42027784],[-126.5924623,51.4057602],[-126.56972622,51.40483652],[-126.55564616,51.41637905],[-126.54819783,51.41684834],[-126.53699776,51.41053975],[-126.52423014,51.41928118],[-126.50795071,51.42296956],[-126.506342,51.42714422],[-126.49446233,51.42548784],[-126.4810785,51.43922233],[-126.48039464,51.4485877],[-126.47393907,51.45437585],[-126.46549925,51.45543897],[-126.45658735,51.46600252]]]}},{"type":"Feature","properties":{"name":"Cranbrook"},"geometry":{"type":"Polygon","coordinates":[[[-116.66173706,49.4712273],[-116.62841889,49.46061085],[-116.61476946,49.4731002],[-116.59584325,49.47657449],[-116.58880854,49.47044992],[-116.58936105,49.46341785],[-116.58109879,49.45750298],[-116.58190793,49.4540737],[-116.55865334,49.45699157],[-116.54737123,49.46677237],[-116.52482546,49.46836364],[-116.51719611,49.47605424],[-116.50321413,49.4792736],[-116.48795925,49.49233507],[-116.46508794,49.49299045],[-116.45288117,49.50388869],[-116.45785369,49.51076835],[-116.45891892,49.51871975],[-116.45226958,49.52779463],[-116.4254426,49.53703244],[-116.41337888,49.53470523],[-116.40771744,49.52436811],[-116.36119693,49.5154229],[-116.34132312,49.52847065],[-116.31498197,49.52423423],[-116.30333475,49.52561728],[-116.29584941,49.52241026],[-116.29925165,49.51836542],[-116.29416594,49.51282068],[-116.29338505,49.50404545],[-116.27963349,49.49626641],[-116.28226767,49.48909033],[-116.27923519,49.4858471],[-116.28571197,49.47902857],[-116.28419437,49.47704015],[-116.24599436,49.46471717],[-116.24353477,49.45374545],[-116.25647823,49.44950235],[-116.23247204,49.42813557],[-116.23823329,49.42412562],[-116.23819091,49.42090491],[-116.20361591,49.41368328],[-116.20675365,49.409243],[-116.204646,49.40509082],[-116.19378058,49.40183127],[-116.18936226,49.39668384],[-116.17932806,49.39484863],[-116.17875557,49.38392952],[-116.17548041,49.3789093],[-116.15856525,49.36662199],[-116.16153988,49.35050318],[-116.16969974,49.34758514],[-116.17713133,49.33846966],[-116.18123977,49.32538952],[-116.17865314,49.3180367],[-116.1686295,49.30748886],[-116.17084263,49.29351481],[-116.16799637,49.28977552],[-116.13447691,49.28289233],[-116.12566068,49.28384938],[-116.11687401,49.28950044],[-116.10037861,49.28800579],[-116.08953127,49.27936288],[-116.08820088,49.27234594],[-116.06874532,49.2609837],[-116.07153882,49.25138103],[-116.06147997,49.23632534],[-116.06194924,49.2304963],[-116.07661239,49.21478599],[-116.09615785,49.20360505],[-116.10155363,49.18954972],[-116.1306954,49.17747035],[-116.13917159,49.16384584],[-116.13928696,49.16072803],[-116.13249647,49.15860576],[-116.13714713,49.15242957],[-116.12907361,49.1406657],[-116.13094214,49.13245245],[-116.15215875,49.127078],[-116.16329815,49.11499337],[-116.16684316,49.10464151],[-116.18491523,49.09739355],[-116.19549575,49.09768478],[-116.20149394,49.08743465],[-116.20363367,49.07584371],[-116.22951037,49.08604316],[-116.24019757,49.10687249],[-116.25286522,49.11431945],[-116.26935659,49.11470321],[-116.28810258,49.10941793],[-116.3096905,49.11081761],[-116.32043654,49.107178],[-116.32873875,49.09031676],[-116.35330945,49.07939815],[-116.3743113,49.07640004],[-116.38839414,49.05712128],[-116.38705373,49.0472162],[-116.35951305,49.03173264],[-116.32734931,49.02630621],[-116.30234998,49.02585855],[-116.28676893,49.02100215],[-116.27537439,49.01371098],[-116.27372593,49.00004429],[-115.18192597,49.0000237],[-115.16886579,49.02742463],[-115.17038649,49.04493954],[-115.18689627,49.05585806],[-115.20900245,49.08061005],[-115.21056389,49.09936943],[-115.21906749,49.11231324],[-115.24888494,49.12965413],[-115.25876915,49.1421393],[-115.25780546,49.14938682],[-115.25048284,49.1580085],[-115.22571021,49.18074663],[-115.22294386,49.19305873],[-115.24697726,49.21139859],[-115.26914989,49.23926005],[-115.27461029,49.25161445],[-115.27377677,49.26414614],[-115.28346375,49.27791672],[-115.31280121,49.29283817],[-115.34725503,49.30049122],[-115.35987012,49.30745899],[-115.36284449,49.33316369],[-115.38333781,49.35538209],[-115.40789513,49.37159672],[-115.407202,49.38531781],[-115.41749297,49.39838136],[-115.41714527,49.41226027],[-115.42294549,49.42338945],[-115.42610814,49.44038393],[-115.43200679,49.44816047],[-115.44134634,49.45621824],[-115.46274205,49.46687748],[-115.48786467,49.47362801],[-115.50612495,49.47340065],[-115.51202969,49.48234308],[-115.52949153,49.48749945],[-115.53595466,49.49604607],[-115.53614396,49.51154282],[-115.55101222,49.50824454],[-115.55804409,49.51154713],[-115.54982161,49.52884797],[-115.5560826,49.53291235],[-115.57092301,49.53351162],[-115.5824939,49.54547617],[-115.5752393,49.55252683],[-115.5814111,49.56979612],[-115.58942938,49.57558841],[-115.58446535,49.58121569],[-115.5869959,49.58402423],[-115.59503426,49.58898157],[-115.60331741,49.60003834],[-115.61381315,49.59798126],[-115.62738222,49.6050277],[-115.6366956,49.61422861],[-115.63280284,49.62052804],[-115.63471952,49.62312819],[-115.65751316,49.63008816],[-115.65781828,49.63905125],[-115.66631092,49.65042699],[-115.69119969,49.65532343],[-115.68225508,49.66269586],[-115.6859866,49.67093402],[-115.69963531,49.67778544],[-115.69529484,49.69608279],[-115.7218656,49.70607809],[-115.72250491,49.7084004],[-115.71663316,49.7119551],[-115.72468896,49.71463856],[-115.72870726,49.72118737],[-115.7197923,49.72136958],[-115.71561453,49.72467373],[-115.72446263,49.73181778],[-115.73393038,49.73388013],[-115.73135995,49.74247696],[-115.74283238,49.74644081],[-115.73939934,49.74995317],[-115.73958136,49.75524701],[-115.75249981,49.76078559],[-115.74595997,49.76777343],[-115.74716614,49.77556206],[-115.75683383,49.77489901],[-115.76311969,49.7793979],[-115.7596801,49.78763824],[-115.76793365,49.79280216],[-115.77028289,49.79788836],[-115.76688614,49.81017504],[-115.75039215,49.83054463],[-115.73513285,49.84232769],[-115.72419121,49.84341777],[-115.71721139,49.84899242],[-115.71266223,49.86253981],[-115.71629935,49.86593802],[-115.7169719,49.87486958],[-115.71089337,49.88018685],[-115.71331194,49.88541728],[-115.72062926,49.88775392],[-115.73566212,49.90239638],[-115.74152411,49.91822692],[-115.75483986,49.92174125],[-115.76208247,49.9291362],[-115.77754339,49.93209595],[-115.77478948,49.93772901],[-115.78251396,49.94112517],[-115.78373113,49.94514388],[-115.78082814,49.95473565],[-115.78333041,49.96483423],[-115.7919051,49.96919973],[-115.79435498,49.97388141],[-115.7975756,49.99685463],[-115.79324341,50.00818952],[-115.80204046,50.0270827],[-115.78798625,50.0487258],[-115.79168911,50.05657269],[-115.78569885,50.07607074],[-115.78584134,50.09108546],[-115.78247455,50.0950322],[-115.78442721,50.10203315],[-115.79329785,50.11127067],[-115.79548944,50.12113469],[-115.80757009,50.12334257],[-115.81971536,50.13540515],[-115.85238728,50.14151144],[-115.88386824,50.16266833],[-115.93267393,50.17018715],[-115.93611064,50.17416792],[-115.93602879,50.18414604],[-115.94829275,50.19107548],[-115.94389226,50.19559968],[-115.94908024,50.19987084],[-115.95538667,50.20168946],[-115.96415186,50.19388931],[-115.97573907,50.19136987],[-115.97905323,50.18714938],[-115.97608188,50.18341788],[-115.98160145,50.18146969],[-116.02291636,50.17839357],[-116.03689418,50.19004917],[-116.06833483,50.18596617],[-116.07447938,50.19898652],[-116.07782955,50.20022987],[-116.07351739,50.21329511],[-116.0765603,50.21971901],[-116.09310462,50.21609388],[-116.09832447,50.20836861],[-116.13466892,50.20101782],[-116.16164997,50.21424336],[-116.17987146,50.20999357],[-116.19160796,50.21544075],[-116.24000283,50.21086988],[-116.24637775,50.20678776],[-116.25807587,50.20583763],[-116.27716421,50.17720487],[-116.29873393,50.17316822],[-116.31682104,50.16176381],[-116.32771183,50.16236294],[-116.32590276,50.15947049],[-116.33092377,50.15330574],[-116.34973745,50.14873637],[-116.37374145,50.13593065],[-116.37317282,50.12961658],[-116.39222908,50.12723691],[-116.39079205,50.12288078],[-116.39706657,50.11615763],[-116.43970242,50.11458754],[-116.45296218,50.11872207],[-116.46262041,50.11549214],[-116.47449092,50.1165071],[-116.4819707,50.11213528],[-116.47934664,50.10990462],[-116.48198545,50.10604651],[-116.48988685,50.10273543],[-116.49571341,50.09540383],[-116.49460355,50.08168441],[-116.49926315,50.07315367],[-116.49601393,50.05768881],[-116.49858438,50.05401724],[-116.46941495,50.03809357],[-116.4723805,50.02961693],[-116.46646199,50.02229124],[-116.47000199,50.0132143],[-116.46638246,50.00259822],[-116.44245505,49.98729892],[-116.44302925,49.98144199],[-116.45055447,49.9754026],[-116.45149026,49.96948429],[-116.4621072,49.96599282],[-116.47678915,49.96920986],[-116.49324262,49.9744951],[-116.50299568,49.98292435],[-116.51249127,49.98591456],[-116.52773192,49.97222574],[-116.56043912,49.9536371],[-116.57397526,49.95500121],[-116.58133904,49.95232073],[-116.58276825,49.93139645],[-116.58681905,49.92779064],[-116.60171976,49.92589192],[-116.61508105,49.91686554],[-116.6216184,49.90994365],[-116.6246562,49.89716316],[-116.63426664,49.88742159],[-116.64456193,49.88270521],[-116.67604169,49.88322883],[-116.69539668,49.87482777],[-116.68317031,49.86330009],[-116.68777986,49.85084098],[-116.68480953,49.84603041],[-116.69036454,49.84403919],[-116.68693534,49.83562054],[-116.67894622,49.82911376],[-116.68225366,49.82486845],[-116.67324182,49.81916796],[-116.68607797,49.81233384],[-116.67982066,49.80996688],[-116.68002513,49.80311854],[-116.66191177,49.78560256],[-116.64329445,49.7858929],[-116.63864523,49.7837936],[-116.63766829,49.77769896],[-116.62793773,49.77584483],[-116.62897636,49.76753715],[-116.62257815,49.76246599],[-116.62375166,49.74923182],[-116.60284817,49.74552497],[-116.5968281,49.73944375],[-116.58836032,49.73659834],[-116.59816579,49.73167693],[-116.59053095,49.72562862],[-116.60838849,49.71479783],[-116.58983251,49.70085483],[-116.58971044,49.69621354],[-116.61614786,49.69044404],[-116.62336983,49.68681903],[-116.62594942,49.68158481],[-116.63942374,49.68066982],[-116.64615701,49.67308268],[-116.65716274,49.67035398],[-116.65749615,49.66661212],[-116.66613086,49.6588347],[-116.66570697,49.65448883],[-116.67048129,49.65225411],[-116.67693627,49.64196888],[-116.67674245,49.63451188],[-116.6724004,49.63139366],[-116.64913196,49.63133269],[-116.64462873,49.62684492],[-116.65128603,49.61390746],[-116.65951372,49.61089355],[-116.6756424,49.59093845],[-116.68271257,49.58961778],[-116.67508491,49.58330035],[-116.68623612,49.57930175],[-116.68574537,49.57271585],[-116.66438068,49.56607655],[-116.65078097,49.56768203],[-116.62310584,49.54560336],[-116.62239611,49.5363191],[-116.63095373,49.52669951],[-116.63035056,49.52347405],[-116.6393096,49.51747033],[-116.63695508,49.50813983],[-116.64089615,49.49967796],[-116.66414251,49.4773292],[-116.66173706,49.4712273]]]}},{"type":"Feature","properties":{"name":"Fernie"},"geometry":{"type":"Polygon","coordinates":[[[-115.58163794,49.56769566],[-115.5752393,49.55252683],[-115.5824939,49.54547617],[-115.57092301,49.53351162],[-115.5560826,49.53291235],[-115.54982161,49.52884797],[-115.55804409,49.51154713],[-115.55101222,49.50824454],[-115.53614396,49.51154282],[-115.53595466,49.49604607],[-115.52949153,49.48749945],[-115.51202969,49.48234308],[-115.50612495,49.47340065],[-115.48786467,49.47362801],[-115.46274205,49.46687748],[-115.44134634,49.45621824],[-115.43200679,49.44816047],[-115.42610814,49.44038393],[-115.42294549,49.42338945],[-115.41714527,49.41226027],[-115.41749297,49.39838136],[-115.407202,49.38531781],[-115.40789513,49.37159672],[-115.38333781,49.35538209],[-115.36284449,49.33316369],[-115.35987012,49.30745899],[-115.34725503,49.30049122],[-115.32006394,49.295053],[-115.28930318,49.28297432],[-115.27377677,49.26414614],[-115.27461029,49.25161445],[-115.26455487,49.23295761],[-115.24697726,49.21139859],[-115.22383767,49.19458955],[-115.22571021,49.18074663],[-115.25048284,49.1580085],[-115.25780546,49.14938682],[-115.25876915,49.1421393],[-115.24888494,49.12965413],[-115.22017696,49.11372848],[-115.21056389,49.09936943],[-115.20900245,49.08061005],[-115.18689627,49.05585806],[-115.17038649,49.04493954],[-115.16886579,49.02742463],[-115.18192597,49.0000237],[-114.06923007,49.00000772],[-114.07200596,49.00527611],[-114.05471138,49.02602307],[-114.06476576,49.04610126],[-114.08196885,49.05973761],[-114.09079001,49.05842197],[-114.10194228,49.06211259],[-114.11558256,49.07352189],[-114.1302476,49.07892615],[-114.15227831,49.09873586],[-114.14996694,49.1181664],[-114.16551047,49.13479796],[-114.14907687,49.14384879],[-114.15926357,49.1499034],[-114.16247974,49.15543463],[-114.17507404,49.16370597],[-114.21221343,49.17346033],[-114.2220762,49.18896575],[-114.23019526,49.18905318],[-114.23886672,49.18486054],[-114.24750289,49.18638921],[-114.2566359,49.17693519],[-114.26954127,49.18101984],[-114.28802331,49.17818975],[-114.29255626,49.18702249],[-114.31035597,49.19186487],[-114.31883932,49.19994338],[-114.33647467,49.19947899],[-114.34572689,49.19335014],[-114.36445,49.20324387],[-114.3799725,49.2034186],[-114.39700392,49.20936443],[-114.40115296,49.21392009],[-114.39434518,49.22037046],[-114.40554033,49.22494984],[-114.40068601,49.22843036],[-114.40262845,49.24091763],[-114.38355231,49.24641453],[-114.38050166,49.24997913],[-114.38650797,49.25089825],[-114.39303262,49.25690369],[-114.4138693,49.26214332],[-114.44744227,49.26436051],[-114.45103915,49.28044755],[-114.44687614,49.28935289],[-114.45402182,49.29795023],[-114.47730572,49.31169752],[-114.48479022,49.31080826],[-114.49171845,49.31427944],[-114.49220644,49.32242305],[-114.47955682,49.3271227],[-114.4888602,49.34745166],[-114.50781013,49.35630274],[-114.52293552,49.35632213],[-114.53135032,49.37134769],[-114.52777117,49.3760665],[-114.53670381,49.3794607],[-114.56693538,49.37702517],[-114.57540765,49.38634455],[-114.57343757,49.38964992],[-114.59049865,49.39598065],[-114.59205934,49.40522508],[-114.59791745,49.41212131],[-114.59741492,49.42097301],[-114.60075655,49.42423613],[-114.59871492,49.43381997],[-114.60516795,49.43957662],[-114.59886745,49.44649077],[-114.60346846,49.45181321],[-114.59744471,49.45878576],[-114.59904212,49.46715941],[-114.59346463,49.47044364],[-114.59594582,49.47960083],[-114.59413354,49.48648993],[-114.59682067,49.49018945],[-114.59330581,49.49381436],[-114.59495945,49.50253876],[-114.58558314,49.51202403],[-114.58253938,49.52066968],[-114.57290706,49.52522672],[-114.5736267,49.53119813],[-114.57039836,49.53638428],[-114.57433338,49.55696957],[-114.5884332,49.56525306],[-114.59475094,49.56085954],[-114.60856918,49.55836505],[-114.61823406,49.54753454],[-114.62930991,49.54920067],[-114.64083555,49.54327328],[-114.65108714,49.54399483],[-114.66381065,49.55199742],[-114.68124386,49.55580269],[-114.69016346,49.5534069],[-114.69629809,49.54727631],[-114.71010242,49.55868655],[-114.7141444,49.56861711],[-114.73282973,49.57699922],[-114.73805515,49.59637228],[-114.74643642,49.60090751],[-114.7467084,49.6069498],[-114.75271702,49.61039522],[-114.74768177,49.61940293],[-114.72259047,49.62442974],[-114.71645078,49.63085172],[-114.70866761,49.63261576],[-114.70406917,49.63914718],[-114.69732425,49.63344465],[-114.6909789,49.63393958],[-114.6743586,49.64338154],[-114.66702695,49.63813295],[-114.6570503,49.66085907],[-114.66974567,49.67120949],[-114.66500747,49.67678225],[-114.67039746,49.68530062],[-114.67062245,49.69260085],[-114.63608443,49.70302949],[-114.63813821,49.72410347],[-114.6330522,49.73401157],[-114.64466137,49.74162493],[-114.64205342,49.74721226],[-114.65913796,49.76389341],[-114.64388559,49.77489903],[-114.63590234,49.78555666],[-114.64164686,49.79435354],[-114.64187016,49.80775086],[-114.64754606,49.81723872],[-114.64025071,49.82830636],[-114.6600603,49.85090268],[-114.66215274,49.86332426],[-114.6705523,49.86416829],[-114.67365197,49.87997654],[-114.68439196,49.88699254],[-114.69147519,49.89662458],[-114.68697394,49.91613068],[-114.69023142,49.92369759],[-114.68941299,49.93620328],[-114.69420909,49.94173944],[-114.68427114,49.95574626],[-114.68321173,49.96496339],[-114.67882087,49.9674846],[-114.65538973,49.96785025],[-114.65124527,49.97661783],[-114.65408367,49.98708276],[-114.65227859,49.9933517],[-114.66717676,50.00158687],[-114.65903808,50.01843263],[-114.65925087,50.03022983],[-114.66718777,50.0362002],[-114.66487038,50.04060634],[-114.67596402,50.04644065],[-114.66714058,50.05138301],[-114.66416826,50.06475328],[-114.67963884,50.06364107],[-114.69237002,50.07180074],[-114.69874167,50.08749788],[-114.70502547,50.08970776],[-114.70406761,50.09322501],[-114.71049756,50.1010883],[-114.72024474,50.10568774],[-114.72301688,50.11194095],[-114.73669782,50.1205459],[-114.7256474,50.1417408],[-114.72682772,50.16173397],[-114.73359926,50.16950272],[-114.72478084,50.18382275],[-114.72539109,50.1899423],[-114.73926361,50.20233708],[-114.74055249,50.21171712],[-114.74940819,50.21508216],[-114.74550036,50.21878455],[-114.74771084,50.22398125],[-114.76384611,50.23444941],[-114.76320742,50.23980756],[-114.76918185,50.24399688],[-114.77138028,50.25030968],[-114.76269194,50.26857292],[-114.75291398,50.27441783],[-114.75552371,50.29686749],[-114.77113804,50.30235991],[-114.78127307,50.30008093],[-114.78229446,50.31591565],[-114.79817395,50.32552026],[-114.80090499,50.33017053],[-114.76758239,50.35095658],[-114.76975911,50.35869061],[-114.77432226,50.36240314],[-114.78525094,50.36288317],[-114.79057196,50.35828993],[-114.80904958,50.37020895],[-114.81706832,50.37017245],[-114.81879307,50.3737216],[-114.81411439,50.37937095],[-114.82753811,50.39340476],[-114.83204743,50.39066476],[-114.84059424,50.39414303],[-114.85619687,50.39268874],[-114.86390261,50.39515114],[-114.86707652,50.39950876],[-114.86279208,50.40871253],[-114.86522001,50.41642044],[-114.86152318,50.42403352],[-114.87269735,50.42875342],[-114.87718996,50.4395123],[-114.88894062,50.43592163],[-114.91117117,50.45025692],[-114.91906234,50.462198],[-114.93331858,50.47401986],[-114.93841376,50.48695412],[-114.94718239,50.48997951],[-114.95960002,50.5038245],[-114.97955637,50.53533518],[-114.99167919,50.54356787],[-115.01130814,50.56646092],[-115.0164955,50.58233194],[-115.01981557,50.58427722],[-115.05478906,50.57306404],[-115.06371052,50.58238717],[-115.07295472,50.5857166],[-115.12006701,50.56980378],[-115.13905827,50.574021],[-115.17245424,50.56821815],[-115.17878389,50.55785283],[-115.19138956,50.55455529],[-115.18987987,50.54788434],[-115.1854634,50.54419121],[-115.18805725,50.53908395],[-115.20732754,50.52827817],[-115.19459907,50.52460179],[-115.18967511,50.51939871],[-115.17478037,50.51899634],[-115.1668267,50.51233144],[-115.16574469,50.49937635],[-115.16191652,50.49268406],[-115.16434756,50.47909947],[-115.16112579,50.47409265],[-115.14130508,50.46312871],[-115.13713253,50.45046129],[-115.11945598,50.44186598],[-115.12136834,50.4364915],[-115.13627789,50.42389646],[-115.13779956,50.41806503],[-115.13293006,50.40694249],[-115.12415359,50.39892187],[-115.12618662,50.39433151],[-115.11978717,50.39144005],[-115.12947833,50.38686549],[-115.12523766,50.38294759],[-115.12585056,50.37573489],[-115.12135492,50.36964542],[-115.12471024,50.3638799],[-115.12388128,50.35512394],[-115.10127565,50.34047388],[-115.09462194,50.32737702],[-115.10018266,50.31991265],[-115.12735318,50.32126229],[-115.13739847,50.31677329],[-115.132173,50.31054635],[-115.13684738,50.30544945],[-115.12810536,50.29991229],[-115.12859761,50.29014353],[-115.12588477,50.28717653],[-115.13565345,50.27770968],[-115.11084912,50.26827852],[-115.11359037,50.26476111],[-115.1372196,50.25776675],[-115.13292237,50.24069912],[-115.13530793,50.2360468],[-115.12393406,50.2309706],[-115.11686747,50.22073661],[-115.09937204,50.21627027],[-115.0972778,50.21170273],[-115.10266298,50.20614083],[-115.09813623,50.20189328],[-115.09640125,50.19169181],[-115.08542135,50.17181313],[-115.0703582,50.16149615],[-115.0739433,50.15253081],[-115.06736991,50.14708876],[-115.06936366,50.14064279],[-115.05182841,50.13596817],[-115.0505476,50.12856302],[-115.05498202,50.11607856],[-115.09174903,50.10709855],[-115.11666766,50.1081378],[-115.12362987,50.11331512],[-115.15791992,50.11441701],[-115.18818412,50.10663323],[-115.20401334,50.10772347],[-115.22129107,50.08514998],[-115.2245703,50.07058281],[-115.22446363,50.06715435],[-115.21390078,50.06005824],[-115.2249502,50.04903759],[-115.24930124,50.04042106],[-115.26981894,50.03844311],[-115.25016386,50.01771346],[-115.25836524,50.01536307],[-115.26769465,50.00646477],[-115.24284453,50.0026809],[-115.23823246,49.99565816],[-115.23980154,49.99216472],[-115.2505382,49.98899007],[-115.26297954,49.97608022],[-115.3007986,49.9702369],[-115.31045067,49.9636278],[-115.3071569,49.9565262],[-115.3172245,49.95265974],[-115.34720366,49.95449049],[-115.35253164,49.96727548],[-115.35975456,49.97147091],[-115.3654445,50.0013368],[-115.36259033,50.01059726],[-115.36912965,50.01037469],[-115.38743903,50.01816781],[-115.38420325,50.02282688],[-115.38699436,50.02754345],[-115.39345796,50.03481951],[-115.40610842,50.03874493],[-115.41337131,50.05221021],[-115.42113079,50.05935876],[-115.42027222,50.06454609],[-115.41125288,50.06990932],[-115.43740847,50.08089173],[-115.44163393,50.09344157],[-115.45092018,50.09624641],[-115.45074298,50.10104701],[-115.45513869,50.10629574],[-115.47583108,50.10981622],[-115.47980799,50.10397686],[-115.50985812,50.09735962],[-115.52666147,50.10001209],[-115.55290138,50.11615386],[-115.53409674,50.13781039],[-115.5314451,50.14856098],[-115.54085982,50.15995877],[-115.54257503,50.16944245],[-115.56025358,50.18042026],[-115.58889775,50.17702962],[-115.59254172,50.17315261],[-115.61317583,50.16717215],[-115.61534103,50.1631747],[-115.61223834,50.16127033],[-115.60973818,50.15018852],[-115.61589459,50.14258053],[-115.62813985,50.13648173],[-115.64971494,50.13913625],[-115.66258382,50.14558226],[-115.67140647,50.15773443],[-115.67671971,50.15723409],[-115.6821385,50.15095634],[-115.69357342,50.14851863],[-115.6987818,50.14068346],[-115.70759417,50.13524156],[-115.7159897,50.11186648],[-115.73685365,50.0935729],[-115.74198709,50.08247196],[-115.78598494,50.07871138],[-115.79168911,50.05657269],[-115.78798625,50.0487258],[-115.80204046,50.0270827],[-115.79324341,50.00818952],[-115.7975756,49.99685463],[-115.79435498,49.97388141],[-115.7919051,49.96919973],[-115.78418806,49.9662161],[-115.78101375,49.95673994],[-115.78251396,49.94112517],[-115.77478948,49.93772901],[-115.77754339,49.93209595],[-115.76208247,49.9291362],[-115.75483986,49.92174125],[-115.74152411,49.91822692],[-115.73566212,49.90239638],[-115.72062926,49.88775392],[-115.71331194,49.88541728],[-115.71089337,49.88018685],[-115.7169719,49.87486958],[-115.71629935,49.86593802],[-115.71266223,49.86253981],[-115.71782296,49.84815966],[-115.72419121,49.84341777],[-115.74011103,49.83950926],[-115.76688614,49.81017504],[-115.7695678,49.794943],[-115.7596801,49.78763824],[-115.76378139,49.78021407],[-115.75683383,49.77489901],[-115.74716614,49.77556206],[-115.74595997,49.76777343],[-115.75249981,49.76078559],[-115.73958136,49.75524701],[-115.73939934,49.74995317],[-115.74283238,49.74644081],[-115.73135995,49.74247696],[-115.73291519,49.73275632],[-115.72446263,49.73181778],[-115.71561453,49.72467373],[-115.7197923,49.72136958],[-115.72870726,49.72118737],[-115.72468896,49.71463856],[-115.71663316,49.7119551],[-115.72250491,49.7084004],[-115.7218656,49.70607809],[-115.69529484,49.69608279],[-115.69963531,49.67778544],[-115.6859866,49.67093402],[-115.68225508,49.66269586],[-115.69053648,49.65779661],[-115.69048208,49.65429538],[-115.66631092,49.65042699],[-115.65781828,49.63905125],[-115.65751316,49.63008816],[-115.63310771,49.62185013],[-115.6366956,49.61422861],[-115.6198525,49.60006721],[-115.60248262,49.59956812],[-115.59503426,49.58898157],[-115.58446535,49.58121569],[-115.58942938,49.57558841],[-115.58163794,49.56769566]]]}},{"type":"Feature","properties":{"name":"Golden"},"geometry":{"type":"Polygon","coordinates":[[[-115.20732754,50.52827817],[-115.23165567,50.54543886],[-115.23112477,50.55911495],[-115.24233869,50.57113442],[-115.23146577,50.57799851],[-115.23873399,50.58741312],[-115.25278313,50.58955365],[-115.26004203,50.59583667],[-115.27571355,50.59935274],[-115.28308444,50.60698953],[-115.29595578,50.61266943],[-115.29925538,50.62584009],[-115.31185694,50.62848696],[-115.31128583,50.63844859],[-115.28707802,50.63856268],[-115.28305942,50.64666131],[-115.27637963,50.64846024],[-115.28634172,50.66074008],[-115.28397904,50.66455442],[-115.29801778,50.68223064],[-115.29515754,50.69764905],[-115.30264668,50.70050146],[-115.3107452,50.7090958],[-115.31489686,50.71555066],[-115.31248797,50.72237793],[-115.31492717,50.72492252],[-115.31961666,50.72658166],[-115.32626442,50.72276501],[-115.3603141,50.72122109],[-115.37159232,50.71711633],[-115.37133786,50.71454939],[-115.37740563,50.7116035],[-115.37844038,50.70612254],[-115.41648637,50.71226218],[-115.41754012,50.72144983],[-115.41337848,50.72318318],[-115.41167253,50.7283762],[-115.41377174,50.73382807],[-115.4215454,50.73757591],[-115.43658059,50.75565743],[-115.44709974,50.75370257],[-115.45903164,50.75739521],[-115.47019057,50.75235316],[-115.48326897,50.75636415],[-115.48559349,50.76320227],[-115.48350305,50.76974065],[-115.50260111,50.78522207],[-115.51272917,50.78665582],[-115.51701901,50.78073879],[-115.53174154,50.78818294],[-115.53735773,50.79669852],[-115.55008498,50.79690231],[-115.55237392,50.80180469],[-115.56044637,50.80488179],[-115.56115134,50.81052933],[-115.56629189,50.81513435],[-115.56175539,50.82697679],[-115.56712285,50.83690807],[-115.56476356,50.8443526],[-115.58205855,50.84022024],[-115.60740728,50.84486013],[-115.62590169,50.83408538],[-115.6426408,50.84054973],[-115.64438673,50.85767494],[-115.65043631,50.86569517],[-115.64935396,50.87429819],[-115.61913814,50.87980389],[-115.61353532,50.88590654],[-115.60133228,50.88672307],[-115.59482409,50.89250898],[-115.57818778,50.88910536],[-115.56280669,50.89420517],[-115.58020974,50.91349299],[-115.59819022,50.91731647],[-115.60854169,50.92480551],[-115.60615106,50.93332955],[-115.59809909,50.93992397],[-115.6121838,50.9473949],[-115.61474515,50.95094168],[-115.61340733,50.95976566],[-115.62372636,50.96650671],[-115.62937515,50.98124537],[-115.63794232,50.98274876],[-115.64963149,50.99753385],[-115.672311,51.00025793],[-115.68998365,51.01367707],[-115.69377628,51.02851289],[-115.70631566,51.02053685],[-115.72334879,51.01792704],[-115.74070028,51.02400554],[-115.73656019,51.02953658],[-115.74383834,51.03405753],[-115.74948108,51.03067408],[-115.76939945,51.03995888],[-115.77336963,51.04595407],[-115.77067105,51.04821878],[-115.7745269,51.05814288],[-115.76263903,51.06109319],[-115.76045708,51.07120485],[-115.75542213,51.07453248],[-115.77715529,51.06635351],[-115.79018755,51.07238855],[-115.8032646,51.06968147],[-115.81358845,51.08595578],[-115.82707218,51.08267438],[-115.83462274,51.07591093],[-115.84314549,51.07638238],[-115.84824317,51.0818913],[-115.85918127,51.07932785],[-115.8691055,51.08938792],[-115.89649944,51.08632247],[-115.90165405,51.09368206],[-115.90603728,51.09027921],[-115.90519359,51.08291542],[-115.92358713,51.08291528],[-115.93410343,51.09736831],[-115.94918982,51.09885385],[-115.9582789,51.11521181],[-115.96901556,51.11597233],[-115.96856633,51.12179585],[-115.9911335,51.12660574],[-115.99786976,51.12449653],[-116.01112222,51.12665967],[-116.01566224,51.13813664],[-116.01091121,51.1441663],[-116.00834789,51.15607771],[-116.01939865,51.15660256],[-116.02573339,51.16234747],[-116.03134904,51.16285317],[-116.03723727,51.1697368],[-116.02514884,51.17611962],[-116.02261418,51.18661085],[-116.00132688,51.19383138],[-116.00767821,51.20920864],[-116.00339777,51.21548534],[-116.0084768,51.22176905],[-116.05029418,51.22867246],[-116.06203297,51.23761441],[-116.06658745,51.24815384],[-116.1043288,51.25199203],[-116.14471712,51.26471664],[-116.15442579,51.26360957],[-116.15974648,51.27633601],[-116.15303812,51.28696114],[-116.16349428,51.29733271],[-116.18240711,51.29520027],[-116.18903736,51.30128875],[-116.22031596,51.29161902],[-116.22868266,51.30154765],[-116.24530196,51.30161113],[-116.26969348,51.31266439],[-116.27569868,51.32015641],[-116.27573631,51.32728722],[-116.28732939,51.33374288],[-116.29081471,51.34288213],[-116.2789566,51.35424275],[-116.27970775,51.36169307],[-116.29562929,51.36548581],[-116.31196438,51.38452025],[-116.29393269,51.39656548],[-116.29468183,51.40230699],[-116.28351491,51.40683861],[-116.29541826,51.42924707],[-116.28668718,51.43500761],[-116.28884256,51.4480678],[-116.28567557,51.45622201],[-116.2948838,51.46215871],[-116.31606089,51.46541793],[-116.32210291,51.4627196],[-116.33537646,51.46363186],[-116.34706172,51.46940234],[-116.36213434,51.47137818],[-116.37003425,51.48258467],[-116.38455309,51.49149603],[-116.39645511,51.50862919],[-116.3959498,51.52552206],[-116.38299223,51.53048557],[-116.39162418,51.54534436],[-116.41983196,51.55416414],[-116.44863367,51.55830022],[-116.46555639,51.56523032],[-116.47437225,51.58240808],[-116.46731943,51.59222183],[-116.4695047,51.60029776],[-116.4768019,51.60704741],[-116.49167355,51.61210743],[-116.49054293,51.61674682],[-116.50244508,51.62746149],[-116.5217533,51.62857577],[-116.52943623,51.6309537],[-116.53783223,51.63863917],[-116.54698162,51.6383691],[-116.56722362,51.64461344],[-116.57101581,51.64745966],[-116.57162877,51.65308646],[-116.58211912,51.65286306],[-116.5969788,51.66259022],[-116.59768517,51.66526731],[-116.58862907,51.67171025],[-116.59168624,51.67764153],[-116.58263924,51.68737462],[-116.58419255,51.69158348],[-116.59012836,51.69422987],[-116.58208596,51.69768147],[-116.588244,51.70832185],[-116.58642253,51.7128875],[-116.59647938,51.71798938],[-116.59971229,51.72334595],[-116.61596294,51.72400266],[-116.63141815,51.73066984],[-116.63479864,51.73533784],[-116.63024093,51.73754448],[-116.62964566,51.7447895],[-116.65200823,51.75395693],[-116.6522992,51.76615479],[-116.64799641,51.77170331],[-116.6444618,51.78656861],[-116.65567547,51.79307152],[-116.65548148,51.80065497],[-116.66045235,51.80480966],[-116.66842301,51.80471105],[-116.68116888,51.81308174],[-116.69746879,51.80320728],[-116.71698154,51.79873324],[-116.72972897,51.80534021],[-116.74932599,51.80552301],[-116.75665442,51.79943779],[-116.76175023,51.78671235],[-116.77408504,51.77458886],[-116.78666024,51.76372418],[-116.79290133,51.76375805],[-116.80708203,51.75077576],[-116.81278836,51.74062927],[-116.82144381,51.73748222],[-116.79933869,51.72370373],[-116.80173265,51.71662249],[-116.81001176,51.71096216],[-116.8111986,51.70513323],[-116.81952612,51.70683255],[-116.83726263,51.70334725],[-116.85615436,51.70833957],[-116.87182344,51.704253],[-116.88669146,51.70683978],[-116.8983327,51.70277295],[-116.91567935,51.70713869],[-116.9215981,51.70937678],[-116.91784272,51.71355977],[-116.93033572,51.72130592],[-116.9270625,51.72419037],[-116.92840353,51.72892089],[-116.94451863,51.73401403],[-116.94606598,51.74226436],[-116.95529885,51.74347296],[-116.96153878,51.75220134],[-116.97697116,51.75998285],[-116.97333237,51.76196039],[-116.97356492,51.7701789],[-116.96346707,51.77495938],[-116.96756696,51.78355648],[-116.96214101,51.79140533],[-116.98999445,51.81052214],[-116.98555118,51.81996685],[-116.98902874,51.82326679],[-116.98247587,51.82813063],[-116.98087987,51.83587655],[-117.00750255,51.83642183],[-117.01958241,51.84221069],[-117.03462985,51.85604028],[-117.03096112,51.87025311],[-117.02449385,51.88003249],[-117.01204401,51.89030812],[-117.020164,51.89145786],[-117.0882236,51.93756836],[-117.09808652,51.93926065],[-117.10412438,51.95670228],[-117.12004699,51.95505495],[-117.13301318,51.96707291],[-117.147497,51.9731891],[-117.16556917,51.97256257],[-117.19696112,51.97898515],[-117.19760942,51.98703244],[-117.20243804,51.99246617],[-117.21707348,51.9968644],[-117.22417585,52.00620245],[-117.23420294,52.01069737],[-117.23326267,52.01642156],[-117.2253388,52.01721503],[-117.21541911,52.02811356],[-117.23315358,52.04135166],[-117.25113587,52.03526853],[-117.25389595,52.03961909],[-117.27134346,52.0487476],[-117.26979102,52.05600282],[-117.29549241,52.06483553],[-117.30560457,52.0740479],[-117.2928839,52.0851663],[-117.30022615,52.09452102],[-117.297916,52.10203389],[-117.30244919,52.11103225],[-117.31680265,52.18710669],[-117.34577606,52.17315802],[-117.33241217,52.16406988],[-117.32980049,52.15308614],[-117.33455932,52.14385718],[-117.34748932,52.13674377],[-117.3777482,52.14100928],[-117.42908893,52.14197277],[-117.43999881,52.14729101],[-117.44198409,52.14409177],[-117.46671275,52.14214433],[-117.49872922,52.14806022],[-117.50594669,52.15630109],[-117.51390482,52.15761079],[-117.51845981,52.15681303],[-117.51875151,52.14924981],[-117.52676927,52.14345214],[-117.54744374,52.14028208],[-117.55286483,52.13404469],[-117.55849207,52.13299294],[-117.55807357,52.12899866],[-117.56394327,52.12783296],[-117.57867296,52.12942981],[-117.58440949,52.13598699],[-117.60396672,52.14034262],[-117.60979098,52.14451137],[-117.62166501,52.16106569],[-117.62192261,52.1691962],[-117.62644677,52.17547508],[-117.65489539,52.1842259],[-117.66212381,52.19824256],[-117.68542317,52.19769507],[-117.7072676,52.1875742],[-117.73275687,52.18751738],[-117.75265612,52.19844692],[-117.75358146,52.20367794],[-117.77010517,52.21157317],[-117.81445596,52.22293185],[-117.81650171,52.24177189],[-117.83193724,52.25341166],[-117.84390703,52.27290948],[-117.82318291,52.28425856],[-117.82283437,52.2905093],[-117.80123552,52.29026742],[-117.79165706,52.29361799],[-117.7931658,52.30217301],[-117.77429359,52.31836436],[-117.74965193,52.31914368],[-117.73599903,52.34456088],[-117.72388141,52.35397663],[-117.71152116,52.35514002],[-117.70531987,52.36027895],[-117.71718161,52.36521547],[-117.72726042,52.37872962],[-117.72212982,52.3894822],[-117.74033345,52.39613548],[-117.75487867,52.40493948],[-117.76264528,52.41361952],[-117.79101515,52.40838543],[-117.80126424,52.40934105],[-117.81847712,52.41761152],[-117.84376589,52.41825634],[-117.85240757,52.4134203],[-117.875497,52.42558603],[-117.89366538,52.42813385],[-117.91604824,52.43716887],[-117.9186236,52.43985503],[-117.91617813,52.44536296],[-117.9379238,52.44775436],[-117.96049469,52.46070887],[-117.97359291,52.47026678],[-117.97194186,52.48225118],[-117.98061776,52.48132967],[-117.98715613,52.48436391],[-117.98490867,52.49165579],[-117.99276171,52.49886857],[-118.0063737,52.49030227],[-118.01774299,52.47523559],[-118.02396853,52.47375649],[-118.02561135,52.46648248],[-118.0184104,52.45929801],[-118.02760355,52.4559002],[-118.04434437,52.45779905],[-118.06014197,52.45481197],[-118.052167,52.44425191],[-118.03497519,52.43941809],[-118.04045378,52.42145191],[-118.05298909,52.41524963],[-118.04585986,52.40307221],[-118.13818083,52.40625804],[-118.14404037,52.40271778],[-118.14419728,52.39560464],[-118.14723203,52.39425804],[-118.1743799,52.39049255],[-118.18953019,52.37989771],[-118.18884548,52.3736467],[-118.19358557,52.37136024],[-118.2101863,52.36894705],[-118.2247699,52.37966543],[-118.23858059,52.37745752],[-118.2437684,52.37496239],[-118.24369569,52.36595416],[-118.25325228,52.35727443],[-118.25112829,52.35039215],[-118.25620564,52.3469166],[-118.27624673,52.34421036],[-118.28712149,52.33588661],[-118.29590088,52.33385191],[-118.29708483,52.34272446],[-118.3048337,52.35217831],[-118.30361354,52.35957344],[-118.30677533,52.36369276],[-118.32536754,52.36907797],[-118.35889067,52.36485809],[-118.3842577,52.34755258],[-118.38665857,52.33936929],[-118.39122123,52.33604301],[-118.42250601,52.33847551],[-118.43083757,52.33512932],[-118.43566618,52.32562079],[-118.46719254,52.32046832],[-118.49362259,52.31228749],[-118.49559121,52.30629265],[-118.49205238,52.29573652],[-118.49592564,52.28969915],[-118.5112697,52.28057033],[-118.5580901,52.27816722],[-118.56342292,52.2602505],[-118.55966275,52.24540109],[-118.55117919,52.23313167],[-118.55415052,52.22922566],[-118.56965563,52.22489686],[-118.56608766,52.21826371],[-118.57505747,52.20641529],[-118.57329863,52.19950644],[-118.57869733,52.18949015],[-118.59611719,52.19054995],[-118.61372185,52.18274894],[-118.62543663,52.18197649],[-118.63647143,52.16719902],[-118.66967658,52.16072289],[-118.66902926,52.15618693],[-118.67345755,52.15127294],[-118.66915028,52.14830414],[-118.67051646,52.14291623],[-118.6628232,52.13180354],[-118.6575982,52.1289593],[-118.65121241,52.13059085],[-118.63886298,52.11857534],[-118.62924553,52.12016508],[-118.62457474,52.11640822],[-118.62657212,52.11118319],[-118.61445766,52.10463272],[-118.6087355,52.10480957],[-118.60626462,52.09029479],[-118.60894045,52.0815544],[-118.59022733,52.05462887],[-118.58837132,52.04351313],[-118.55750491,52.0521054],[-118.52978811,52.05003456],[-118.51008752,52.05230818],[-118.50551153,52.04527737],[-118.49702859,52.04444144],[-118.48846415,52.03551165],[-118.45381601,52.02778828],[-118.4467508,52.01932351],[-118.44053003,52.01863471],[-118.42885698,52.01895216],[-118.40022472,52.03100762],[-118.39256122,52.0246246],[-118.3896029,52.01765481],[-118.38879121,52.01077259],[-118.39888363,52.00167611],[-118.3920338,51.99561941],[-118.38852017,51.9831841],[-118.39007361,51.97821644],[-118.3873563,51.97703897],[-118.37242197,51.97496215],[-118.35503125,51.98080942],[-118.35791376,51.98520927],[-118.34705373,51.98518746],[-118.33596616,51.99214993],[-118.32882194,51.99268503],[-118.30426012,51.98579773],[-118.28730366,51.98705456],[-118.27465028,51.96539103],[-118.26923356,51.96202837],[-118.2487763,51.96627076],[-118.24305557,51.9688635],[-118.24314206,51.97215329],[-118.2256211,51.97197722],[-118.21486234,51.97536169],[-118.20094948,51.9645699],[-118.19305137,51.96276157],[-118.191375,51.95964965],[-118.19453515,51.95254575],[-118.1905398,51.9433694],[-118.17393691,51.93895083],[-118.17393937,51.93285891],[-118.17082663,51.93080865],[-118.16734905,51.91848391],[-118.17338646,51.91354608],[-118.17417206,51.90622698],[-118.16538253,51.90464315],[-118.15507391,51.89661091],[-118.13132727,51.89811926],[-118.12190977,51.88997665],[-118.13100026,51.87709792],[-118.14751844,51.86577025],[-118.14829573,51.86290339],[-118.13967539,51.85631554],[-118.13905583,51.85049431],[-118.14772772,51.83708433],[-118.14725055,51.82905102],[-118.1751791,51.81334407],[-118.17704782,51.80121272],[-118.18836434,51.79315384],[-118.18575257,51.78659052],[-118.17736349,51.78503382],[-118.17069734,51.77965143],[-118.14743888,51.77838361],[-118.13881963,51.78207355],[-118.12813785,51.7739665],[-118.12854814,51.76201164],[-118.12205939,51.75694937],[-118.12163004,51.75215554],[-118.1246258,51.75016531],[-118.11964284,51.73902223],[-118.12212647,51.73069306],[-118.12997965,51.72198337],[-118.11905716,51.71556088],[-118.11537116,51.70988956],[-118.0915268,51.70476348],[-118.0926471,51.707725],[-118.08281616,51.71445425],[-118.07631212,51.72511578],[-118.05915608,51.72235371],[-118.02491941,51.72345867],[-118.01363651,51.7451608],[-117.98616272,51.74024659],[-117.96957911,51.72963435],[-117.94690296,51.72223462],[-117.94318369,51.71576932],[-117.92748896,51.71393562],[-117.92157044,51.70331511],[-117.93948747,51.69167208],[-117.9376049,51.68624337],[-117.94080719,51.67993083],[-117.93856411,51.66932053],[-117.93097597,51.66416994],[-117.93362865,51.66107788],[-117.93241282,51.65327158],[-117.94119402,51.64805305],[-117.97491003,51.64026839],[-117.97937758,51.62039165],[-117.98888155,51.60853392],[-117.98116264,51.60349987],[-117.97993297,51.59802391],[-117.99148997,51.5785636],[-117.9814255,51.57516028],[-117.95025992,51.54403607],[-117.94095592,51.54186727],[-117.94275257,51.53479298],[-117.94010045,51.5271348],[-117.94955644,51.52251753],[-117.95724953,51.50759903],[-117.97486269,51.50978682],[-117.99163817,51.50033982],[-117.96994122,51.47162611],[-117.94999138,51.46415],[-117.94364724,51.46045669],[-117.94391505,51.45659642],[-117.91598725,51.44594324],[-117.91394005,51.44149953],[-117.91792886,51.43660414],[-117.9106402,51.425893],[-117.88818787,51.42246391],[-117.88560622,51.41744282],[-117.87099485,51.4118874],[-117.87255334,51.40878754],[-117.86592422,51.39677499],[-117.859046,51.39117237],[-117.8402555,51.3887194],[-117.83669848,51.37934759],[-117.84495972,51.37481328],[-117.84276258,51.36666583],[-117.8255828,51.3594385],[-117.80352555,51.35702118],[-117.80590014,51.34513381],[-117.80178874,51.34220381],[-117.78219573,51.33813346],[-117.76469257,51.34090636],[-117.76618877,51.32731904],[-117.75211794,51.31903318],[-117.73181711,51.3151062],[-117.73762154,51.30489068],[-117.74530269,51.29958164],[-117.74056201,51.29271511],[-117.74471857,51.28682526],[-117.73361828,51.2720315],[-117.73119513,51.27515942],[-117.70480303,51.27936975],[-117.68007594,51.274239],[-117.65127007,51.27419277],[-117.63487948,51.28433675],[-117.60866868,51.29077884],[-117.60164506,51.29803114],[-117.59116847,51.29706397],[-117.57982302,51.2832736],[-117.55083483,51.28296371],[-117.54420012,51.28932011],[-117.52232186,51.288359],[-117.48429494,51.29974926],[-117.47818744,51.29323278],[-117.46847848,51.28927157],[-117.46790213,51.28319506],[-117.46118795,51.28131575],[-117.45927045,51.27676726],[-117.44072893,51.27253136],[-117.44097046,51.26691492],[-117.43119871,51.26340387],[-117.42911509,51.25805679],[-117.41106255,51.24578842],[-117.40685518,51.2383934],[-117.40837673,51.23377978],[-117.40040099,51.22865014],[-117.40052663,51.22417173],[-117.38577965,51.20223862],[-117.41522958,51.18443777],[-117.42210043,51.18461091],[-117.42551379,51.17722765],[-117.42309353,51.16113102],[-117.41114142,51.15356203],[-117.41806927,51.15119927],[-117.41611164,51.14314088],[-117.40445667,51.12924618],[-117.41090909,51.12811786],[-117.41240638,51.11507471],[-117.41653778,51.11011331],[-117.40119133,51.11068523],[-117.37991262,51.10298418],[-117.37595055,51.09147784],[-117.38297141,51.08663055],[-117.38522436,51.07507282],[-117.37260523,51.0595066],[-117.35121714,51.05415914],[-117.35321295,51.0495447],[-117.35051987,51.04020553],[-117.34281339,51.03638824],[-117.33301097,51.03812958],[-117.32802117,51.03563927],[-117.31784559,51.03795148],[-117.30989539,51.04637215],[-117.28769976,51.04381852],[-117.26698106,51.05012578],[-117.26099216,51.05896192],[-117.2297258,51.05854486],[-117.21815149,51.06454749],[-117.21024375,51.06447188],[-117.2061418,51.06228085],[-117.20835478,51.05636265],[-117.2060508,51.05389813],[-117.19719353,51.05329671],[-117.17051347,51.04168098],[-117.16767818,51.03574378],[-117.17233828,51.02807442],[-117.17098796,51.0251705],[-117.14571792,51.02693243],[-117.1384742,51.02080522],[-117.13777796,51.01536982],[-117.14495556,51.00500854],[-117.16409052,50.99398546],[-117.16153623,50.98855897],[-117.16731843,50.98532692],[-117.16793566,50.98120762],[-117.16012589,50.97410538],[-117.14840937,50.97199367],[-117.12684156,50.97655611],[-117.11824684,50.97371431],[-117.11482584,50.96675774],[-117.07173365,50.9710502],[-117.06507235,50.96486727],[-117.05538351,50.96514606],[-117.03747222,50.95718579],[-117.04260158,50.95415056],[-117.04542774,50.94715347],[-117.05341593,50.94405622],[-117.05370048,50.93984768],[-117.07289499,50.91866268],[-117.06734015,50.90897647],[-117.07111419,50.90668618],[-117.06942509,50.90304607],[-117.0794914,50.89764718],[-117.0730889,50.89034068],[-117.08696037,50.86383421],[-117.07416793,50.85427562],[-117.04808009,50.85821819],[-117.04425245,50.85587711],[-117.04995587,50.84560047],[-117.04802404,50.83572711],[-117.05238971,50.8303703],[-117.04278413,50.821411],[-117.04007022,50.81446804],[-117.01541437,50.81961062],[-116.99030767,50.80864732],[-116.9802524,50.81061961],[-116.96004086,50.80844302],[-116.95305642,50.80223246],[-116.93494112,50.79737217],[-116.92911267,50.78343466],[-116.92237356,50.77877068],[-116.92170121,50.77360818],[-116.91550009,50.77079815],[-116.89274178,50.77093817],[-116.89001341,50.76869619],[-116.87554181,50.77351719],[-116.8606823,50.7692419],[-116.84595382,50.78089177],[-116.83262247,50.78561828],[-116.82837919,50.78305335],[-116.81390213,50.78471468],[-116.81650038,50.77276123],[-116.81459088,50.76841933],[-116.82282942,50.7643573],[-116.8221329,50.76047115],[-116.82981577,50.75019051],[-116.81729708,50.74360201],[-116.82076635,50.73576124],[-116.8096795,50.72744285],[-116.79558686,50.7297126],[-116.79735008,50.72687387],[-116.7903492,50.71973449],[-116.79481223,50.71237281],[-116.78306389,50.70391599],[-116.78212192,50.69809143],[-116.76905075,50.7014924],[-116.74822065,50.69222672],[-116.74989235,50.67847103],[-116.72516759,50.6728579],[-116.70554116,50.6733359],[-116.69735385,50.66699272],[-116.68828203,50.67287376],[-116.67818887,50.67224403],[-116.66902525,50.67917794],[-116.65700233,50.67794286],[-116.65609469,50.67041268],[-116.65307636,50.66856123],[-116.62297045,50.66459982],[-116.60807102,50.66720914],[-116.6088745,50.6596188],[-116.59982314,50.64929282],[-116.59366921,50.65055391],[-116.58892668,50.64660376],[-116.58247446,50.64690087],[-116.5775675,50.6344036],[-116.58398836,50.63383235],[-116.5921704,50.6231893],[-116.60212535,50.62876968],[-116.60953282,50.6266364],[-116.61209479,50.62973153],[-116.62439706,50.620414],[-116.62462946,50.6138122],[-116.62949767,50.61127199],[-116.63264981,50.60501518],[-116.63076817,50.60197402],[-116.63512979,50.59708659],[-116.65477811,50.59827999],[-116.65924215,50.59386833],[-116.66920749,50.57179446],[-116.66123791,50.56243389],[-116.66556562,50.54326378],[-116.67456432,50.53016827],[-116.69828615,50.51929342],[-116.69834507,50.51586366],[-116.69172654,50.51065438],[-116.69332528,50.5066972],[-116.68792475,50.48664117],[-116.6912387,50.48299],[-116.69671992,50.48634356],[-116.70222886,50.47995366],[-116.71292462,50.47545513],[-116.72352538,50.46066889],[-116.67561445,50.44359227],[-116.68269901,50.42958965],[-116.65532197,50.42245339],[-116.64950712,50.41683787],[-116.64970953,50.41160098],[-116.64099392,50.40994528],[-116.64005825,50.39697957],[-116.63412296,50.39317504],[-116.63217362,50.38593682],[-116.63610924,50.37623906],[-116.62861703,50.37052524],[-116.62387149,50.35711277],[-116.615717,50.34926731],[-116.62643737,50.34214336],[-116.62291235,50.34016249],[-116.62682639,50.33619985],[-116.62141714,50.33165645],[-116.62417085,50.3265252],[-116.61635909,50.32183777],[-116.61954843,50.3167494],[-116.59460686,50.30700111],[-116.58259061,50.30896872],[-116.56750671,50.31702695],[-116.54172112,50.31885202],[-116.54042213,50.31235333],[-116.55041525,50.29614058],[-116.54948491,50.28967072],[-116.55575878,50.27995955],[-116.55375153,50.26799488],[-116.54923715,50.26541385],[-116.55148421,50.25811188],[-116.54944101,50.25245611],[-116.55239992,50.2487519],[-116.5479816,50.24340113],[-116.55859143,50.23312615],[-116.55438546,50.22302376],[-116.56308688,50.21505826],[-116.54932246,50.2075272],[-116.50886008,50.2043404],[-116.5087623,50.20047686],[-116.48911046,50.1902788],[-116.48647134,50.18490207],[-116.48922289,50.17462974],[-116.47655859,50.16082189],[-116.45235277,50.15590331],[-116.45035488,50.14288397],[-116.44509974,50.13802775],[-116.44812505,50.12453613],[-116.45296218,50.11872207],[-116.44911697,50.1158965],[-116.39706657,50.11615763],[-116.39079205,50.12288078],[-116.39222908,50.12723691],[-116.37317282,50.12961658],[-116.37374145,50.13593065],[-116.34973745,50.14873637],[-116.33092377,50.15330574],[-116.32590276,50.15947049],[-116.32771183,50.16236294],[-116.31682104,50.16176381],[-116.29873393,50.17316822],[-116.27716421,50.17720487],[-116.26872051,50.19331404],[-116.2614119,50.19845754],[-116.25763824,50.20604657],[-116.22304479,50.21276787],[-116.19160796,50.21544075],[-116.17987146,50.20999357],[-116.16164997,50.21424336],[-116.13466892,50.20101782],[-116.09832447,50.20836861],[-116.09310462,50.21609388],[-116.0765603,50.21971901],[-116.07351739,50.21329511],[-116.07782955,50.20022987],[-116.07447938,50.19898652],[-116.06833483,50.18596617],[-116.03689418,50.19004917],[-116.02291636,50.17839357],[-115.98160145,50.18146969],[-115.97608188,50.18341788],[-115.97905323,50.18714938],[-115.97573907,50.19136987],[-115.96415186,50.19388931],[-115.95538667,50.20168946],[-115.94775773,50.19947093],[-115.94389226,50.19559968],[-115.94829275,50.19107548],[-115.93602879,50.18414604],[-115.93611064,50.17416792],[-115.93267393,50.17018715],[-115.88386824,50.16266833],[-115.85238728,50.14151144],[-115.81971536,50.13540515],[-115.80757009,50.12334257],[-115.79548944,50.12113469],[-115.79455163,50.11354725],[-115.78261778,50.09674992],[-115.78584134,50.09108546],[-115.78598494,50.07871138],[-115.75079209,50.08090387],[-115.74198709,50.08247196],[-115.73685365,50.0935729],[-115.7159897,50.11186648],[-115.7087715,50.13383632],[-115.6987818,50.14068346],[-115.69357342,50.14851863],[-115.6821385,50.15095634],[-115.67671971,50.15723409],[-115.67140647,50.15773443],[-115.65685786,50.14233987],[-115.62813985,50.13648173],[-115.61589459,50.14258053],[-115.60973818,50.15018852],[-115.61223834,50.16127033],[-115.61534103,50.1631747],[-115.61317583,50.16717215],[-115.59254172,50.17315261],[-115.58889775,50.17702962],[-115.56025358,50.18042026],[-115.54257503,50.16944245],[-115.54085982,50.15995877],[-115.5314451,50.14856098],[-115.53409674,50.13781039],[-115.54716977,50.12518463],[-115.55240573,50.11565324],[-115.52666147,50.10001209],[-115.50985812,50.09735962],[-115.47980799,50.10397686],[-115.47583108,50.10981622],[-115.45513869,50.10629574],[-115.45074298,50.10104701],[-115.45092018,50.09624641],[-115.44163393,50.09344157],[-115.43740847,50.08089173],[-115.41125288,50.06990932],[-115.42027222,50.06454609],[-115.42113079,50.05935876],[-115.41337131,50.05221021],[-115.40610842,50.03874493],[-115.39345796,50.03481951],[-115.38699436,50.02754345],[-115.38420325,50.02282688],[-115.38743903,50.01816781],[-115.36912965,50.01037469],[-115.36259033,50.01059726],[-115.3654445,50.0013368],[-115.35975456,49.97147091],[-115.35253164,49.96727548],[-115.34720366,49.95449049],[-115.31510284,49.95323025],[-115.3071569,49.9565262],[-115.31045067,49.9636278],[-115.30350537,49.96899138],[-115.26544819,49.9749388],[-115.25028132,49.98916595],[-115.23980154,49.99216472],[-115.23823246,49.99565816],[-115.24284453,50.0026809],[-115.26769465,50.00646477],[-115.25836524,50.01536307],[-115.25016386,50.01771346],[-115.26981894,50.03844311],[-115.24930124,50.04042106],[-115.2249502,50.04903759],[-115.21390078,50.06005824],[-115.22446363,50.06715435],[-115.2245703,50.07058281],[-115.22129107,50.08514998],[-115.20401334,50.10772347],[-115.18818412,50.10663323],[-115.15791992,50.11441701],[-115.12362987,50.11331512],[-115.11666766,50.1081378],[-115.09174903,50.10709855],[-115.05498202,50.11607856],[-115.0505476,50.12856302],[-115.05182841,50.13596817],[-115.06936366,50.14064279],[-115.06736991,50.14708876],[-115.0739433,50.15253081],[-115.0703582,50.16149615],[-115.08542135,50.17181313],[-115.09640125,50.19169181],[-115.09813623,50.20189328],[-115.10266298,50.20614083],[-115.0972778,50.21170273],[-115.09937204,50.21627027],[-115.11686747,50.22073661],[-115.12393406,50.2309706],[-115.13530793,50.2360468],[-115.13292237,50.24069912],[-115.1372196,50.25776675],[-115.11359037,50.26476111],[-115.11084912,50.26827852],[-115.13565345,50.27770968],[-115.12588477,50.28717653],[-115.12859761,50.29014353],[-115.12810536,50.29991229],[-115.13684738,50.30544945],[-115.132173,50.31054635],[-115.13739847,50.31677329],[-115.12735318,50.32126229],[-115.10018266,50.31991265],[-115.09462194,50.32737702],[-115.10127565,50.34047388],[-115.12388128,50.35512394],[-115.12471024,50.3638799],[-115.12135492,50.36964542],[-115.12585056,50.37573489],[-115.12523766,50.38294759],[-115.12947833,50.38686549],[-115.11978717,50.39144005],[-115.12618662,50.39433151],[-115.12415359,50.39892187],[-115.13293006,50.40694249],[-115.13779956,50.41806503],[-115.13627789,50.42389646],[-115.12136834,50.4364915],[-115.11945598,50.44186598],[-115.13713253,50.45046129],[-115.14130508,50.46312871],[-115.16112579,50.47409265],[-115.16434756,50.47909947],[-115.16191652,50.49268406],[-115.16574469,50.49937635],[-115.1668267,50.51233144],[-115.17478037,50.51899634],[-115.18967511,50.51939871],[-115.19459907,50.52460179],[-115.20732754,50.52827817]]]}},{"type":"Feature","properties":{"name":"Grand Forks"},"geometry":{"type":"Polygon","coordinates":[[[-118.09503558,49.00006798],[-118.08446004,49.00714795],[-118.07171878,49.00353424],[-118.06375542,49.00579694],[-118.06156549,49.01275008],[-118.05650107,49.0164983],[-118.05976445,49.02429016],[-118.05018553,49.03279862],[-118.04830582,49.04563013],[-118.05674843,49.0516757],[-118.05097137,49.05778249],[-118.05609434,49.06809204],[-118.04917242,49.07351102],[-118.0566449,49.08658193],[-118.05392171,49.09364603],[-118.05825674,49.09757794],[-118.05318745,49.10367926],[-118.05544435,49.11092801],[-118.05086234,49.11659571],[-118.05510343,49.14228636],[-118.0577792,49.14429914],[-118.04160783,49.14968175],[-118.0375414,49.15414079],[-118.04741952,49.15733963],[-118.05140941,49.16618649],[-118.04613637,49.17270206],[-118.05018617,49.17701923],[-118.05697253,49.18055994],[-118.07131144,49.17719386],[-118.08103635,49.18082375],[-118.07192343,49.18885113],[-118.07367959,49.20343444],[-118.06988147,49.21164308],[-118.07374182,49.21631239],[-118.07326388,49.22384472],[-118.09061611,49.24817688],[-118.09818036,49.24732269],[-118.10195828,49.25517492],[-118.10854306,49.25922438],[-118.12913769,49.26300904],[-118.14272223,49.27317983],[-118.15922294,49.25894209],[-118.16411458,49.24863787],[-118.17284715,49.24478372],[-118.17269137,49.25040429],[-118.18214837,49.26633201],[-118.17775792,49.27379047],[-118.19774515,49.27951289],[-118.20559937,49.29286035],[-118.20988473,49.29362961],[-118.20598288,49.30001669],[-118.21109968,49.3053154],[-118.21427831,49.31601829],[-118.22686049,49.32313569],[-118.22177115,49.32682368],[-118.22527514,49.33213878],[-118.24020515,49.33994967],[-118.24228819,49.34541361],[-118.24036757,49.35691671],[-118.25361425,49.36304814],[-118.2519762,49.37855582],[-118.26475365,49.38882791],[-118.26692367,49.39870352],[-118.25701878,49.40338754],[-118.26027342,49.41364563],[-118.27694778,49.42180662],[-118.2620141,49.42286108],[-118.26194177,49.42933328],[-118.253749,49.44489936],[-118.27747691,49.46745142],[-118.28276813,49.46786454],[-118.28083523,49.47737131],[-118.28511466,49.48138428],[-118.28778695,49.49171788],[-118.27634768,49.5117424],[-118.28059931,49.52256123],[-118.26009299,49.53608244],[-118.2582047,49.5482665],[-118.2505403,49.55283656],[-118.24460815,49.56198242],[-118.24639181,49.5760999],[-118.25034803,49.58524455],[-118.25533943,49.58837918],[-118.25457698,49.59941446],[-118.24987744,49.60615415],[-118.25252422,49.61790007],[-118.24295471,49.63170396],[-118.24686312,49.65327263],[-118.24352508,49.65976653],[-118.256656,49.6640494],[-118.2732494,49.66467599],[-118.27400972,49.6691695],[-118.27861219,49.6696638],[-118.28032758,49.69596433],[-118.27501895,49.69884365],[-118.27335748,49.70780795],[-118.2754263,49.71388762],[-118.28211909,49.71622416],[-118.2809847,49.72488985],[-118.28495625,49.74286348],[-118.2953129,49.74433004],[-118.30031049,49.75053913],[-118.28937239,49.75769231],[-118.29149935,49.76438346],[-118.29864299,49.76654607],[-118.28724674,49.77939736],[-118.28821523,49.79047247],[-118.29299908,49.7948579],[-118.30681117,49.79610444],[-118.30312748,49.79834993],[-118.30200397,49.80699286],[-118.31121057,49.8103565],[-118.31455743,49.81624648],[-118.37508193,49.8250928],[-118.3814447,49.83865291],[-118.37898489,49.86400773],[-118.38440628,49.87139074],[-118.36810162,49.87485705],[-118.36015466,49.88164042],[-118.35354865,49.8946178],[-118.35920999,49.89516355],[-118.37542555,49.90764847],[-118.37770102,49.91354518],[-118.40403508,49.90814443],[-118.41823042,49.91299664],[-118.4168444,49.91585529],[-118.42006818,49.91965347],[-118.41469192,49.93460162],[-118.42058858,49.94051696],[-118.42223917,49.94997897],[-118.41834939,49.95540107],[-118.42030217,49.96236604],[-118.4137597,49.96741075],[-118.41553737,49.9732807],[-118.43156506,49.9798348],[-118.44713683,49.97374038],[-118.47187597,49.98308726],[-118.47009117,49.99430042],[-118.4741769,50.00009916],[-118.4684611,50.0043097],[-118.45869203,50.00327349],[-118.44751895,50.00692146],[-118.43832045,50.00444561],[-118.43259253,50.00966243],[-118.43313434,50.01361335],[-118.45098352,50.0242735],[-118.4804198,50.02984684],[-118.49492199,50.02899977],[-118.51445188,50.04652652],[-118.49441744,50.05344012],[-118.48303427,50.05362756],[-118.48026504,50.06321447],[-118.46110873,50.07507799],[-118.43789753,50.07944886],[-118.38555967,50.07719797],[-118.38177347,50.07807074],[-118.38281135,50.08348204],[-118.3777286,50.09049946],[-118.35742441,50.09302537],[-118.33563041,50.10011725],[-118.30644376,50.09560628],[-118.2954461,50.09720433],[-118.2918827,50.10764187],[-118.29578966,50.11075184],[-118.29595907,50.11798989],[-118.28975092,50.13216758],[-118.30481031,50.13738127],[-118.30626504,50.14107978],[-118.32068159,50.14317896],[-118.33192619,50.1560713],[-118.34078796,50.15603208],[-118.33865812,50.1598945],[-118.34073611,50.16404876],[-118.34838156,50.1639042],[-118.35444261,50.16769078],[-118.37569334,50.1641125],[-118.37698631,50.15586767],[-118.39859248,50.1473976],[-118.40811345,50.13553619],[-118.44190656,50.13560502],[-118.46416757,50.12895388],[-118.47947618,50.12232858],[-118.4798246,50.11764264],[-118.48942618,50.11438494],[-118.50532231,50.09924731],[-118.52259159,50.10566001],[-118.52294837,50.11139393],[-118.52736703,50.11335487],[-118.53545875,50.10904314],[-118.55317041,50.1109333],[-118.56974877,50.10421557],[-118.57417201,50.09833135],[-118.58311866,50.10431257],[-118.59397692,50.10575801],[-118.61720262,50.08969477],[-118.63081138,50.08925213],[-118.64992101,50.09540896],[-118.65395595,50.0904836],[-118.66979816,50.09414879],[-118.68680736,50.0884745],[-118.6996796,50.09024776],[-118.69848659,50.08390991],[-118.70785409,50.07682269],[-118.70818052,50.06959974],[-118.71394671,50.06214314],[-118.71106837,50.05511253],[-118.71987282,50.05341415],[-118.72400156,50.05766544],[-118.73334564,50.05828543],[-118.72918575,50.05317111],[-118.73913826,50.05169202],[-118.7424237,50.04517631],[-118.75038592,50.04710651],[-118.75419186,50.05184352],[-118.76943855,50.05395486],[-118.78782628,50.04261455],[-118.78693645,50.03594439],[-118.79114361,50.02865183],[-118.80220534,50.02516596],[-118.79778652,50.01247447],[-118.82348777,50.00096569],[-118.81883616,50.00014719],[-118.81194319,49.98987198],[-118.79929973,49.98576636],[-118.80328196,49.97727288],[-118.79925224,49.96531427],[-118.80677585,49.9625525],[-118.80944397,49.95258051],[-118.82299483,49.95001125],[-118.83214767,49.95469717],[-118.85307063,49.95789454],[-118.86428632,49.94287114],[-118.90717081,49.92877392],[-118.90293959,49.90952019],[-118.90972378,49.90093969],[-118.92589798,49.90748967],[-118.93170735,49.90678872],[-118.92996836,49.91452725],[-118.93207612,49.9158446],[-118.96495414,49.90310166],[-118.96770084,49.89374079],[-118.97387862,49.89127794],[-118.97177814,49.88450445],[-118.97501485,49.87934235],[-118.98690864,49.86759918],[-119.00119585,49.86080959],[-119.00504088,49.84945748],[-119.0173796,49.85311188],[-119.03133691,49.84543473],[-119.03126616,49.83458681],[-119.0412719,49.83020108],[-119.04140539,49.82411356],[-119.05230498,49.81738548],[-119.05409857,49.81191315],[-119.05166634,49.80945897],[-119.05867356,49.80406806],[-119.05920357,49.80015408],[-119.07018324,49.79385321],[-119.08911891,49.79656549],[-119.10164159,49.78960624],[-119.11295337,49.78864463],[-119.11801735,49.7909124],[-119.11172038,49.79615558],[-119.11799538,49.80400644],[-119.1154726,49.81370031],[-119.12419834,49.82198242],[-119.12399098,49.82517967],[-119.13181962,49.8257109],[-119.13400153,49.8302224],[-119.13887615,49.82648041],[-119.16327414,49.82524028],[-119.17049044,49.81494123],[-119.16634694,49.81093042],[-119.16976885,49.80374648],[-119.16799327,49.80086542],[-119.17572508,49.79157634],[-119.16795248,49.77912445],[-119.17202001,49.77262962],[-119.15762638,49.76154211],[-119.15757006,49.75343813],[-119.14922193,49.74319446],[-119.1712326,49.74292138],[-119.17596674,49.7511566],[-119.1727804,49.75716925],[-119.18867605,49.7576815],[-119.19460699,49.76112434],[-119.21182638,49.74404674],[-119.21804072,49.7425204],[-119.21762002,49.73653326],[-119.22751485,49.74431311],[-119.24162407,49.74242884],[-119.24643083,49.7374255],[-119.25896356,49.74355156],[-119.26286481,49.73345981],[-119.29292566,49.72117852],[-119.30155217,49.70763949],[-119.31307708,49.70586424],[-119.3228813,49.69788516],[-119.33314958,49.69838477],[-119.35358073,49.69032649],[-119.36954045,49.67921183],[-119.37574291,49.67868436],[-119.37180816,49.67162263],[-119.37101944,49.65928124],[-119.37604577,49.65173929],[-119.37065536,49.64205641],[-119.37201465,49.63644819],[-119.35097261,49.63082161],[-119.35912716,49.61772266],[-119.34274641,49.60293869],[-119.34836871,49.59401665],[-119.3413355,49.57893057],[-119.34488031,49.5726312],[-119.33625038,49.5700003],[-119.33984191,49.55829137],[-119.33359932,49.55539951],[-119.32951066,49.54023817],[-119.32272243,49.53111901],[-119.31146817,49.53050315],[-119.30997777,49.52587664],[-119.302723,49.52164492],[-119.30955449,49.5022122],[-119.29875792,49.50203488],[-119.29751061,49.494457],[-119.30395146,49.48931953],[-119.29952317,49.47656132],[-119.30745173,49.4684106],[-119.34528522,49.46643085],[-119.36206407,49.45465453],[-119.37848203,49.45124042],[-119.37644243,49.43988532],[-119.3663985,49.43017309],[-119.36307326,49.41921098],[-119.36619951,49.41161488],[-119.36092061,49.39616137],[-119.36252037,49.38840494],[-119.34138521,49.39685619],[-119.33534244,49.4066456],[-119.3235714,49.39657562],[-119.30917885,49.39603866],[-119.30712597,49.38707539],[-119.29422363,49.38228463],[-119.2794185,49.38824082],[-119.2633452,49.38233946],[-119.2629004,49.37765677],[-119.24991618,49.36615679],[-119.26230218,49.34779671],[-119.23544153,49.33967903],[-119.21098462,49.34418292],[-119.2029629,49.3381708],[-119.20772064,49.32265155],[-119.17544602,49.30896008],[-119.18601871,49.29651292],[-119.21243292,49.28512862],[-119.22231323,49.27755769],[-119.22716497,49.26242601],[-119.23710648,49.25549377],[-119.24084028,49.24787544],[-119.23827123,49.23936994],[-119.2031717,49.21780548],[-119.19546686,49.21593243],[-119.18154982,49.21868017],[-119.17795633,49.21508644],[-119.18293864,49.20968815],[-119.18311621,49.20382399],[-119.22032921,49.1953729],[-119.22389528,49.186074],[-119.23726955,49.17793366],[-119.24218599,49.17002952],[-119.25493212,49.16541919],[-119.26382203,49.14490035],[-119.27413114,49.14498951],[-119.28323119,49.13932095],[-119.28502659,49.1336366],[-119.27075832,49.11619174],[-119.27723927,49.1084887],[-119.27316965,49.10082769],[-119.28233247,49.10243292],[-119.29029108,49.09970287],[-119.29242044,49.09595843],[-119.29008219,49.08893814],[-119.29723325,49.08752545],[-119.29983792,49.08233404],[-119.26627982,49.06592765],[-119.25334938,49.06514595],[-119.25282378,49.05735613],[-119.23373337,49.05610377],[-119.23106416,49.05750033],[-119.2310367,49.06451366],[-119.22128515,49.06408568],[-119.22025451,49.05924289],[-119.21119196,49.05698308],[-119.20230814,49.04999644],[-119.19844216,49.04370977],[-119.2039391,49.03877808],[-119.19971487,49.03199003],[-119.20125737,49.0253671],[-119.19553262,49.02248405],[-119.19526199,49.01426184],[-119.20371255,48.99999957],[-118.09503558,49.00006798]]]}},{"type":"Feature","properties":{"name":"Hazelton"},"geometry":{"type":"Polygon","coordinates":[[[-128.16179375,54.37961438],[-128.1469103,54.3742978],[-128.11865359,54.38232854],[-128.09800431,54.36737898],[-128.09946374,54.36129704],[-128.10711082,54.35665827],[-128.10643039,54.3492889],[-128.12265276,54.34144683],[-128.12698244,54.33280075],[-128.1215771,54.32590373],[-128.13006866,54.32152087],[-128.11976376,54.31788633],[-128.11465323,54.31139677],[-128.12171942,54.3051754],[-128.1312346,54.3033649],[-128.13706607,54.29734457],[-128.11187588,54.28464487],[-128.08319955,54.27703167],[-128.07608228,54.27146795],[-128.070147,54.26229059],[-128.0775147,54.25720096],[-128.07218327,54.24750696],[-128.07114266,54.23742091],[-128.06611137,54.23275384],[-128.04950034,54.22696159],[-128.03177527,54.2323118],[-128.00111332,54.22729792],[-127.9852563,54.22180954],[-127.98106985,54.20713162],[-127.97689379,54.20361844],[-127.99624604,54.19268051],[-127.99905564,54.1762996],[-128.00635816,54.17178655],[-128.00426657,54.16275379],[-127.99979067,54.15864582],[-127.99932193,54.14670006],[-128.0077487,54.14355643],[-128.02129139,54.12919625],[-128.01283518,54.12397307],[-127.99351231,54.12116218],[-127.98946422,54.11439149],[-127.99546734,54.10526506],[-127.98786841,54.09615118],[-127.9998929,54.09333418],[-128.00243779,54.06685865],[-128.02694522,54.07135969],[-128.03656876,54.06936057],[-128.04706723,54.07298896],[-128.06376861,54.07140776],[-128.06799886,54.05150518],[-128.03901543,54.04930883],[-128.03397837,54.04306764],[-128.03622093,54.03578789],[-128.03226351,54.02820575],[-128.03918594,54.01170811],[-128.01388018,54.00316677],[-128.02261821,53.9956353],[-128.03458828,53.99912894],[-128.04450394,53.99717716],[-128.0429406,53.98086945],[-128.05052432,53.97399953],[-128.04894285,53.96842346],[-128.05660293,53.95866822],[-128.04489801,53.94463594],[-128.04686114,53.93872849],[-128.06174574,53.93123263],[-128.06311804,53.92104118],[-128.05847204,53.91164847],[-128.0659355,53.90126251],[-128.04442113,53.89835258],[-128.0362923,53.89377575],[-128.02719315,53.89797084],[-128.02596942,53.89270437],[-128.00282334,53.88832656],[-128.01708857,53.87627346],[-128.01225346,53.87169534],[-128.01414861,53.86290247],[-128.01021412,53.85692875],[-127.99026821,53.84923077],[-127.98789478,53.8428378],[-127.96972988,53.84223904],[-127.95553137,53.82651212],[-127.95974447,53.82378462],[-127.96071093,53.81861124],[-127.94309932,53.80792305],[-127.91375434,53.79726516],[-127.91227795,53.79258263],[-127.90148009,53.78605742],[-127.89983811,53.77584442],[-127.91161711,53.76875644],[-127.9055994,53.76125457],[-127.90482816,53.75446091],[-127.89307061,53.74406998],[-127.85944612,53.72952168],[-127.84970389,53.72990923],[-127.84417702,53.72471011],[-127.82457942,53.72987204],[-127.81864962,53.72877997],[-127.81179951,53.70798396],[-127.83693593,53.70149324],[-127.8236537,53.69702634],[-127.82176655,53.68678743],[-127.80839017,53.68337417],[-127.81043878,53.67781699],[-127.81898091,53.67366785],[-127.8171188,53.67013013],[-127.82206245,53.66195383],[-127.80893547,53.65813858],[-127.79639973,53.66233693],[-127.78080634,53.66091197],[-127.77761661,53.65417873],[-127.79131224,53.63909391],[-127.78051653,53.63660104],[-127.77622598,53.63228363],[-127.75867057,53.63301679],[-127.75928025,53.62757121],[-127.76575569,53.62228067],[-127.7594469,53.61476764],[-127.74913292,53.6100727],[-127.74937353,53.60712732],[-127.74451021,53.60666217],[-127.74670858,53.60197218],[-127.76566148,53.59547846],[-127.76355769,53.59313738],[-127.76690931,53.59155113],[-127.76579049,53.58926387],[-127.75465864,53.58567738],[-127.75432865,53.57623741],[-127.77810644,53.55836663],[-127.78001268,53.55242349],[-127.7675406,53.54977539],[-127.75718778,53.55460351],[-127.74452253,53.55238278],[-127.7389317,53.5557939],[-127.72707013,53.55570878],[-127.71205723,53.54529565],[-127.69478977,53.54969727],[-127.68091374,53.54946415],[-127.67140265,53.54361917],[-127.67858379,53.53987852],[-127.67824313,53.53337373],[-127.67096413,53.53190149],[-127.66641214,53.52694074],[-127.65360809,53.52871994],[-127.64533366,53.5363819],[-127.63590401,53.53981239],[-127.63552883,53.55021789],[-127.62429842,53.55494377],[-127.61692361,53.56341652],[-127.61469443,53.55471146],[-127.60401646,53.54635313],[-127.60648573,53.54344874],[-127.59815305,53.54156942],[-127.58674583,53.54466777],[-127.55489672,53.52764769],[-127.55417305,53.51415938],[-127.57165458,53.50751967],[-127.57120516,53.50449804],[-127.56089537,53.49598713],[-127.56203287,53.49262087],[-127.55432107,53.48611297],[-127.55457173,53.48194148],[-127.53550786,53.4700586],[-127.52876324,53.46160658],[-127.51731796,53.45850729],[-127.4954128,53.46959726],[-127.48975355,53.48109521],[-127.48234196,53.48528061],[-127.44686086,53.49312184],[-127.43638077,53.49086583],[-127.41308292,53.47118504],[-127.41433324,53.46526097],[-127.40355407,53.45641521],[-127.40853501,53.45320967],[-127.40870326,53.44660426],[-127.39581273,53.43903318],[-127.39516244,53.42980987],[-127.37726372,53.42973971],[-127.37191803,53.42490163],[-127.37567372,53.41624139],[-127.36584625,53.4111634],[-127.3664951,53.40360233],[-127.36266628,53.39626288],[-127.37078389,53.39319705],[-127.36340964,53.38494877],[-127.36358936,53.37592796],[-127.35657767,53.37379965],[-127.35360083,53.36626133],[-127.33977361,53.36402004],[-127.32595769,53.35643682],[-127.31546843,53.35655891],[-127.32368876,53.34410707],[-127.32058879,53.3419325],[-127.32048566,53.33299493],[-127.3001092,53.32810341],[-127.29239616,53.31776249],[-127.27859985,53.31217932],[-127.27700885,53.3072388],[-127.26619272,53.30755852],[-127.2678896,53.30226962],[-127.26504603,53.29907291],[-127.25339663,53.2966826],[-127.27088792,53.28562558],[-127.26655585,53.28342581],[-127.26507476,53.27739815],[-127.2550057,53.27383481],[-127.25636753,53.26909017],[-127.25081384,53.25920932],[-127.22749724,53.24846342],[-127.20231889,53.24779969],[-127.19297605,53.25298953],[-127.19581296,53.26152832],[-127.18748275,53.262184],[-127.1693158,53.27172387],[-127.15060304,53.27174149],[-127.14709634,53.26357462],[-127.13825038,53.25513627],[-127.13921148,53.25261546],[-127.13136034,53.24528528],[-127.13170321,53.23947729],[-127.11670933,53.23827988],[-127.09922082,53.24336221],[-127.08756172,53.23761068],[-127.07912641,53.23898526],[-127.07757389,53.24358159],[-127.08024616,53.24860504],[-127.06904959,53.26305187],[-127.07553082,53.27541981],[-127.06135005,53.29373745],[-127.04173709,53.29619459],[-127.0140527,53.30478256],[-127.00467508,53.30407738],[-127.00213253,53.2938755],[-126.98462479,53.28289998],[-126.98143466,53.26413381],[-126.98945873,53.26722963],[-127.00063885,53.25716219],[-127.00608287,53.24726284],[-127.00105383,53.24167058],[-127.00376615,53.23739045],[-127.0254861,53.23354123],[-127.03746507,53.2240474],[-127.04298345,53.21399471],[-127.03918907,53.21208232],[-127.03929319,53.20616801],[-127.0453191,53.20200559],[-127.04398586,53.19703897],[-127.02548517,53.19838828],[-127.02482355,53.19356691],[-127.01366091,53.18761843],[-127.01746107,53.17876301],[-127.0146768,53.17130808],[-127.00399234,53.16230063],[-127.00233759,53.15667175],[-126.99093673,53.15215796],[-126.99507407,53.1444348],[-126.99218594,53.13343982],[-127.00173868,53.12997419],[-127.00187253,53.12680587],[-127.01427169,53.12656404],[-127.01792573,53.12148182],[-127.03129775,53.11555424],[-127.01705777,53.09335342],[-127.00892043,53.08683429],[-127.01915655,53.08167308],[-127.0158648,53.07436283],[-127.00597967,53.07214747],[-127.00163008,53.06586778],[-126.99415722,53.06600264],[-126.98090831,53.07449526],[-126.96547201,53.07947388],[-126.94898876,53.09152616],[-126.94203242,53.09070051],[-126.93951447,53.08499233],[-126.91841973,53.0830611],[-126.91018913,53.08585667],[-126.8983594,53.08157542],[-126.87646846,53.08744897],[-126.87473344,53.09423767],[-126.86693724,53.10296797],[-126.86632879,53.10908486],[-126.83737707,53.10560643],[-126.81225286,53.08582649],[-126.81276008,53.07730702],[-126.79611259,53.06755975],[-126.79587571,53.06150879],[-126.7893155,53.05074413],[-126.79337487,53.04512093],[-126.79234066,53.03646157],[-126.79774599,53.02954833],[-126.79603743,53.02434256],[-126.78945074,53.01968383],[-126.78856003,53.00630634],[-126.79173171,53.00234908],[-126.7870377,52.99678324],[-126.78276008,52.99628113],[-126.77428871,53.00457606],[-126.75901255,52.99830271],[-126.74925683,52.99052504],[-126.72354972,52.99369939],[-126.70714392,52.98904495],[-126.69024407,52.99648815],[-126.67528546,53.01169662],[-126.6721925,53.0233612],[-126.66141094,53.02530743],[-126.65304443,53.03352271],[-126.63589818,53.01765158],[-126.63484363,53.01180861],[-126.62368133,53.00337614],[-126.62191556,52.99865956],[-126.61403049,52.99565693],[-126.61754059,52.98754037],[-126.62487605,52.98561021],[-126.63113022,52.97592606],[-126.60807623,52.97531051],[-126.59951322,52.96882599],[-126.58786728,52.96853169],[-126.57186586,52.98239776],[-126.54494683,52.97998333],[-126.55012504,52.98563373],[-126.55012485,52.99023301],[-126.52889453,53.00037635],[-126.53360184,53.00759435],[-126.51992572,53.02367891],[-126.49891886,53.02021477],[-126.47936319,53.03261084],[-126.48210969,53.03950476],[-126.47146593,53.06079851],[-126.47623053,53.06648379],[-126.45849668,53.07217094],[-126.45914726,53.08071877],[-126.46260218,53.08433114],[-126.4584869,53.09591881],[-126.46564418,53.09968248],[-126.4588952,53.10045959],[-126.46010316,53.10557484],[-126.45705905,53.10879619],[-126.4415245,53.10478293],[-126.42430194,53.10752501],[-126.41650574,53.1032373],[-126.39790038,53.10756976],[-126.38591592,53.10698316],[-126.37572458,53.09777169],[-126.36021757,53.09010002],[-126.34756041,53.09028975],[-126.32908422,53.09781103],[-126.28730484,53.1059771],[-126.28355791,53.1100147],[-126.28007238,53.12554272],[-126.27020318,53.13120592],[-126.26776783,53.13852167],[-126.25112837,53.1442975],[-126.24855504,53.15113187],[-126.24192922,53.15279317],[-126.24581258,53.16543793],[-126.25662857,53.16962602],[-126.25376327,53.17397935],[-126.24693927,53.17469683],[-126.23659929,53.16990414],[-126.23541667,53.17306883],[-126.22371018,53.17690031],[-126.22335226,53.18365753],[-126.21414588,53.18666149],[-126.20039971,53.18201576],[-126.19553083,53.18828912],[-126.18194961,53.1913526],[-126.16916291,53.1882227],[-126.16010848,53.19723309],[-126.1522485,53.19813415],[-126.15007289,53.19615274],[-126.1549202,53.18702265],[-126.13525569,53.18365757],[-126.12183221,53.1868277],[-126.11107264,53.19963809],[-126.09634805,53.20516883],[-126.09399461,53.20949479],[-126.08246203,53.20648621],[-126.06805159,53.20997412],[-126.03727606,53.20916153],[-126.02536643,53.21321425],[-125.99992685,53.2068062],[-125.77126563,53.20714061],[-125.77225809,52.99428502],[-125.76837341,52.9890312],[-125.77335509,52.98314136],[-125.76737299,52.97629619],[-125.74142766,52.96924834],[-125.74216722,52.96293128],[-125.73181855,52.96427747],[-125.7351835,52.95531517],[-125.72942232,52.94740897],[-125.71986794,52.94740175],[-125.6832572,52.93661441],[-125.67312772,52.92638682],[-125.65942234,52.92368437],[-125.65722287,52.93480855],[-125.64652114,52.93719899],[-125.64871712,52.9433367],[-125.6453797,52.94804254],[-125.63414728,52.9502196],[-125.62296963,52.96249693],[-125.60021052,52.955707],[-125.58781053,52.95891218],[-125.57731283,52.95740089],[-125.57457065,52.95128288],[-125.56211217,52.95313264],[-125.56180615,52.948814],[-125.5561679,52.94425965],[-125.52681377,52.94058363],[-125.51757733,52.94973199],[-125.52991565,52.96492396],[-125.5278777,52.97135954],[-125.53591048,52.98046561],[-125.5326415,52.98517801],[-125.52133687,52.99013808],[-125.49951983,52.98782152],[-125.49812377,52.99385809],[-125.48399829,53.00142907],[-125.4477205,53.00031229],[-125.43198097,52.99595817],[-125.42822636,52.99877779],[-125.43007878,53.0033692],[-125.41952373,53.00401189],[-125.4092536,53.01018435],[-125.43703812,53.02642669],[-125.43710842,53.03098699],[-125.43302216,53.03269694],[-125.40101971,53.03434736],[-125.37937278,53.028978],[-125.36611618,53.03256829],[-125.35711655,53.02535774],[-125.34553223,53.02200583],[-125.32948861,53.02227264],[-125.32951074,53.02968455],[-125.3391823,53.03603257],[-125.34338749,53.04997182],[-125.33227554,53.04592828],[-125.32808241,53.05225839],[-125.30654903,53.05331547],[-125.30973554,53.06100465],[-125.29696049,53.06226103],[-125.29214958,53.06800519],[-125.29449776,53.07429354],[-125.29107198,53.07745024],[-125.24548231,53.073757],[-125.23263583,53.06659645],[-125.19912889,53.06754663],[-125.18224496,53.06205124],[-125.14904828,53.06190072],[-125.12253402,53.0532622],[-125.10270706,53.06139745],[-125.05147139,53.06781898],[-125.0183378,53.05988465],[-125.01145447,53.06120832],[-125.00747569,53.06628532],[-124.99461736,53.06628468],[-124.98536605,53.06109069],[-124.9678032,53.05852138],[-124.9563791,53.06033659],[-124.95458269,53.06603008],[-124.93353149,53.0662038],[-124.92349971,53.07025504],[-124.90339473,53.08610062],[-124.90637604,53.09125435],[-124.91241751,53.09251977],[-124.9079987,53.10146434],[-124.91330489,53.11103357],[-124.90805645,53.11396871],[-124.89161227,53.1115359],[-124.87973138,53.11466685],[-124.90043752,53.12289509],[-124.89288379,53.13866087],[-124.89707294,53.14319676],[-124.88997354,53.15123864],[-124.86547632,53.15991579],[-124.8535551,53.15932525],[-124.84685282,53.15231664],[-124.83111198,53.15085731],[-124.82776172,53.15629979],[-124.81396644,53.15899007],[-124.81052861,53.16557975],[-124.80167032,53.15790534],[-124.78589978,53.15536677],[-124.77670023,53.14806058],[-124.76892984,53.14929779],[-124.75177363,53.14551707],[-124.73308803,53.15038688],[-124.68307664,53.13445831],[-124.65687715,53.14158387],[-124.63844607,53.13538347],[-124.60745023,53.13813798],[-124.59322958,53.13594418],[-124.58850441,53.13083716],[-124.55814009,53.12905718],[-124.50098489,53.13598112],[-124.47290058,53.15124404],[-124.46982517,53.15573011],[-124.47382392,53.16190673],[-124.47184549,53.17092547],[-124.48700078,53.17676595],[-124.48665168,53.18249079],[-124.48289874,53.18582207],[-124.48460854,53.20137375],[-124.49632647,53.20473758],[-124.52761312,53.20340363],[-124.51620669,53.2088521],[-124.51275512,53.21524341],[-124.50153206,53.22019076],[-124.49673345,53.22711198],[-124.47883656,53.23235902],[-124.45884591,53.24722359],[-124.4665167,53.25249463],[-124.46196409,53.26281923],[-124.4657058,53.26540808],[-124.46493335,53.27358182],[-124.47442359,53.27582268],[-124.47883624,53.28232046],[-124.49562253,53.27951497],[-124.53428777,53.28282535],[-124.51995222,53.28369017],[-124.50151886,53.29053871],[-124.48004423,53.31030163],[-124.48985529,53.34401323],[-124.49345301,53.34714038],[-124.50464403,53.34699368],[-124.50725007,53.3540819],[-124.53108759,53.35257974],[-124.53811678,53.35647784],[-124.55327205,53.35750357],[-124.56181943,53.36664867],[-124.56945389,53.36385597],[-124.5762277,53.3652729],[-124.57857107,53.37032135],[-124.58773951,53.36994986],[-124.59678917,53.38122045],[-124.60486867,53.38126166],[-124.60709333,53.38558704],[-124.600937,53.38983654],[-124.58446458,53.39152475],[-124.56608313,53.38809337],[-124.55816655,53.39552244],[-124.51630831,53.39402143],[-124.48413877,53.40362793],[-124.48585276,53.40811107],[-124.50113505,53.41230744],[-124.50762421,53.42764736],[-124.50781071,53.44210966],[-124.51431839,53.44479274],[-124.49995218,53.4456425],[-124.48596208,53.45494159],[-124.49227462,53.46108286],[-124.48758985,53.46959242],[-124.49971336,53.48040408],[-124.49528928,53.48747063],[-124.49804152,53.49320568],[-124.49531506,53.50114007],[-124.51739578,53.50683159],[-124.53460811,53.51953374],[-124.5343627,53.5307267],[-124.5390391,53.53405061],[-124.5246136,53.53885194],[-124.53543203,53.54249538],[-124.535753,53.54705889],[-124.54412619,53.55067543],[-124.55589792,53.56269188],[-124.54896646,53.57296109],[-124.53021118,53.58398819],[-124.52922901,53.58910479],[-124.55060308,53.59753456],[-124.56151074,53.59776147],[-124.56867207,53.60256813],[-124.59121416,53.59512299],[-124.60660168,53.59577828],[-124.61727573,53.59211751],[-124.65866013,53.61041542],[-124.68128078,53.60164745],[-124.68578373,53.59633219],[-124.69827636,53.59600216],[-124.70237633,53.59938984],[-124.71382322,53.59780773],[-124.72648619,53.58758282],[-124.711467,53.58411298],[-124.71531743,53.57649902],[-124.7201512,53.57275958],[-124.75374113,53.56678505],[-124.77199943,53.57177469],[-124.77236214,53.57734987],[-124.78281062,53.58078018],[-124.79457828,53.58098005],[-124.80355248,53.57329788],[-124.81785542,53.57101857],[-124.84080119,53.57708352],[-124.84855458,53.57493067],[-124.85106554,53.58024666],[-124.89221712,53.58841158],[-124.91632832,53.58773569],[-124.91377899,53.59838506],[-124.91829915,53.60824592],[-124.8876119,53.61835192],[-124.88471272,53.62450725],[-124.87768238,53.62881684],[-124.88229254,53.63085744],[-124.90288375,53.62467518],[-124.92251175,53.62756398],[-124.92203302,53.63364668],[-124.93679331,53.64157798],[-124.93568911,53.64698914],[-124.9388104,53.65082125],[-124.95083587,53.65582553],[-124.95821218,53.66292286],[-124.94694053,53.67055967],[-124.97741767,53.66923678],[-124.98318333,53.67140142],[-124.9852687,53.67776582],[-124.98185055,53.68937274],[-124.93085511,53.69996941],[-124.92690968,53.70535502],[-124.93927019,53.71260536],[-124.95244485,53.71444013],[-124.94597996,53.72318515],[-124.94681563,53.72664279],[-125.00096012,53.71908502],[-124.99859172,53.72441991],[-124.98394875,53.7274704],[-124.98366124,53.7298417],[-124.99783158,53.72998216],[-125.00048765,53.73636711],[-125.01217076,53.74016723],[-125.0292058,53.75491641],[-125.00960681,53.75623559],[-124.99785858,53.76541395],[-125.01201751,53.78580894],[-125.06549288,53.77814339],[-125.07828344,53.78261424],[-125.08235707,53.78890101],[-125.08201829,53.79590901],[-125.07404881,53.80016221],[-125.06316927,53.81970827],[-125.05009501,53.82241005],[-125.03425799,53.83360881],[-125.02966791,53.84176922],[-125.0328754,53.85198904],[-125.05210191,53.86002167],[-125.09018048,53.85831209],[-125.09027804,53.86230332],[-125.07919058,53.87104798],[-125.08309727,53.87666055],[-125.10237115,53.87145374],[-125.12197138,53.87736858],[-125.11177224,53.89088318],[-125.08760741,53.90208422],[-125.07751579,53.90421572],[-125.07045701,53.89963113],[-125.06091313,53.89944961],[-125.05113219,53.9016379],[-125.0412408,53.90856996],[-125.01381078,53.9036032],[-124.99111612,53.9042241],[-124.99043462,53.89451176],[-124.97484731,53.8937327],[-124.97003175,53.88808302],[-124.9607626,53.88579727],[-124.93998544,53.88527459],[-124.92726463,53.87041551],[-124.90841902,53.86760982],[-124.90471279,53.86978123],[-124.91381513,53.875725],[-124.9109502,53.88702462],[-124.88909558,53.88914832],[-124.86731271,53.89870224],[-124.85058252,53.89940636],[-124.83990306,53.90707024],[-124.84571453,53.91607794],[-124.83220827,53.91292786],[-124.82031465,53.91459202],[-124.80205617,53.92643155],[-124.79490993,53.93866275],[-124.79928498,53.94625638],[-124.79433804,53.96540347],[-124.79567846,53.97555774],[-124.80928979,53.98205639],[-124.81496288,53.98955454],[-124.82582937,53.98922886],[-124.83794608,53.98362992],[-124.84860051,53.98427133],[-124.8498213,53.98007624],[-124.86179893,53.97654421],[-124.927351,53.98511749],[-124.93711532,53.98237271],[-124.97959859,53.98193606],[-124.98194689,53.9896466],[-124.98896114,53.99597648],[-124.99719145,53.99740378],[-124.99817701,54.00075884],[-125.00931697,54.00615552],[-125.00920744,54.01626187],[-125.0214974,54.01628024],[-125.02162464,54.03147256],[-125.03270266,54.04000549],[-125.01575854,54.04624935],[-124.99029012,54.04597444],[-124.97577221,54.0525035],[-124.95235338,54.05254487],[-124.95236662,54.05641102],[-124.92797937,54.05502404],[-124.92809914,54.08168465],[-124.95739456,54.08175964],[-124.95725425,54.12268687],[-124.96480123,54.12679506],[-124.96271187,54.13747054],[-124.99162476,54.15468459],[-124.99868629,54.16416],[-124.99157256,54.17176225],[-124.99183594,54.17591368],[-124.98420583,54.18212795],[-124.98408282,54.18712796],[-125.03794438,54.18501319],[-125.05384929,54.18775074],[-125.07420092,54.18316603],[-125.07594189,54.18756367],[-125.08742025,54.18872407],[-125.08916283,54.19321],[-125.09682215,54.19371525],[-125.10667175,54.19933506],[-125.10480712,54.20755237],[-125.09374084,54.20827557],[-125.08732739,54.21377389],[-125.06111155,54.21241145],[-125.05117189,54.21752386],[-125.03175874,54.22059186],[-125.02018768,54.23281327],[-124.99669248,54.23369284],[-124.97860374,54.24187913],[-124.96682497,54.24309841],[-124.93941037,54.24341779],[-124.92381536,54.23990092],[-124.91581569,54.23372943],[-124.89638487,54.2331843],[-124.88720572,54.22205561],[-124.88730182,54.211296],[-124.87453513,54.20668013],[-124.85995053,54.20942322],[-124.84222535,54.20678684],[-124.81536629,54.2136319],[-124.81547126,54.21680277],[-124.79888338,54.23000027],[-124.79104888,54.24092405],[-124.7761245,54.23863752],[-124.74699046,54.24493123],[-124.73495875,54.25217908],[-124.70778294,54.24734501],[-124.70084253,54.24214875],[-124.68505933,54.24992227],[-124.67083017,54.24224701],[-124.63380863,54.23902489],[-124.62024234,54.22652319],[-124.61368925,54.23064687],[-124.59345278,54.23377468],[-124.58410281,54.2204595],[-124.56843629,54.21820355],[-124.54478257,54.22640878],[-124.53463628,54.23551417],[-124.53593272,54.24194329],[-124.52728239,54.25170684],[-124.53427739,54.26503111],[-124.53874356,54.2722365],[-124.55336766,54.27687962],[-124.56676687,54.28921476],[-124.58016181,54.29386358],[-124.60945014,54.29702007],[-124.63262892,54.29489466],[-124.63308429,54.30136174],[-124.6585067,54.30322008],[-124.69351084,54.32685295],[-124.71292863,54.32295126],[-124.72755515,54.32678054],[-124.73984953,54.32511123],[-124.76159214,54.32789759],[-124.77427189,54.33518032],[-124.78409989,54.33664419],[-124.77887731,54.34325352],[-124.77059338,54.34386689],[-124.77002531,54.34752153],[-124.78026171,54.35253591],[-124.80125357,54.35559926],[-124.82044814,54.3648881],[-124.80635413,54.37789804],[-124.80597295,54.38437771],[-124.7936488,54.38918407],[-124.78093279,54.40351974],[-124.8036409,54.40979949],[-124.80224798,54.41836816],[-124.8174617,54.42546242],[-124.81669673,54.42854855],[-124.82092085,54.43205481],[-124.79906984,54.44152343],[-124.78391133,54.43938086],[-124.77064667,54.4473986],[-124.75429247,54.44903281],[-124.7528784,54.4547351],[-124.74607372,54.45944693],[-124.72026603,54.46269853],[-124.71375415,54.47510981],[-124.69836666,54.48570506],[-124.74364913,54.50439409],[-124.75229443,54.51644236],[-124.78315661,54.52457662],[-124.78579324,54.53288204],[-124.79256502,54.53525516],[-124.86864705,54.53133741],[-124.89990634,54.53631964],[-124.91833525,54.53273416],[-124.93675546,54.52793962],[-124.93825908,54.52550775],[-124.93479806,54.52503191],[-124.93236143,54.51519509],[-124.93410791,54.51361209],[-124.97599472,54.50449148],[-124.98936821,54.50551214],[-125.00683522,54.50142619],[-125.00942029,54.4987861],[-125.00343137,54.49284523],[-125.00393709,54.48938974],[-125.03484371,54.48030938],[-125.08221191,54.48867411],[-125.0952596,54.4942502],[-125.10185743,54.50215309],[-125.12187456,54.50756559],[-125.12458685,54.51394522],[-125.11319114,54.52831386],[-125.11681624,54.53546854],[-125.14692524,54.54401557],[-125.17501284,54.54591484],[-125.22346663,54.54325834],[-125.26231257,54.53721246],[-125.28901168,54.54608563],[-125.30326177,54.53978181],[-125.31013594,54.54616168],[-125.31872044,54.54768243],[-125.3459095,54.54526499],[-125.35324015,54.53996983],[-125.36994743,54.53873099],[-125.37277543,54.5425487],[-125.38506111,54.54733813],[-125.39495928,54.54687341],[-125.40193109,54.55120471],[-125.40864743,54.55112982],[-125.42452533,54.54335836],[-125.44933801,54.5496722],[-125.45482628,54.54629229],[-125.47262384,54.55613791],[-125.49341466,54.5603155],[-125.49749144,54.55975667],[-125.5062034,54.54966835],[-125.50337367,54.54253443],[-125.49604892,54.53820526],[-125.50418196,54.52840921],[-125.51031666,54.52774406],[-125.52146391,54.53068754],[-125.53976249,54.54923355],[-125.55608947,54.55338698],[-125.57023991,54.56392399],[-125.57521424,54.56316527],[-125.57896334,54.57647784],[-125.57711368,54.58861424],[-125.55882288,54.59535076],[-125.55729673,54.60224255],[-125.56358234,54.60792379],[-125.56914226,54.60936344],[-125.59533845,54.60194845],[-125.62570811,54.60584239],[-125.64858815,54.58780077],[-125.67761795,54.58152198],[-125.6838915,54.58348465],[-125.69370074,54.59324116],[-125.69475081,54.60323518],[-125.69961563,54.60807714],[-125.7263496,54.6154255],[-125.73982647,54.60774015],[-125.74433622,54.62112294],[-125.75443512,54.62776191],[-125.73140313,54.63986854],[-125.72486468,54.65111193],[-125.75134905,54.65873189],[-125.77787742,54.65971783],[-125.78600854,54.66605828],[-125.81490797,54.67510431],[-125.80881189,54.68544905],[-125.79662888,54.69133778],[-125.8144776,54.69454638],[-125.81320922,54.69687261],[-125.81945904,54.70044752],[-125.81442627,54.70582646],[-125.82474144,54.71356962],[-125.84872297,54.7207046],[-125.84526574,54.72600049],[-125.85653759,54.74505585],[-125.8436788,54.74766844],[-125.81155845,54.74341733],[-125.78915216,54.74660163],[-125.76348775,54.74357284],[-125.75992542,54.75557062],[-125.76245804,54.76695644],[-125.76899115,54.77182897],[-125.76871162,54.77646457],[-125.77939031,54.78264214],[-125.77776091,54.79651396],[-125.80960044,54.80297273],[-125.81948926,54.81131916],[-125.83440418,54.81007693],[-125.83320024,54.81581556],[-125.8522524,54.81892276],[-125.85523714,54.82235298],[-125.88143104,54.82401815],[-125.88318104,54.82748793],[-125.89853284,54.82977925],[-125.89884365,54.83733498],[-125.90313309,54.84154001],[-125.92014388,54.83984558],[-125.92287586,54.84253155],[-125.92115015,54.84657863],[-125.92710404,54.8537559],[-125.90536939,54.85681954],[-125.90317821,54.86231171],[-125.92222318,54.86499708],[-125.92570395,54.86808547],[-125.90036318,54.87795567],[-125.9006011,54.88485846],[-125.90891839,54.88734977],[-125.93428996,54.88491234],[-125.94016082,54.89085375],[-125.93391745,54.89419212],[-125.94131822,54.896898],[-125.95002387,54.91012246],[-125.95432806,54.91189457],[-125.95570994,54.91801714],[-125.96461204,54.92170535],[-125.9637644,54.92852034],[-125.97049507,54.92838439],[-125.9840717,54.93788634],[-125.99476979,54.93768009],[-126.00913491,54.94808636],[-126.02516006,54.954279],[-126.03729022,54.95490751],[-126.06479997,54.96385249],[-126.06883484,54.96664203],[-126.06990599,54.97270975],[-126.05786954,54.98832515],[-126.06324197,54.99308513],[-126.07323317,54.99425207],[-126.08055036,55.0021042],[-126.10580287,55.00922518],[-126.10643143,55.01544302],[-126.10238863,55.02136805],[-126.15618984,55.01617415],[-126.16136367,55.02675769],[-126.16799942,55.02995157],[-126.16904256,55.03942499],[-126.16133924,55.0439739],[-126.15634699,55.05354584],[-126.17364721,55.06850607],[-126.17168486,55.07602507],[-126.16076065,55.08017299],[-126.15561359,55.08871933],[-126.1702612,55.09929925],[-126.1748462,55.10733323],[-126.18682785,55.11125085],[-126.19973942,55.12122185],[-126.19611003,55.12304064],[-126.19652638,55.12744987],[-126.17445425,55.13046605],[-126.17846731,55.13883666],[-126.17860911,55.1566574],[-126.1901309,55.16245223],[-126.19402083,55.16923463],[-126.20106199,55.16527828],[-126.21429362,55.16955745],[-126.21797933,55.1791648],[-126.22780262,55.18499832],[-126.23905035,55.20074335],[-126.25325446,55.20706248],[-126.2548212,55.21463161],[-126.26354658,55.22584205],[-126.27367224,55.22786391],[-126.29892386,55.24697081],[-126.3137257,55.24853691],[-126.31598165,55.2547441],[-126.32293498,55.25861885],[-126.32338684,55.2630881],[-126.33879414,55.27099695],[-126.32541043,55.27805965],[-126.32772818,55.28525307],[-126.32573007,55.28854394],[-126.34497086,55.29638937],[-126.34947705,55.31030666],[-126.36239375,55.32075163],[-126.36505808,55.32879226],[-126.3769189,55.33310542],[-126.3806431,55.34764107],[-126.39178543,55.35087884],[-126.3926686,55.35653248],[-126.40602944,55.36443071],[-126.42266586,55.36882812],[-126.4171409,55.38039698],[-126.39728915,55.38442933],[-126.37835168,55.37731873],[-126.36579496,55.36794816],[-126.33906938,55.36138167],[-126.33196789,55.35507804],[-126.32217433,55.35535229],[-126.31861541,55.35967958],[-126.30640899,55.36425896],[-126.30854738,55.36823367],[-126.29620255,55.37197698],[-126.28774399,55.36592601],[-126.27907474,55.36586617],[-126.27481396,55.36175679],[-126.27442352,55.35335876],[-126.26428112,55.35151048],[-126.25576052,55.3528866],[-126.25679706,55.35832359],[-126.24546774,55.35956028],[-126.24327447,55.36709893],[-126.23343738,55.372381],[-126.25373858,55.37527768],[-126.26797845,55.38104768],[-126.28479829,55.39616215],[-126.29113323,55.39636593],[-126.29709202,55.39144582],[-126.3019996,55.39260431],[-126.30811068,55.40568616],[-126.34246005,55.4153654],[-126.34540519,55.42575077],[-126.34294461,55.43266936],[-126.35268471,55.43228617],[-126.35412144,55.44095214],[-126.36248308,55.44371668],[-126.35548052,55.45719426],[-126.36537826,55.46377974],[-126.36076566,55.4692637],[-126.36096894,55.47609099],[-126.39577509,55.48474669],[-126.3961935,55.48896172],[-126.4020404,55.49066772],[-126.40867186,55.50118662],[-126.41064516,55.5112289],[-126.41499723,55.5138911],[-126.40758288,55.53141256],[-126.39060566,55.53412518],[-126.386607,55.53645797],[-126.38563361,55.54244342],[-126.40735157,55.55816306],[-126.40160907,55.56616306],[-126.407231,55.57282066],[-126.40798166,55.58143473],[-126.43517975,55.58714118],[-126.44376845,55.59365139],[-126.47129468,55.60099632],[-126.48626323,55.61425954],[-126.47947176,55.62379707],[-126.48118184,55.6291751],[-126.47773775,55.63588198],[-126.48142009,55.64016731],[-126.49359257,55.63976065],[-126.51394173,55.64696426],[-126.52465798,55.64459283],[-126.52960045,55.64814357],[-126.53164152,55.65729934],[-126.52792984,55.66251816],[-126.53343122,55.66798599],[-126.54910706,55.6683912],[-126.56782873,55.65828248],[-126.57886739,55.66460575],[-126.58594291,55.66306445],[-126.5937419,55.67355535],[-126.60383375,55.67167512],[-126.61468068,55.67541812],[-126.61557277,55.6808735],[-126.62446826,55.68223187],[-126.63135759,55.68757776],[-126.63301789,55.69712934],[-126.64557192,55.70082196],[-126.65370608,55.70785367],[-126.67074011,55.70290128],[-126.68278884,55.71754616],[-126.7101874,55.72427137],[-126.73038565,55.73654514],[-126.7509668,55.74196592],[-126.75239021,55.7445894],[-126.74832987,55.7476252],[-126.75075716,55.77480185],[-126.75788199,55.77766789],[-126.73396898,55.78841105],[-126.75920897,55.80063779],[-126.78527955,55.80243503],[-126.80809807,55.81776743],[-126.81742263,55.81930459],[-126.82044112,55.8239779],[-126.83195841,55.82796044],[-126.84210145,55.82724925],[-126.84598736,55.83252998],[-126.84477219,55.83631931],[-126.86464549,55.84634587],[-126.86648362,55.85236692],[-126.87670693,55.85900661],[-126.87489893,55.86499231],[-126.88326146,55.87577287],[-126.88003725,55.88438163],[-126.88445912,55.89461719],[-126.9073426,55.89959631],[-126.92395738,55.91691222],[-126.92107465,55.92428311],[-126.91068392,55.92610105],[-126.90182112,55.93223858],[-126.88244724,55.93357346],[-126.87929328,55.93789644],[-126.88151478,55.94058261],[-126.86946525,55.94981903],[-126.87050264,55.95698597],[-126.87680224,55.95921183],[-126.88268643,55.9661614],[-126.90357955,55.96255993],[-126.91830757,55.97100149],[-126.94957389,55.97804515],[-126.95135067,55.980393],[-126.91616072,55.99936764],[-126.92275528,56.00367145],[-126.92247882,56.00722641],[-126.9322582,56.01193782],[-126.93868822,56.02166226],[-126.934465,56.02826844],[-126.95843571,56.03834226],[-126.99488769,56.03197863],[-126.99939808,56.05121282],[-127.01258233,56.04941257],[-127.02048777,56.05545297],[-127.02048275,56.06182438],[-127.03083144,56.08021549],[-127.01836998,56.09169886],[-127.02349955,56.09736265],[-127.01917699,56.10394355],[-127.00786743,56.11056975],[-126.99605338,56.10978791],[-127.00008633,56.11921939],[-127.0073463,56.12117732],[-127.01158944,56.12671874],[-127.00744377,56.13997857],[-126.98378057,56.15502594],[-126.98525722,56.16519469],[-126.9757944,56.16629917],[-126.96599365,56.17279691],[-126.9520595,56.16899906],[-126.9449487,56.16116151],[-126.9309049,56.15945356],[-126.92094787,56.14802636],[-126.91043338,56.1431755],[-126.89611671,56.12396124],[-126.89378376,56.1147813],[-126.87466172,56.104218],[-126.87631734,56.09523215],[-126.86724249,56.0857565],[-126.8672906,56.06993116],[-126.86234398,56.06596265],[-126.86111968,56.06015422],[-126.85126055,56.0557682],[-126.84904274,56.04906914],[-126.83962568,56.03994466],[-126.8330778,56.03875118],[-126.82619798,56.02461912],[-126.81497318,56.01813914],[-126.78501443,56.02067893],[-126.78381153,56.02486313],[-126.77458205,56.0223335],[-126.76846637,56.02429942],[-126.76630146,56.03233899],[-126.75688793,56.03748059],[-126.75979421,56.04987265],[-126.7451755,56.04983152],[-126.73866543,56.03979888],[-126.74314006,56.0378048],[-126.74311722,56.03173748],[-126.72773718,56.02192845],[-126.71778829,56.02224828],[-126.71819708,56.02632638],[-126.70644304,56.02853612],[-126.69745713,56.02431384],[-126.67216172,56.026771],[-126.67488763,56.03245768],[-126.67082071,56.03442029],[-126.64983173,56.03343957],[-126.65182801,56.03978682],[-126.63889187,56.05277025],[-126.62299426,56.05519795],[-126.63058427,56.06293828],[-126.62268698,56.069104],[-126.62356302,56.08085937],[-126.61885571,56.08647827],[-126.62005318,56.09331389],[-126.62727349,56.09827743],[-126.61500056,56.11092038],[-126.62840373,56.11460386],[-126.62217689,56.11879895],[-126.6256041,56.12328605],[-126.62320046,56.12778718],[-126.63159227,56.13256673],[-126.63442505,56.13822933],[-126.67877455,56.15737193],[-126.68512632,56.1695999],[-126.69654071,56.17388973],[-126.70494914,56.18253908],[-126.71499158,56.19965486],[-126.74304803,56.21118103],[-126.75256095,56.22334281],[-126.75129239,56.22913927],[-126.7704783,56.23791455],[-126.77983774,56.25014042],[-126.75934958,56.25416207],[-126.75688053,56.26636759],[-126.74380784,56.27512575],[-126.68551781,56.27261654],[-126.66767695,56.28030798],[-126.66452127,56.29061098],[-126.65250731,56.28889178],[-126.6414003,56.29147397],[-126.6234279,56.28497963],[-126.6162582,56.29427035],[-126.62009615,56.30358172],[-126.57010025,56.31053649],[-126.55580033,56.30832323],[-126.53986667,56.31359914],[-126.52424436,56.30948028],[-126.5096158,56.31646651],[-126.50313162,56.30332464],[-126.48333434,56.30410893],[-126.46007458,56.29947438],[-126.44078308,56.28962004],[-126.43370071,56.28051956],[-126.42606156,56.27896025],[-126.42062113,56.28284276],[-126.410109,56.28119894],[-126.40486864,56.28416722],[-126.38130512,56.28614615],[-126.36294339,56.29882696],[-126.35696654,56.30945606],[-126.34895804,56.31102844],[-126.3564769,56.31781935],[-126.32674644,56.3233662],[-126.32625038,56.33005144],[-126.32117528,56.33152496],[-126.29982609,56.32038978],[-126.29350884,56.30643059],[-126.27528284,56.30131846],[-126.26408994,56.3017666],[-126.25799301,56.31335907],[-126.24717751,56.31580442],[-126.24331195,56.32281947],[-126.22450768,56.33832313],[-126.23778295,56.34727275],[-126.21871087,56.34945073],[-126.18586106,56.34179595],[-126.17466164,56.34700252],[-126.14810843,56.35095542],[-126.15430303,56.35851927],[-126.14866167,56.36431047],[-126.14081514,56.36590213],[-126.15173057,56.37062349],[-126.15544828,56.38612111],[-126.13764286,56.39412274],[-126.1353384,56.39848158],[-126.11508068,56.41078084],[-126.12136391,56.41844275],[-126.12164595,56.42460243],[-126.13011434,56.42858763],[-126.12485081,56.43363712],[-126.10681772,56.435439],[-126.10854512,56.43995756],[-126.10547887,56.4442057],[-126.13696219,56.44590781],[-126.15671208,56.45552911],[-126.17904887,56.47253844],[-126.19815956,56.4722897],[-126.21800021,56.47831687],[-126.20969741,56.48348487],[-126.20200699,56.48227166],[-126.20607468,56.49334879],[-126.20259095,56.49430317],[-126.20249152,56.4992391],[-126.20980584,56.50156307],[-126.19766157,56.50999759],[-126.19211816,56.50660605],[-126.18230114,56.50651392],[-126.17935874,56.51032129],[-126.1720239,56.5076853],[-126.17205322,56.51179432],[-126.16236907,56.51483718],[-126.12132954,56.51456654],[-126.10187299,56.52526836],[-126.10949092,56.5310146],[-126.10902907,56.53546241],[-126.11699584,56.54312471],[-126.13756868,56.55030655],[-126.13304289,56.55672148],[-126.12312945,56.56035543],[-126.1309412,56.56774938],[-126.1125419,56.57810584],[-126.1166586,56.58077069],[-126.11593615,56.58388013],[-126.13131347,56.59021853],[-126.1454802,56.59047218],[-126.17047435,56.60412819],[-126.18123925,56.61656681],[-126.17563255,56.62320905],[-126.17873032,56.6297351],[-126.17346227,56.63228878],[-126.17424776,56.63655389],[-126.21396516,56.6499526],[-126.22079287,56.64705288],[-126.24285388,56.6546808],[-126.26867794,56.65615103],[-126.26758234,56.66741497],[-126.28053852,56.6737824],[-126.30159171,56.67354896],[-126.31970441,56.68022301],[-126.32780442,56.67802809],[-126.39316185,56.68003143],[-126.39571639,56.67825234],[-126.39455424,56.6685536],[-126.41994237,56.66561435],[-126.42822058,56.65776708],[-126.43886652,56.65936031],[-126.45973882,56.66889135],[-126.45785461,56.67593392],[-126.46061615,56.68265863],[-126.47205389,56.691717],[-126.48403646,56.69526458],[-126.49002182,56.71256767],[-126.49882824,56.71908269],[-126.48713989,56.72760309],[-126.48778672,56.73006666],[-126.50641611,56.72840629],[-126.52862786,56.73525831],[-126.54862888,56.73011408],[-126.55901839,56.73291094],[-126.56806454,56.73987075],[-126.56444728,56.74500916],[-126.58905083,56.75590989],[-126.5828845,56.76105485],[-126.58258502,56.77095975],[-126.59578597,56.7800044],[-126.60789154,56.78304057],[-126.64075052,56.78016386],[-126.67392125,56.76834154],[-126.71602133,56.76901964],[-126.75781428,56.77819695],[-126.77335818,56.76509073],[-126.79112933,56.76025603],[-126.77626642,56.73985626],[-126.78245169,56.73353214],[-126.78034985,56.72950451],[-126.79551827,56.72658517],[-126.79519663,56.72043032],[-126.79862134,56.71885515],[-126.8173365,56.71687485],[-126.83524208,56.71979341],[-126.83745257,56.71653429],[-126.83284688,56.71042402],[-126.84257523,56.70066354],[-126.83611601,56.6951504],[-126.81412031,56.69014703],[-126.8174717,56.68195574],[-126.80975544,56.67198896],[-126.81785455,56.67073906],[-126.84554803,56.67777165],[-126.85783423,56.67588112],[-126.88703785,56.6896186],[-126.90821066,56.68155664],[-126.91971278,56.68304272],[-126.94453931,56.67986294],[-126.94980193,56.67637336],[-126.95373492,56.66421],[-126.98714816,56.66561141],[-127.00720286,56.64667784],[-127.02149728,56.64999399],[-127.034948,56.64688512],[-127.0341908,56.63991869],[-127.04878582,56.63187484],[-127.07149056,56.63160191],[-127.09064162,56.61827727],[-127.11525045,56.62697427],[-127.11834493,56.63348195],[-127.11274099,56.63854894],[-127.12131996,56.64946637],[-127.11972816,56.6556282],[-127.15463305,56.66262274],[-127.16393097,56.66753994],[-127.18322636,56.69066865],[-127.18236492,56.6959082],[-127.18857567,56.70353233],[-127.22568972,56.73626268],[-127.25038648,56.73155405],[-127.2610303,56.7256193],[-127.27564875,56.72443485],[-127.29111539,56.71430944],[-127.29737145,56.71885675],[-127.29739318,56.72598666],[-127.30367039,56.73567803],[-127.32632368,56.73375218],[-127.34746218,56.72463506],[-127.35196235,56.72019765],[-127.35252522,56.71425273],[-127.34803395,56.71103992],[-127.35063795,56.70714005],[-127.36845873,56.70342832],[-127.37279578,56.6983319],[-127.37194027,56.69336568],[-127.37635855,56.69126691],[-127.38343503,56.69490373],[-127.39538379,56.69331957],[-127.39695609,56.68227842],[-127.41520509,56.68191047],[-127.41673762,56.68682642],[-127.42868756,56.69059436],[-127.42401139,56.69759361],[-127.43746682,56.70664348],[-127.44792319,56.71122201],[-127.46260062,56.7057484],[-127.47740286,56.71812742],[-127.51440461,56.71635432],[-127.51401698,56.71035681],[-127.53339508,56.70483108],[-127.54911481,56.70893777],[-127.53453439,56.72414057],[-127.53116398,56.73275791],[-127.53320661,56.74305484],[-127.53860355,56.7454909],[-127.50552991,56.74846328],[-127.50366771,56.7588016],[-127.48853178,56.76308831],[-127.49225947,56.77172369],[-127.5107058,56.7806464],[-127.52191801,56.78328198],[-127.53633966,56.78169507],[-127.53626797,56.79447503],[-127.56081425,56.80736868],[-127.57255399,56.80822409],[-127.57160698,56.82251793],[-127.61158604,56.84458164],[-127.61479276,56.85139736],[-127.60736534,56.8540203],[-127.58952332,56.8478722],[-127.55690804,56.85187897],[-127.5643117,56.85519017],[-127.56501262,56.85979691],[-127.56054695,56.86524821],[-127.56736464,56.87333176],[-127.57435932,56.87568358],[-127.57460208,56.88000003],[-127.61575733,56.90036296],[-127.60827283,56.90916554],[-127.58865,56.91151643],[-127.55049197,56.90134044],[-127.54004772,56.90284106],[-127.56114377,56.9243501],[-127.5602229,56.928229],[-127.54050833,56.93549271],[-127.53978062,56.94388036],[-127.54698944,56.94711342],[-127.57020013,56.94605164],[-127.58662465,56.95119059],[-127.57209022,56.96403688],[-127.60436127,56.97844332],[-127.59967989,56.98145439],[-127.57690737,56.98119669],[-127.57635956,56.99025857],[-127.58804333,56.99701306],[-127.58743678,57.00274353],[-127.63248091,56.99702473],[-127.64637183,56.98852617],[-127.67084773,56.99600871],[-127.67093167,56.99179426],[-127.67692222,56.98915934],[-127.69120184,56.99275076],[-127.70920648,56.9904822],[-127.7300263,56.99407525],[-127.73390028,56.99807687],[-127.72311589,57.00876446],[-127.71279386,57.01218495],[-127.7248788,57.01790234],[-127.72512591,57.02766788],[-127.69830879,57.02738929],[-127.69436856,57.02399605],[-127.69733517,57.02175371],[-127.6954927,57.01946192],[-127.68256118,57.01650011],[-127.68007432,57.01734376],[-127.68018731,57.02311831],[-127.66092218,57.03252546],[-127.66158464,57.04217811],[-127.68613098,57.05538222],[-127.69563334,57.05734723],[-127.70413463,57.06944007],[-127.70162808,57.07524458],[-127.69240631,57.07272589],[-127.67021551,57.07380119],[-127.67730364,57.08643744],[-127.69012162,57.09467357],[-127.70588427,57.09559721],[-127.71477518,57.1015754],[-127.73378888,57.10503795],[-127.7294054,57.11824761],[-127.73782351,57.13045792],[-127.73021892,57.13801252],[-127.71370131,57.13828188],[-127.72169045,57.14897106],[-127.70960496,57.15715069],[-127.69647789,57.16284057],[-127.67651116,57.16323951],[-127.66646175,57.17114677],[-127.66451698,57.17884831],[-127.67408338,57.18288517],[-127.67762604,57.18883394],[-127.65905017,57.19772757],[-127.65383854,57.21093218],[-127.64959537,57.21388702],[-127.66298803,57.22816347],[-127.67660272,57.23355256],[-127.68564829,57.24107881],[-127.68198421,57.24823923],[-127.70900909,57.26143232],[-127.71246087,57.2678942],[-127.70885704,57.27667368],[-127.71085318,57.28319391],[-127.72252108,57.29167836],[-127.7494273,57.28766601],[-127.77995043,57.27413869],[-127.79259346,57.27724349],[-127.80064389,57.2722359],[-127.81364845,57.27256668],[-127.82933317,57.26519898],[-127.8430889,57.25538659],[-127.84064231,57.25264164],[-127.8428641,57.2498602],[-127.84989197,57.24806592],[-127.84721219,57.23583164],[-127.85237498,57.23232126],[-127.86226523,57.23364627],[-127.86756858,57.22412729],[-127.881778,57.21716772],[-127.88823916,57.20525894],[-127.90571767,57.19719786],[-127.90101509,57.1893769],[-127.92680782,57.18656874],[-127.94415887,57.17864441],[-127.94396926,57.17590717],[-127.93595412,57.17226362],[-127.94500106,57.1662714],[-127.94074327,57.16317201],[-127.91658427,57.15853628],[-127.87868558,57.15960466],[-127.88076926,57.15111494],[-127.86856931,57.14328439],[-127.86703806,57.13560677],[-127.87691252,57.12298774],[-127.93289791,57.13420453],[-127.95188346,57.13383915],[-127.98003089,57.12542518],[-127.99086193,57.13334146],[-127.99868787,57.14692433],[-128.00868812,57.15411889],[-128.0168834,57.15532006],[-128.02275735,57.15458458],[-128.02532761,57.14956797],[-128.02288315,57.14020058],[-128.04251849,57.13397866],[-128.0346958,57.1215609],[-128.05588627,57.11758516],[-128.07147519,57.12027495],[-128.07449928,57.12471263],[-128.092934,57.1328596],[-128.08961969,57.14321286],[-128.08205279,57.14811664],[-128.08192026,57.15112574],[-128.09745186,57.1597268],[-128.09940421,57.17324735],[-128.12935521,57.18423178],[-128.13822301,57.18482257],[-128.14713613,57.17937978],[-128.16066953,57.17749848],[-128.16738697,57.18446342],[-128.18442949,57.18430086],[-128.19768853,57.17285039],[-128.22782139,57.16514395],[-128.23696559,57.15144743],[-128.23779054,57.14260459],[-128.2752005,57.13609623],[-128.27917254,57.13433834],[-128.27915495,57.13076968],[-128.29156915,57.12554482],[-128.33096655,57.1327074],[-128.35618416,57.11620345],[-128.3831096,57.10862682],[-128.39064535,57.10336802],[-128.38580717,57.08760166],[-128.39584613,57.07779929],[-128.39232448,57.06749112],[-128.41220661,57.05981958],[-128.41967783,57.05227397],[-128.44265689,57.04608966],[-128.44183882,57.05014047],[-128.44993447,57.05222094],[-128.45864568,57.06077936],[-128.46807123,57.05877571],[-128.48682235,57.06476918],[-128.50434059,57.06451109],[-128.51356574,57.06722875],[-128.51447669,57.0710495],[-128.52846839,57.07210089],[-128.53308624,57.07721092],[-128.52839887,57.07997296],[-128.52789141,57.08740839],[-128.53262676,57.0894482],[-128.53366069,57.09520537],[-128.54130293,57.10245212],[-128.56257024,57.1012253],[-128.57102095,57.10275455],[-128.57611901,57.10793238],[-128.56406376,57.1159714],[-128.567126,57.12307471],[-128.56539656,57.13097315],[-128.5737028,57.14060973],[-128.59623802,57.14825702],[-128.6035808,57.1590977],[-128.65216564,57.16593146],[-128.65848335,57.17316793],[-128.67466307,57.16767659],[-128.67016348,57.15839513],[-128.67697838,57.15236667],[-128.68701498,57.15304543],[-128.72075885,57.13134541],[-128.71515492,57.12653535],[-128.71635368,57.11581362],[-128.72242023,57.10665697],[-128.72010639,57.09977001],[-128.72565198,57.09556533],[-128.72620059,57.08784933],[-128.75013892,57.08031045],[-128.75029488,57.07495771],[-128.76002988,57.07273215],[-128.76610789,57.06722804],[-128.77939386,57.06695994],[-128.78899536,57.05564647],[-128.75905519,57.04335914],[-128.74171239,57.04451823],[-128.72470094,57.03590488],[-128.72920824,57.03151318],[-128.72862251,57.02434946],[-128.72036987,57.01953973],[-128.7232962,57.01136737],[-128.71846844,57.00890926],[-128.72120873,57.00430806],[-128.71353729,56.99920108],[-128.71647853,56.99628014],[-128.71487958,56.99354593],[-128.69551227,56.98132765],[-128.68521608,56.97956819],[-128.6747817,56.969561],[-128.67551646,56.96510199],[-128.66877185,56.9623487],[-128.67349912,56.95840088],[-128.67647583,56.94840345],[-128.67489896,56.94158685],[-128.6675776,56.93835213],[-128.67596941,56.93088197],[-128.67103548,56.9256315],[-128.6638616,56.92384236],[-128.66412587,56.91773481],[-128.66113224,56.9152744],[-128.67117847,56.91008165],[-128.67335296,56.90346607],[-128.69165866,56.90034163],[-128.69151702,56.89610043],[-128.69851861,56.88673342],[-128.686978,56.88069149],[-128.68621458,56.87607191],[-128.65696719,56.87178116],[-128.65597335,56.87528753],[-128.63502922,56.87873541],[-128.62559665,56.87354358],[-128.62004473,56.86115516],[-128.59913275,56.8477167],[-128.57434968,56.8458243],[-128.55909859,56.85463395],[-128.55342927,56.84981251],[-128.5257733,56.84136484],[-128.49714139,56.83928726],[-128.48467608,56.83028309],[-128.48607789,56.82619657],[-128.47399949,56.81439367],[-128.46110996,56.80735879],[-128.46037614,56.79366391],[-128.45540013,56.78740965],[-128.45816142,56.78344912],[-128.43557239,56.76942339],[-128.42276032,56.76998461],[-128.42332023,56.75992497],[-128.42019257,56.75707105],[-128.37487405,56.75507279],[-128.36784287,56.74760683],[-128.33604707,56.73789113],[-128.3195112,56.75104441],[-128.30517729,56.74966187],[-128.29547886,56.74517899],[-128.27080762,56.74844175],[-128.2409036,56.73423762],[-128.22491272,56.73039333],[-128.21072971,56.73602725],[-128.20965383,56.74306378],[-128.20016146,56.74534983],[-128.18950158,56.73988023],[-128.19082904,56.73348308],[-128.18603791,56.7267031],[-128.19015202,56.71884313],[-128.15951006,56.71614196],[-128.16997902,56.70514434],[-128.1622899,56.68749057],[-128.17532962,56.68193614],[-128.16722088,56.67049061],[-128.18925721,56.66086025],[-128.1919746,56.65126545],[-128.18486813,56.64731955],[-128.17530353,56.64411194],[-128.16647257,56.64807821],[-128.15563406,56.64349512],[-128.14271996,56.64408918],[-128.12225709,56.63445111],[-128.1133308,56.63424355],[-128.09828261,56.64659634],[-128.11227264,56.65075824],[-128.11757418,56.66316746],[-128.10097619,56.66714426],[-128.10067852,56.6722926],[-128.086967,56.67675627],[-128.07688825,56.66857769],[-128.05561571,56.66103342],[-128.04432424,56.6462222],[-128.01403734,56.64294748],[-128.00764455,56.63193474],[-127.99829187,56.62487468],[-128.00103613,56.61967663],[-128.0110265,56.61607705],[-128.00079598,56.60236591],[-127.97614648,56.60148778],[-127.97147137,56.60496195],[-127.95019379,56.60569484],[-127.90227886,56.61848006],[-127.9021908,56.60934199],[-127.89307237,56.59832645],[-127.8960312,56.58983515],[-127.88647527,56.58511843],[-127.88070964,56.57318349],[-127.84049714,56.55785923],[-127.81930327,56.53974296],[-127.82151863,56.53073875],[-127.83228101,56.52701218],[-127.8923386,56.5399724],[-127.91148756,56.5376306],[-127.9185541,56.53974544],[-127.94335466,56.53636859],[-127.94243237,56.53198499],[-127.94650769,56.52851091],[-127.95629626,56.53028321],[-127.97589295,56.52715387],[-127.98097534,56.52104973],[-127.98812807,56.52182242],[-127.98391182,56.51151],[-127.97442361,56.5041711],[-127.98191835,56.49092368],[-127.98278115,56.48248855],[-127.97639605,56.47346254],[-127.98387958,56.46811927],[-127.97760589,56.45896394],[-127.97840758,56.45116308],[-128.02427251,56.44198572],[-128.03514905,56.4350964],[-128.03358704,56.43088731],[-128.04510296,56.42867695],[-128.04425116,56.42193069],[-128.05889441,56.41205985],[-128.08109193,56.41411316],[-128.10127139,56.40631022],[-128.11436942,56.4173488],[-128.12189101,56.41832732],[-128.12865931,56.42593228],[-128.13763892,56.42766572],[-128.15117949,56.43666282],[-128.15396449,56.44033913],[-128.15012166,56.44573037],[-128.15177419,56.45054869],[-128.15817756,56.45248762],[-128.17296692,56.44871559],[-128.21693246,56.42201711],[-128.25381586,56.41920102],[-128.25875799,56.41432393],[-128.28105129,56.40695134],[-128.2827274,56.40099601],[-128.2583351,56.38669251],[-128.25002945,56.37452174],[-128.23021776,56.36936884],[-128.22429356,56.36389742],[-128.20952062,56.36592838],[-128.20047371,56.36046606],[-128.18706295,56.35913022],[-128.17715758,56.3515618],[-128.14971972,56.35746861],[-128.12323018,56.35357366],[-128.1128452,56.33950982],[-128.10457637,56.33768942],[-128.10146228,56.33024574],[-128.10350901,56.32444754],[-128.09173264,56.31203468],[-128.12667983,56.30431535],[-128.20884754,56.30480278],[-128.2179116,56.29636292],[-128.21653204,56.28430596],[-128.2283714,56.27455976],[-128.25501081,56.26576455],[-128.26285053,56.26121152],[-128.26568316,56.25284471],[-128.27258018,56.24655166],[-128.29658506,56.23902589],[-128.29453937,56.2339288],[-128.28431274,56.2298458],[-128.26892772,56.21357357],[-128.28195629,56.20949839],[-128.30239551,56.21099815],[-128.30583897,56.20426117],[-128.29799452,56.19993238],[-128.30986595,56.19364606],[-128.2955284,56.18251452],[-128.29873037,56.17129276],[-128.30665325,56.16878499],[-128.2895874,56.15554407],[-128.29296408,56.15111503],[-128.27573181,56.14150979],[-128.27731389,56.13231918],[-128.28243129,56.12798929],[-128.2779925,56.12454217],[-128.27940399,56.12135112],[-128.26418349,56.11173779],[-128.26632836,56.10661088],[-128.30450256,56.1078291],[-128.32052167,56.10110656],[-128.31177649,56.09361967],[-128.31241152,56.08910317],[-128.33873602,56.08406185],[-128.35140937,56.08611537],[-128.37558472,56.10108196],[-128.39346914,56.09946913],[-128.39753944,56.09465871],[-128.41462213,56.10852352],[-128.43994282,56.10412132],[-128.44665437,56.09897611],[-128.46375954,56.1058701],[-128.47211393,56.09831349],[-128.49665023,56.09653754],[-128.49868233,56.09188131],[-128.52078527,56.08067474],[-128.55085976,56.07663637],[-128.55402656,56.07236209],[-128.55117991,56.07001523],[-128.55105907,56.05924272],[-128.57070668,56.05617596],[-128.58096451,56.0462913],[-128.60123231,56.03781276],[-128.60556771,56.03138478],[-128.61944454,56.02964001],[-128.61617332,56.02134646],[-128.63793899,56.0128398],[-128.6360846,56.00664341],[-128.63102544,56.00315967],[-128.64250832,55.99183203],[-128.64392956,55.98357925],[-128.65079826,55.97830941],[-128.64594778,55.96573699],[-128.65839955,55.95787535],[-128.65204392,55.95195521],[-128.65293356,55.94889818],[-128.6623805,55.94822595],[-128.67328494,55.94220976],[-128.68579022,55.95039602],[-128.71725004,55.95002791],[-128.69973421,55.93458338],[-128.69931887,55.92977955],[-128.70248969,55.92727308],[-128.71190924,55.93122764],[-128.72604018,55.929094],[-128.71796871,55.91529333],[-128.72935658,55.90640582],[-128.72568792,55.8975521],[-128.72896542,55.89059416],[-128.71092406,55.87826222],[-128.72683641,55.88002838],[-128.73886997,55.89000131],[-128.74162924,55.8883175],[-128.7364023,55.88421085],[-128.74761697,55.88298706],[-128.74354286,55.87685279],[-128.75337849,55.88242019],[-128.7640648,55.87770387],[-128.76473097,55.87361627],[-128.75216866,55.86480615],[-128.75372361,55.86147601],[-128.77900063,55.87250212],[-128.78173147,55.87099622],[-128.77789859,55.86513341],[-128.78578296,55.87035559],[-128.79588345,55.86508557],[-128.79338827,55.85690152],[-128.77979224,55.84741538],[-128.76283161,55.82896454],[-128.67164929,55.77348919],[-128.67243771,55.76672572],[-128.6779739,55.76173874],[-128.65803807,55.75266914],[-128.64877563,55.74008241],[-128.63052696,55.73245496],[-128.62079201,55.72446445],[-128.62059327,55.71995335],[-128.60163499,55.71965144],[-128.59446566,55.7236723],[-128.57101331,55.71432152],[-128.56014975,55.7182196],[-128.52157986,55.70578979],[-128.51409122,55.71200539],[-128.50220338,55.70816866],[-128.49028154,55.70940339],[-128.4520727,55.69215979],[-128.44538508,55.680953],[-128.43755453,55.68045047],[-128.42267841,55.67337335],[-128.40682419,55.67268473],[-128.39125794,55.66553547],[-128.38823774,55.66145805],[-128.39304446,55.65659322],[-128.39326458,55.65150739],[-128.38210021,55.64164574],[-128.35875694,55.63712859],[-128.35783752,55.62896383],[-128.3453797,55.62643482],[-128.3190167,55.6141884],[-128.31131518,55.60310975],[-128.28226459,55.59825697],[-128.26660543,55.5886939],[-128.24076983,55.58094576],[-128.23269485,55.57149417],[-128.22682806,55.57086561],[-128.23066268,55.56897346],[-128.22957833,55.5662499],[-128.20584715,55.55639826],[-128.19622469,55.54892244],[-128.19099583,55.53999343],[-128.19202408,55.52732381],[-128.18909947,55.52152638],[-128.17553671,55.50801292],[-128.1580735,55.49827053],[-128.17890099,55.49949212],[-128.17164999,55.48066209],[-128.14342525,55.46808579],[-128.1584577,55.46365416],[-128.16338671,55.45702494],[-128.17489074,55.45234294],[-128.18570568,55.4432553],[-128.1999696,55.4390033],[-128.2066082,55.42984367],[-128.22779501,55.41762658],[-128.2852605,55.40529908],[-128.29258954,55.40876038],[-128.30487993,55.40760669],[-128.30958164,55.4010191],[-128.32469256,55.39901238],[-128.32841315,55.39509213],[-128.34369387,55.39884804],[-128.36828393,55.39534471],[-128.3908947,55.38689379],[-128.39311352,55.35834616],[-128.36602852,55.35123749],[-128.35282555,55.35339963],[-128.35382245,55.34463339],[-128.37037396,55.33530378],[-128.37276732,55.31629548],[-128.37895572,55.31078479],[-128.39163031,55.30960567],[-128.38787182,55.2961009],[-128.39773563,55.28121876],[-128.39157511,55.27429831],[-128.36818562,55.27423632],[-128.3583253,55.26811739],[-128.3663923,55.25936267],[-128.36509332,55.25421307],[-128.36873326,55.2494178],[-128.36339721,55.24340821],[-128.37427013,55.23605842],[-128.38246196,55.23724872],[-128.39356911,55.23262886],[-128.39819249,55.23362562],[-128.39310604,55.21898035],[-128.38417162,55.20814216],[-128.35793252,55.19818732],[-128.38546367,55.18678376],[-128.39910766,55.18728318],[-128.39623842,55.17947954],[-128.40490502,55.17437763],[-128.39819409,55.16873462],[-128.38568231,55.16652833],[-128.38107466,55.16146594],[-128.38471585,55.15656581],[-128.3833802,55.1449745],[-128.41217255,55.14032225],[-128.46169764,55.14381568],[-128.46632024,55.13783125],[-128.48928443,55.13395325],[-128.49931197,55.12104623],[-128.49511658,55.11558629],[-128.50237541,55.11014457],[-128.51940451,55.10579972],[-128.52505842,55.10177525],[-128.52419948,55.09828321],[-128.5629999,55.08759431],[-128.57213511,55.0785931],[-128.56881638,55.07522738],[-128.57686142,55.06941841],[-128.57636981,55.05449487],[-128.58963791,55.04882054],[-128.59396013,55.03601722],[-128.62747978,55.01921679],[-128.61885703,55.00521619],[-128.62581247,55.00146725],[-128.62679048,54.98575484],[-128.63323503,54.97415525],[-128.6628651,54.9543774],[-128.66338062,54.93856339],[-128.68007057,54.93071563],[-128.67649537,54.92525838],[-128.65195404,54.91862586],[-128.66127503,54.91143722],[-128.65672,54.89774954],[-128.6471086,54.89154166],[-128.65969433,54.88240703],[-128.64255473,54.88383983],[-128.62663636,54.87322474],[-128.62108749,54.86555575],[-128.61900629,54.85326673],[-128.62295879,54.83931424],[-128.61378075,54.8310196],[-128.61281556,54.82501017],[-128.62352082,54.80825615],[-128.6122727,54.80328671],[-128.61091193,54.79656961],[-128.60303299,54.78861216],[-128.60271915,54.7809663],[-128.57530667,54.77127282],[-128.56222524,54.76097334],[-128.56289998,54.75139189],[-128.57808096,54.740948],[-128.57659777,54.7279423],[-128.58708887,54.72000003],[-128.57629597,54.70579705],[-128.57466541,54.69883657],[-128.56765264,54.69450441],[-128.57254339,54.68643701],[-128.52474342,54.64963271],[-128.52102143,54.64110674],[-128.51504581,54.63640654],[-128.52563929,54.62748549],[-128.54664208,54.62777054],[-128.55139559,54.6235357],[-128.5472857,54.61872536],[-128.52540065,54.61188437],[-128.52058836,54.60519955],[-128.52891411,54.59905767],[-128.51064463,54.59157935],[-128.51306453,54.58675841],[-128.51199796,54.5706039],[-128.51935527,54.56137843],[-128.52791345,54.56213434],[-128.53167588,54.55654451],[-128.5353028,54.55643135],[-128.54882398,54.56331221],[-128.57366516,54.56752148],[-128.5837924,54.56231816],[-128.58817441,54.55553223],[-128.58684985,54.54852059],[-128.57697849,54.55017104],[-128.57340753,54.53421712],[-128.55684484,54.52292478],[-128.56099867,54.51550694],[-128.55279117,54.515339],[-128.54053953,54.52502609],[-128.51529516,54.52496396],[-128.51558862,54.5105586],[-128.49574395,54.51031419],[-128.48203426,54.52027928],[-128.46979556,54.51976842],[-128.46284606,54.51364696],[-128.44836796,54.50898604],[-128.44522825,54.50013278],[-128.43995523,54.49982802],[-128.43327241,54.48783037],[-128.42600862,54.48343776],[-128.42911012,54.48016696],[-128.42777591,54.47632765],[-128.42377284,54.4729066],[-128.41600305,54.47292827],[-128.42146337,54.46164852],[-128.41012546,54.45749041],[-128.41220902,54.45333022],[-128.40776115,54.44526844],[-128.39978715,54.43951245],[-128.3817129,54.43409803],[-128.37590418,54.43691727],[-128.33708115,54.42097032],[-128.32531077,54.42420033],[-128.30617248,54.41333019],[-128.27786923,54.40365058],[-128.26195098,54.40545944],[-128.24723837,54.40049161],[-128.21278378,54.39829866],[-128.20034078,54.40183577],[-128.20097839,54.40721072],[-128.19689656,54.41121474],[-128.19256589,54.40458973],[-128.17826672,54.40061804],[-128.17151038,54.38809297],[-128.16179375,54.37961438]]]}},{"type":"Feature","properties":{"name":"Kamloops"},"geometry":{"type":"Polygon","coordinates":[[[-118.70684412,50.81257034],[-118.67055001,50.81611401],[-118.66391014,50.8234419],[-118.66484526,50.83336426],[-118.67129745,50.84017933],[-118.6681341,50.84713356],[-118.65291732,50.8526461],[-118.63291299,50.84899917],[-118.6266784,50.85497445],[-118.64061752,50.86250723],[-118.62708186,50.88066512],[-118.62613935,50.88778307],[-118.61815684,50.89097555],[-118.61823635,50.89734436],[-118.61154642,50.90340183],[-118.61089557,50.90803383],[-118.61892367,50.91436051],[-118.61957134,50.92399233],[-118.60019089,50.92647166],[-118.59006943,50.92090963],[-118.58215016,50.92361544],[-118.58073615,50.92933732],[-118.57341721,50.92789829],[-118.5533042,50.9341002],[-118.54377253,50.93309038],[-118.54115849,50.93834712],[-118.48339029,50.89658042],[-118.47850584,50.89543721],[-118.47155786,50.90042708],[-118.45626036,50.89946874],[-118.41137471,50.88415135],[-118.38778502,50.88474271],[-118.37336276,50.88920793],[-118.35632268,50.88268027],[-118.34840475,50.88776468],[-118.33678714,50.88240912],[-118.3254162,50.88261971],[-118.31458835,50.88834381],[-118.31518532,50.89634524],[-118.32022854,50.90155944],[-118.31494091,50.90576966],[-118.32622671,50.92709936],[-118.32056558,50.93220395],[-118.32593017,50.93433769],[-118.33375088,50.94832699],[-118.3526559,50.95430561],[-118.35267796,50.96868],[-118.35849731,50.96869196],[-118.36644741,50.97577268],[-118.38244511,50.99658798],[-118.39446655,51.00404658],[-118.40607428,50.99810528],[-118.42150895,50.99820649],[-118.42647546,51.00449955],[-118.42173032,51.01135376],[-118.42536981,51.015153],[-118.41930581,51.0217712],[-118.43492733,51.03356605],[-118.42794452,51.03821267],[-118.43660712,51.04730925],[-118.43538121,51.05528676],[-118.42405424,51.05561425],[-118.42169529,51.06233838],[-118.42833327,51.06578308],[-118.43245024,51.0728415],[-118.44015621,51.07017451],[-118.44499487,51.0751295],[-118.46018857,51.07627174],[-118.46353968,51.07977751],[-118.46406104,51.08955556],[-118.47689265,51.09379505],[-118.4748815,51.09686795],[-118.48155009,51.10198348],[-118.48211547,51.10809633],[-118.47596293,51.11330891],[-118.47883754,51.11869099],[-118.47454651,51.12603435],[-118.49130459,51.13775106],[-118.49176646,51.14778125],[-118.47296272,51.15535776],[-118.475024,51.16192823],[-118.47082499,51.17105964],[-118.50243939,51.17839689],[-118.54030732,51.17848781],[-118.56555689,51.19391425],[-118.56680124,51.20317372],[-118.55481352,51.20412928],[-118.54548412,51.20833466],[-118.54417568,51.21189506],[-118.5466094,51.21666522],[-118.57619436,51.239338],[-118.57274035,51.24389899],[-118.57765662,51.25285407],[-118.55965669,51.26480369],[-118.55173334,51.27444221],[-118.54979297,51.28157595],[-118.55401828,51.28883989],[-118.55120819,51.29180516],[-118.56045967,51.29837824],[-118.58677046,51.29888676],[-118.59959357,51.31033563],[-118.60221541,51.323646],[-118.61556825,51.33019894],[-118.61430039,51.33654651],[-118.61053499,51.33909856],[-118.61551249,51.35588715],[-118.61355512,51.35961853],[-118.61927931,51.36627061],[-118.59325255,51.37247809],[-118.5920309,51.38161779],[-118.58037358,51.39079899],[-118.59571896,51.39645854],[-118.59890934,51.40255276],[-118.6205154,51.41252783],[-118.60741379,51.4214206],[-118.61387367,51.42447878],[-118.60933986,51.42742308],[-118.61393583,51.43107857],[-118.61117784,51.43384499],[-118.61446099,51.44026634],[-118.63380174,51.44489484],[-118.63089345,51.46203496],[-118.63485973,51.46501591],[-118.67001715,51.45874136],[-118.6868776,51.46544154],[-118.69011889,51.47049446],[-118.71190857,51.47682086],[-118.71696752,51.49184333],[-118.69369245,51.49959021],[-118.69306875,51.50356568],[-118.71754851,51.51225433],[-118.72476689,51.52068818],[-118.74130323,51.52883098],[-118.7653199,51.52051248],[-118.77953037,51.53733895],[-118.78745508,51.5345897],[-118.79121901,51.52654071],[-118.79970511,51.52262942],[-118.81398485,51.52469977],[-118.81669845,51.52790435],[-118.82943659,51.52525243],[-118.8449335,51.52664021],[-118.82874162,51.55065847],[-118.8278619,51.58649318],[-118.81666927,51.58921148],[-118.81460313,51.60527335],[-118.81960924,51.61250759],[-118.81621806,51.62411865],[-118.82214857,51.63498444],[-118.84168046,51.63481001],[-118.85732845,51.64427365],[-118.88710269,51.64476422],[-118.8954892,51.65281047],[-118.90347704,51.6555985],[-118.90972416,51.67223806],[-118.92394925,51.6816864],[-118.92737913,51.69742741],[-118.91876753,51.70180387],[-118.91609997,51.70796251],[-118.92043868,51.71562066],[-118.88796566,51.73359668],[-118.88765682,51.74106134],[-118.8922066,51.744113],[-118.89266809,51.75706789],[-118.89742776,51.76248139],[-118.89717076,51.7682813],[-118.88660782,51.77973199],[-118.89401745,51.78642025],[-118.91050372,51.78646804],[-118.92384756,51.79639376],[-118.94550788,51.79141538],[-118.94830435,51.79947565],[-118.96017051,51.80589223],[-118.95941627,51.81064089],[-118.96420432,51.8125155],[-118.9605392,51.82021581],[-118.96988085,51.82420088],[-118.94841066,51.83212103],[-118.95287,51.83730332],[-118.95404611,51.85070941],[-118.99219357,51.86410662],[-118.99254322,51.8670638],[-118.97265632,51.87367802],[-118.96687962,51.88431123],[-118.96870392,51.89369615],[-118.97597602,51.899356],[-118.97642916,51.91032823],[-118.98914011,51.91920079],[-118.98801493,51.93116624],[-118.98297083,51.93451986],[-118.96805277,51.93389817],[-118.95209173,51.92989256],[-118.94608324,51.92538331],[-118.93485751,51.92755624],[-118.9151305,51.92505515],[-118.90765631,51.92819797],[-118.89899787,51.94592697],[-118.89126431,51.95174315],[-118.89607348,51.95685886],[-118.90523956,51.9583344],[-118.92050014,51.96666929],[-118.94130398,51.9669665],[-118.97417333,51.97605494],[-118.96929467,51.98405888],[-118.97131851,51.987896],[-118.96299846,51.99855618],[-118.9488159,52.00176373],[-118.94823096,52.0213397],[-118.93714818,52.03381997],[-118.92476772,52.0389369],[-118.91911803,52.0395325],[-118.90957032,52.034576],[-118.88807533,52.04168881],[-118.85576271,52.04530028],[-118.84841962,52.05226302],[-118.84876835,52.05766622],[-118.85338591,52.06230545],[-118.8706969,52.06597962],[-118.87437832,52.07087131],[-118.87202,52.07915526],[-118.85306536,52.08915736],[-118.85950448,52.09131719],[-118.86791737,52.10230298],[-118.86312381,52.10699628],[-118.86240352,52.11302298],[-118.85081349,52.12451322],[-118.85189158,52.13475137],[-118.83522268,52.14374372],[-118.83347014,52.15845454],[-118.83701246,52.16366442],[-118.79838667,52.17726677],[-118.80826982,52.18102608],[-118.82873581,52.19993565],[-118.84194114,52.20299436],[-118.85250106,52.21102937],[-118.84969755,52.21813621],[-118.83551689,52.22012405],[-118.84115619,52.22546343],[-118.83877526,52.23359304],[-118.87210962,52.23805623],[-118.89012136,52.24542555],[-118.88470094,52.26261897],[-118.84447016,52.27612887],[-118.84514425,52.28281263],[-118.83853987,52.2884397],[-118.82269257,52.29078543],[-118.81815687,52.29752716],[-118.78752701,52.30667957],[-118.80248498,52.31889583],[-118.83649248,52.32987306],[-118.84692193,52.33698403],[-118.85664176,52.33713857],[-118.86814243,52.34228476],[-118.90216778,52.34288692],[-118.91338027,52.3458834],[-118.92673047,52.35419128],[-118.92747036,52.36402055],[-118.93676797,52.37245019],[-118.9357263,52.37781226],[-118.94020025,52.38589509],[-118.92749122,52.40332004],[-118.93308316,52.40693001],[-118.93266351,52.41147204],[-118.92389621,52.41847878],[-118.92728661,52.42665781],[-118.94300057,52.4348174],[-118.93550183,52.44704712],[-118.93722549,52.45254023],[-118.93180388,52.45322214],[-118.92675403,52.45659129],[-118.92758762,52.46040021],[-118.91413555,52.46443359],[-118.91091405,52.4690984],[-118.88705931,52.47456073],[-118.8854829,52.47923909],[-118.88932357,52.48217316],[-118.88910791,52.4913206],[-118.89682832,52.49268602],[-118.90953253,52.5028364],[-118.90726649,52.51896375],[-118.9171134,52.53760349],[-118.93799954,52.54799127],[-118.93683593,52.55782531],[-118.9278533,52.56075497],[-118.92763427,52.5669579],[-118.94947645,52.57683956],[-118.95822029,52.57506626],[-118.9688363,52.58056525],[-118.98808818,52.58351625],[-118.9946199,52.58754767],[-118.99902501,52.5989733],[-119.00350587,52.60057905],[-119.01342796,52.59859975],[-119.0173214,52.59215176],[-119.02709246,52.59154937],[-119.03761191,52.59569413],[-119.04026126,52.59853639],[-119.03858373,52.60654946],[-119.04496304,52.61289122],[-119.04440224,52.617527],[-119.05467689,52.62477122],[-119.05423143,52.63297033],[-119.06699654,52.6368169],[-119.07950975,52.64712339],[-119.08250592,52.65647524],[-119.09162103,52.66067562],[-119.09068566,52.66389322],[-119.10290762,52.66677497],[-119.10725517,52.67285609],[-119.14507582,52.66543865],[-119.18363194,52.63964308],[-119.19473061,52.60818234],[-119.18889282,52.60170829],[-119.19372423,52.59876823],[-119.22519816,52.60488533],[-119.24671375,52.59850763],[-119.27723349,52.59676957],[-119.29720456,52.60313139],[-119.30722544,52.59632801],[-119.32709193,52.59472531],[-119.35397146,52.58628516],[-119.37756084,52.6158484],[-119.36736725,52.62254394],[-119.36528819,52.63673448],[-119.36233554,52.63933841],[-119.36370487,52.64850193],[-119.35920248,52.65140483],[-119.36489575,52.65558504],[-119.37030986,52.65645359],[-119.3987627,52.64799162],[-119.4155563,52.6473024],[-119.41695979,52.64208898],[-119.42613112,52.63696499],[-119.44409034,52.63743849],[-119.45116671,52.64581661],[-119.46565805,52.64934681],[-119.48943413,52.63856238],[-119.49769369,52.63843758],[-119.50117722,52.63225868],[-119.52895822,52.62902061],[-119.53540078,52.64109584],[-119.53491757,52.64716672],[-119.54093446,52.65394388],[-119.5413018,52.66414654],[-119.55644447,52.66217952],[-119.5766621,52.65118952],[-119.57889123,52.65842524],[-119.60338456,52.6709862],[-119.60586565,52.67758156],[-119.61862246,52.68768008],[-119.61367066,52.70010483],[-119.61674225,52.7046648],[-119.65094336,52.69860216],[-119.66789898,52.7014066],[-119.67029305,52.69650446],[-119.68707064,52.6891748],[-119.72105791,52.68021886],[-119.73679921,52.67879531],[-119.7478898,52.68203794],[-119.76478461,52.66819622],[-119.76842014,52.65935534],[-119.76541112,52.65582373],[-119.77370388,52.64494196],[-119.78433873,52.66253466],[-119.82007841,52.6751036],[-119.82663734,52.68243029],[-119.84079047,52.68971919],[-119.85505151,52.69232126],[-119.86212993,52.68987954],[-119.86594708,52.68431875],[-119.87742879,52.68720795],[-119.87825567,52.69726935],[-119.88445783,52.69888967],[-119.89147786,52.71727963],[-119.89817427,52.72174043],[-119.91750078,52.72271664],[-119.93203449,52.71974462],[-119.94313696,52.72202761],[-119.95169891,52.71620202],[-119.96404383,52.71943593],[-119.97668658,52.73408832],[-120.00855862,52.74928311],[-120.01670783,52.76786354],[-120.02485922,52.77254718],[-120.0233185,52.77947064],[-120.03738504,52.79814703],[-120.04554877,52.8213393],[-120.05242231,52.82462145],[-120.06802831,52.82447993],[-120.08324988,52.83523682],[-120.0940082,52.83871401],[-120.10160686,52.84717578],[-120.10255658,52.85506868],[-120.13007971,52.8747556],[-120.14754438,52.87373928],[-120.16925132,52.85632781],[-120.17937483,52.85818293],[-120.21204411,52.87676938],[-120.21848375,52.87425868],[-120.23277251,52.86022726],[-120.25752268,52.85254255],[-120.27570285,52.86549223],[-120.30143757,52.85822938],[-120.31392685,52.85928647],[-120.31257561,52.85426029],[-120.32720167,52.84723088],[-120.32360121,52.84553553],[-120.33459455,52.83218219],[-120.32533957,52.82801712],[-120.33076481,52.82351751],[-120.32373834,52.81912779],[-120.29766078,52.81418889],[-120.31900785,52.80731758],[-120.31258421,52.80415075],[-120.32490575,52.79078806],[-120.33933236,52.78270897],[-120.31554339,52.7853921],[-120.29810376,52.77575184],[-120.29751658,52.77266342],[-120.31194257,52.76902521],[-120.31205764,52.76187916],[-120.2772295,52.74732593],[-120.29274753,52.73559963],[-120.2921911,52.73238551],[-120.30002504,52.72494347],[-120.27380451,52.71844809],[-120.26874656,52.7139033],[-120.28150986,52.70693064],[-120.29294507,52.70569081],[-120.28449239,52.70257009],[-120.26257411,52.6824031],[-120.27036318,52.66674241],[-120.29303021,52.65436743],[-120.27967755,52.65374226],[-120.26608267,52.64640592],[-120.23700005,52.63804207],[-120.23422225,52.63403371],[-120.23539766,52.6240703],[-120.24836044,52.61790226],[-120.2834173,52.61512368],[-120.28810947,52.61086098],[-120.28610138,52.60752808],[-120.28879579,52.60072399],[-120.28429326,52.5896089],[-120.3009557,52.58982415],[-120.30460482,52.58302319],[-120.31303342,52.57977495],[-120.31414861,52.57128872],[-120.31774942,52.56918523],[-120.32009831,52.57511202],[-120.32846954,52.56884428],[-120.32901362,52.55963472],[-120.35270174,52.54031627],[-120.35745488,52.5293634],[-120.36433423,52.53197209],[-120.36821771,52.52394689],[-120.39014028,52.53585302],[-120.39322097,52.53316978],[-120.40325364,52.53392937],[-120.42316308,52.52218252],[-120.43724612,52.52304176],[-120.448179,52.51526941],[-120.4453527,52.5111493],[-120.45254142,52.50433389],[-120.46544993,52.50591928],[-120.47835182,52.49989481],[-120.48925248,52.50307595],[-120.513441,52.497965],[-120.53218354,52.47907544],[-120.54432872,52.47138143],[-120.54386396,52.46457371],[-120.53642907,52.45942374],[-120.51643995,52.4568432],[-120.51059632,52.45301554],[-120.51035814,52.44771786],[-120.50234411,52.44704697],[-120.49527944,52.44000349],[-120.48489906,52.43818809],[-120.48374162,52.43472411],[-120.47238851,52.43038544],[-120.46854808,52.42231338],[-120.45662188,52.4215543],[-120.460337,52.41814942],[-120.46024012,52.41058498],[-120.47415677,52.40702325],[-120.47669172,52.40269482],[-120.48876182,52.40537483],[-120.50128101,52.39507511],[-120.51223963,52.3926838],[-120.51573087,52.38630192],[-120.51964229,52.38539455],[-120.53093398,52.36857308],[-120.52848302,52.36517208],[-120.53293242,52.35408072],[-120.51687805,52.34562634],[-120.53906965,52.33564581],[-120.52811911,52.3274315],[-120.50978071,52.32898203],[-120.49692436,52.31938259],[-120.48114733,52.3150294],[-120.47482689,52.30872554],[-120.46665068,52.30662124],[-120.46603969,52.3039467],[-120.47847073,52.29767509],[-120.47941449,52.29015696],[-120.48331332,52.29036712],[-120.4844582,52.28746099],[-120.49121217,52.289736],[-120.49535344,52.2856068],[-120.48625917,52.2811194],[-120.49162156,52.27672244],[-120.47427607,52.26533654],[-120.47396118,52.26075209],[-120.46431369,52.25501035],[-120.4619925,52.25004122],[-120.44138291,52.23990523],[-120.44334671,52.23270352],[-120.43484875,52.22886394],[-120.42605395,52.21904109],[-120.42943909,52.2134313],[-120.40372035,52.21080887],[-120.39236611,52.19937639],[-120.39322438,52.19591814],[-120.40925125,52.1905297],[-120.39806331,52.18711871],[-120.39875778,52.17962897],[-120.39409569,52.17408956],[-120.40328172,52.16868449],[-120.39617363,52.16343574],[-120.40430047,52.15971401],[-120.40445991,52.15119663],[-120.40964132,52.14533025],[-120.39713435,52.14330988],[-120.3889564,52.13560648],[-120.38049862,52.13466241],[-120.36303197,52.14476674],[-120.36228728,52.14797634],[-120.35367649,52.14942764],[-120.34601836,52.15684692],[-120.33906815,52.15413265],[-120.33401928,52.15604197],[-120.33407475,52.16358347],[-120.3169261,52.16152602],[-120.31699991,52.15699337],[-120.30809754,52.14865585],[-120.31064166,52.14519328],[-120.30987871,52.13087546],[-120.31769195,52.12363078],[-120.31850866,52.11912508],[-120.31266924,52.11507718],[-120.30968822,52.10402062],[-120.29529476,52.09101077],[-120.29231064,52.08354545],[-120.29833884,52.07694245],[-120.30706963,52.07568622],[-120.30419547,52.07394723],[-120.31049962,52.07070502],[-120.31425729,52.05701305],[-120.31866461,52.05378191],[-120.32114006,52.03796329],[-120.31637581,52.02445785],[-120.29375811,52.01389377],[-120.28018823,52.0187298],[-120.26508488,52.01860483],[-120.2636862,52.01208261],[-120.24444144,52.00893599],[-120.237795,51.99881442],[-120.23796536,51.99100669],[-120.55986394,51.99129774],[-120.5595434,51.87550608],[-120.51922441,51.87550751],[-120.51921155,51.87917658],[-120.51415006,51.88003214],[-120.48291711,51.87882809],[-120.44595903,51.88588218],[-120.43836717,51.87741458],[-120.43778379,51.8671394],[-120.43072204,51.85310459],[-120.43180528,51.8421688],[-120.43963438,51.83954299],[-120.44567335,51.82848667],[-120.46058647,51.81535434],[-120.46221121,51.80843641],[-120.47685614,51.80577487],[-120.48913625,51.7963161],[-120.48363941,51.7890314],[-120.47677892,51.78731925],[-120.48440679,51.77945519],[-120.49493476,51.7801889],[-120.51711634,51.79306158],[-120.55933877,51.78412932],[-120.55880267,51.5703588],[-120.54056296,51.56921407],[-120.54312163,51.55925253],[-120.53545758,51.560036],[-120.52740454,51.55509131],[-120.51605933,51.55430044],[-120.5176819,51.54653975],[-120.5089605,51.53959217],[-120.50622758,51.53309548],[-120.48998149,51.52711764],[-120.49111017,51.52054035],[-120.48744205,51.51495342],[-120.49914133,51.51303562],[-120.50703936,51.51569138],[-120.51664576,51.50892505],[-120.52530376,51.50720885],[-120.52924738,51.50010879],[-120.54625119,51.504834],[-120.54287083,51.51089828],[-120.5524506,51.51478317],[-120.55450045,51.52235523],[-120.5673074,51.51955479],[-120.58282983,51.50658095],[-120.58913258,51.51326026],[-120.5881011,51.51862625],[-120.59336307,51.51705248],[-120.60603632,51.5204919],[-120.6217806,51.51734454],[-120.62785809,51.51171995],[-120.65228059,51.51527835],[-120.6670181,51.50952884],[-120.66219544,51.50388359],[-120.66513649,51.49615615],[-120.66243022,51.49469691],[-120.64820512,51.49558882],[-120.64565705,51.49420073],[-120.64800339,51.4900277],[-120.63490554,51.49091872],[-120.62881048,51.48296919],[-120.59129472,51.47537786],[-120.58494589,51.46783692],[-120.57677475,51.44683828],[-120.55693232,51.44395105],[-120.54342066,51.43668293],[-120.53330618,51.43646177],[-120.53141149,51.43146591],[-120.52061206,51.42538321],[-120.51828722,51.41992845],[-120.52018765,51.41721668],[-120.51607735,51.41465638],[-120.49515216,51.41808728],[-120.48059941,51.4305014],[-120.47500411,51.42667552],[-120.47144905,51.42814573],[-120.4674749,51.42550584],[-120.47479018,51.41755988],[-120.47677192,51.40964339],[-120.45817606,51.40531968],[-120.44899896,51.3901055],[-120.44238513,51.38906813],[-120.43545151,51.39373803],[-120.42690289,51.39271947],[-120.42125483,51.38886917],[-120.40469089,51.38819309],[-120.38655526,51.37882598],[-120.3944549,51.37151899],[-120.38949506,51.3617485],[-120.38189668,51.35690423],[-120.37808297,51.34793211],[-120.37329763,51.34524945],[-120.38245831,51.34308168],[-120.37256947,51.33138891],[-120.37026071,51.31588767],[-120.35655549,51.3065712],[-120.3533456,51.29646918],[-120.33613654,51.29612216],[-120.33223854,51.28658521],[-120.33697642,51.27766372],[-120.33116117,51.27225732],[-120.31914206,51.26990385],[-120.3177258,51.26135527],[-120.32733825,51.25356635],[-120.35712625,51.25896913],[-120.35885477,51.25589629],[-120.37993033,51.2495419],[-120.36697815,51.24459432],[-120.37867065,51.2375104],[-120.37047944,51.23443462],[-120.36979927,51.23003295],[-120.38749799,51.22066162],[-120.3903392,51.20937716],[-120.39889833,51.20439315],[-120.39763107,51.19003424],[-120.40428381,51.18745368],[-120.40653071,51.18207569],[-120.39762095,51.17606123],[-120.38941413,51.17483327],[-120.39049339,51.15702408],[-120.4016482,51.15659586],[-120.41483964,51.14831927],[-120.41778908,51.14240734],[-120.41238835,51.13759189],[-120.4148234,51.13348269],[-120.45797537,51.11463008],[-120.45360948,51.10871416],[-120.43638967,51.10270885],[-120.43899299,51.09173124],[-120.43030503,51.08440286],[-120.43103879,51.08025291],[-120.42281452,51.07661855],[-120.42359083,51.07270485],[-120.41811399,51.06308568],[-120.44724215,51.05996317],[-120.45414589,51.05174799],[-120.4487743,51.04121231],[-120.45533582,51.02941741],[-120.45527887,51.00692226],[-120.46099523,51.00076911],[-120.45598246,50.9933007],[-120.47554733,50.99547787],[-120.47605816,50.9994559],[-120.47944896,50.99978098],[-120.48878623,50.9885926],[-120.49528789,50.99275041],[-120.51746739,50.98841237],[-120.517115,50.98146572],[-120.52535481,50.97569031],[-120.53316944,50.97513432],[-120.53384692,50.96907893],[-120.56057954,50.97629383],[-120.57006587,50.97206247],[-120.58424273,50.97194934],[-120.58673075,50.96906147],[-120.60446931,50.97865771],[-120.61228277,50.97252163],[-120.63608449,50.97483167],[-120.64686156,50.97047976],[-120.65979829,50.98033261],[-120.69434544,50.99552824],[-120.72903686,50.9953449],[-120.74641273,50.97536539],[-120.74496413,50.96584336],[-120.73466417,50.9529528],[-120.73212732,50.94340609],[-120.73932922,50.94012331],[-120.74940906,50.92713101],[-120.75370679,50.90138335],[-120.73353263,50.89661455],[-120.72564806,50.87625724],[-120.74500694,50.87251618],[-120.74398305,50.85516439],[-120.76437934,50.86366088],[-120.77499935,50.87216141],[-120.78431815,50.87352655],[-120.78517026,50.87860461],[-120.79165857,50.88199661],[-120.80226568,50.88522385],[-120.80811517,50.87995233],[-120.81571628,50.88153048],[-120.81771987,50.88615096],[-120.82411966,50.88732279],[-120.82264662,50.89271875],[-120.8250109,50.89567013],[-120.8376443,50.90041791],[-120.90769794,50.88330255],[-120.9109865,50.88000646],[-120.89210313,50.87093333],[-120.8897311,50.86589129],[-120.90574494,50.86028272],[-120.90642282,50.85640241],[-120.91467789,50.85086682],[-120.90465553,50.84369628],[-120.90448087,50.83578307],[-120.89440927,50.83330825],[-120.89061691,50.82829335],[-120.89317736,50.82408533],[-120.88855707,50.81979613],[-120.88999652,50.8095898],[-120.89244657,50.80462593],[-120.89817291,50.80353292],[-120.88837694,50.77705107],[-120.89360564,50.76590894],[-120.87880457,50.7483726],[-120.8953575,50.74279248],[-120.91827564,50.74380166],[-120.92473124,50.74649821],[-120.92753533,50.75308576],[-120.95054293,50.76401368],[-120.95651622,50.76301803],[-120.96125351,50.75409956],[-120.97020088,50.7526398],[-120.96827953,50.74328225],[-120.95974642,50.73866364],[-120.95605675,50.72866004],[-120.93953818,50.72267685],[-120.93659701,50.71675348],[-120.94808983,50.6790428],[-120.9313921,50.6703563],[-120.92227155,50.65356218],[-120.90445035,50.65507939],[-120.8868041,50.64954019],[-120.89521039,50.63746889],[-120.89449724,50.62947882],[-120.88025119,50.61482861],[-120.87557175,50.59111745],[-120.86982024,50.59148322],[-120.86730909,50.59780639],[-120.84405956,50.58880393],[-120.83813969,50.58206336],[-120.83957522,50.57349498],[-120.83182091,50.56650531],[-120.83014506,50.54815508],[-120.82100591,50.54062787],[-120.80713283,50.54341262],[-120.79906099,50.54147351],[-120.79301398,50.54495677],[-120.788805,50.56159784],[-120.79059108,50.56762994],[-120.78684687,50.57217972],[-120.75399067,50.57750443],[-120.75375588,50.58285228],[-120.74270376,50.5805806],[-120.72894632,50.58457848],[-120.72239496,50.58981299],[-120.7154998,50.58487173],[-120.69617346,50.58157431],[-120.67389173,50.57315637],[-120.65030247,50.54978866],[-120.6399496,50.55639085],[-120.63941844,50.56084536],[-120.63319672,50.56040916],[-120.62498124,50.56564757],[-120.61537178,50.56242],[-120.58632578,50.56157559],[-120.58441304,50.55693828],[-120.58670117,50.54775673],[-120.58258791,50.54349797],[-120.57880034,50.54645213],[-120.57263073,50.54485428],[-120.5671162,50.5505665],[-120.56002359,50.55189971],[-120.54623656,50.54666105],[-120.52324079,50.54822609],[-120.52149925,50.54241471],[-120.51513275,50.53918461],[-120.50491839,50.53932877],[-120.51457513,50.52247307],[-120.51594202,50.51057786],[-120.489108,50.5131331],[-120.48172757,50.51962082],[-120.46752476,50.50947844],[-120.45189727,50.50751551],[-120.43755783,50.5113654],[-120.43723411,50.50268149],[-120.43330362,50.49605719],[-120.43525481,50.48889833],[-120.42832323,50.48699772],[-120.42845371,50.48218641],[-120.42068572,50.47496389],[-120.40913454,50.47354014],[-120.39413793,50.48203959],[-120.38366062,50.47749433],[-120.37239394,50.45926931],[-120.37181893,50.45005519],[-120.36465202,50.43802515],[-120.36300951,50.42814223],[-120.34653044,50.42069944],[-120.34983667,50.40540194],[-120.34239192,50.39827748],[-120.32176291,50.40071985],[-120.30364383,50.39732381],[-120.28988873,50.40779832],[-120.23591655,50.41386337],[-120.22704175,50.43219346],[-120.22032985,50.43667717],[-120.20808409,50.43833048],[-120.19544173,50.43692455],[-120.18989738,50.42696428],[-120.1798329,50.42367264],[-120.18051496,50.42870278],[-120.17657029,50.43088565],[-120.16624303,50.42580336],[-120.15527584,50.42733562],[-120.15292348,50.4347286],[-120.14795501,50.43689082],[-120.14201582,50.43580862],[-120.13695497,50.42458244],[-120.13062632,50.42175841],[-120.12175398,50.42474419],[-120.08647809,50.42395241],[-120.08704229,50.43050234],[-120.08328952,50.4306061],[-120.0794395,50.42771203],[-120.08494278,50.41974508],[-120.09596095,50.41490872],[-120.08917994,50.40204106],[-120.1064307,50.39708138],[-120.09902421,50.39092334],[-120.09892705,50.38351782],[-120.09160043,50.37579029],[-120.10954873,50.3625955],[-120.1220991,50.36093508],[-120.11204488,50.34491789],[-120.11098504,50.3300228],[-120.10426279,50.31972636],[-120.10263906,50.30322338],[-120.09503767,50.29575217],[-120.08836829,50.29510981],[-120.09309882,50.29127729],[-120.09165705,50.27732739],[-120.0864837,50.26885776],[-120.08938031,50.26235331],[-120.08727038,50.23637722],[-120.08223346,50.22565353],[-120.0617376,50.23258058],[-120.05395517,50.24215997],[-120.03857017,50.23825244],[-120.02839495,50.25568086],[-120.00813214,50.26048737],[-119.97692679,50.25758023],[-119.97052829,50.24306701],[-119.96458535,50.24225171],[-119.96417832,50.23845721],[-119.95129178,50.23586232],[-119.95101765,50.2258293],[-119.93393746,50.2326089],[-119.92520963,50.23182458],[-119.91370505,50.24417403],[-119.87624646,50.24988997],[-119.87478973,50.25599812],[-119.86522738,50.2626494],[-119.85711481,50.26215585],[-119.84522535,50.2559799],[-119.81496007,50.25406439],[-119.78404224,50.26006062],[-119.72505602,50.26109889],[-119.71475177,50.27595088],[-119.70595228,50.27971833],[-119.69982714,50.28783076],[-119.68896281,50.29110571],[-119.6826509,50.30396167],[-119.68891711,50.30799989],[-119.6974111,50.30644861],[-119.71113546,50.31969223],[-119.67535922,50.33572492],[-119.66103418,50.3353392],[-119.679218,50.34275165],[-119.67007782,50.34559904],[-119.66002779,50.35441319],[-119.66354726,50.36310972],[-119.64779166,50.3621191],[-119.64779532,50.36972694],[-119.63809978,50.37103785],[-119.63419133,50.37586026],[-119.64284143,50.38816399],[-119.64273744,50.41066939],[-119.6583775,50.40939988],[-119.6670068,50.41398349],[-119.67992582,50.40967042],[-119.66098955,50.42498977],[-119.66077163,50.42761893],[-119.66806146,50.43212765],[-119.66636667,50.43808631],[-119.6472076,50.43718145],[-119.64101037,50.44265632],[-119.62717385,50.43945043],[-119.61584758,50.4421154],[-119.61126289,50.4473813],[-119.60257848,50.44850307],[-119.60065607,50.45307325],[-119.58962379,50.4525798],[-119.58111747,50.46433503],[-119.5694895,50.46472321],[-119.56103628,50.45378341],[-119.56456786,50.4478552],[-119.56055228,50.43946181],[-119.54756889,50.43581591],[-119.54536151,50.42985498],[-119.53731406,50.42633423],[-119.53342745,50.42974734],[-119.48939567,50.42100535],[-119.45275743,50.41957053],[-119.45066189,50.41105732],[-119.44390402,50.40964497],[-119.43960418,50.40382635],[-119.41092518,50.4074086],[-119.39864152,50.41197172],[-119.38734368,50.42328622],[-119.36161722,50.416292],[-119.33075486,50.44139729],[-119.33077694,50.44874635],[-119.31949527,50.44861128],[-119.29858268,50.45967115],[-119.29707474,50.49316318],[-119.30672554,50.50193019],[-119.31383332,50.51826948],[-119.30792251,50.52477491],[-119.28912954,50.53391412],[-119.29839827,50.56306392],[-119.2816527,50.5672775],[-119.28623599,50.57730468],[-119.28391102,50.59073266],[-119.2977884,50.59076533],[-119.30567005,50.59448611],[-119.29169199,50.61827455],[-119.29301934,50.62728825],[-119.29696514,50.63133773],[-119.29598984,50.63595935],[-119.27671586,50.6354357],[-119.25557687,50.63971645],[-119.23552026,50.63478345],[-119.21333855,50.63821119],[-119.20434275,50.63313952],[-119.19340714,50.63338171],[-119.19328542,50.64893246],[-119.17073338,50.6781226],[-119.16151963,50.70092708],[-119.15117294,50.70779709],[-119.15211876,50.71460283],[-119.14500753,50.7226748],[-119.16149198,50.73819657],[-119.16419218,50.74692391],[-119.15775975,50.75461521],[-119.14014363,50.76343845],[-119.11382756,50.76517774],[-119.09064555,50.77227872],[-119.07616454,50.77225842],[-119.07209013,50.76905693],[-119.06499956,50.77094162],[-119.05510568,50.78086918],[-119.03132233,50.77971623],[-118.9856678,50.78693207],[-118.98570187,50.77032648],[-118.94880751,50.78179023],[-118.90848879,50.77483823],[-118.895676,50.76069417],[-118.88707371,50.76184982],[-118.87827704,50.75644071],[-118.86281967,50.75630237],[-118.85137136,50.76649993],[-118.83217483,50.76636816],[-118.82915199,50.76926521],[-118.83004057,50.77707688],[-118.81355399,50.78541109],[-118.81056768,50.79625985],[-118.78438534,50.80628731],[-118.78547933,50.81183595],[-118.78111027,50.82388517],[-118.77670078,50.82665751],[-118.75382702,50.82363163],[-118.72269998,50.82509582],[-118.72264326,50.81747908],[-118.71871496,50.81336848],[-118.71313036,50.81538294],[-118.70684412,50.81257034]]]}},{"type":"Feature","properties":{"name":"Kaslo"},"geometry":{"type":"Polygon","coordinates":[[[-116.45296218,50.11872207],[-116.44812505,50.12453613],[-116.44505101,50.13682212],[-116.45035488,50.14288397],[-116.45235277,50.15590331],[-116.47655859,50.16082189],[-116.48922289,50.17462974],[-116.48647134,50.18490207],[-116.48911046,50.1902788],[-116.5087623,50.20047686],[-116.50886008,50.2043404],[-116.54932246,50.2075272],[-116.56308688,50.21505826],[-116.55438546,50.22302376],[-116.55859143,50.23312615],[-116.5479816,50.24340113],[-116.55239992,50.2487519],[-116.54944101,50.25245611],[-116.55148421,50.25811188],[-116.54923715,50.26541385],[-116.55375153,50.26799488],[-116.55575878,50.27995955],[-116.54948491,50.28967072],[-116.55041525,50.29614058],[-116.54042213,50.31235333],[-116.54172112,50.31885202],[-116.56750671,50.31702695],[-116.58259061,50.30896872],[-116.59460686,50.30700111],[-116.61954843,50.3167494],[-116.61635909,50.32183777],[-116.62417085,50.3265252],[-116.62141714,50.33165645],[-116.62682639,50.33619985],[-116.62291235,50.34016249],[-116.62643737,50.34214336],[-116.615717,50.34926731],[-116.62387149,50.35711277],[-116.62861703,50.37052524],[-116.63610924,50.37623906],[-116.63217362,50.38593682],[-116.63412296,50.39317504],[-116.64005825,50.39697957],[-116.64099392,50.40994528],[-116.64970953,50.41160098],[-116.64950712,50.41683787],[-116.65532197,50.42245339],[-116.68269901,50.42958965],[-116.67561445,50.44359227],[-116.72352538,50.46066889],[-116.71292462,50.47545513],[-116.70222886,50.47995366],[-116.69671992,50.48634356],[-116.6912387,50.48299],[-116.68792475,50.48664117],[-116.69332528,50.5066972],[-116.69172654,50.51065438],[-116.69834507,50.51586366],[-116.69828615,50.51929342],[-116.67456432,50.53016827],[-116.66556562,50.54326378],[-116.66123791,50.56243389],[-116.66920749,50.57179446],[-116.65924215,50.59386833],[-116.65477811,50.59827999],[-116.63512979,50.59708659],[-116.63076817,50.60197402],[-116.63264981,50.60501518],[-116.62949767,50.61127199],[-116.62462946,50.6138122],[-116.62439706,50.620414],[-116.61209479,50.62973153],[-116.60953282,50.6266364],[-116.60212535,50.62876968],[-116.5921704,50.6231893],[-116.58398836,50.63383235],[-116.5775675,50.6344036],[-116.58247446,50.64690087],[-116.58892668,50.64660376],[-116.59366921,50.65055391],[-116.59982314,50.64929282],[-116.6088745,50.6596188],[-116.60807102,50.66720914],[-116.62297045,50.66459982],[-116.65307636,50.66856123],[-116.65609469,50.67041268],[-116.65700233,50.67794286],[-116.66902525,50.67917794],[-116.67818887,50.67224403],[-116.68828203,50.67287376],[-116.69735385,50.66699272],[-116.70554116,50.6733359],[-116.72516759,50.6728579],[-116.74989235,50.67847103],[-116.74822065,50.69222672],[-116.76905075,50.7014924],[-116.78212192,50.69809143],[-116.78306389,50.70391599],[-116.79481223,50.71237281],[-116.7903492,50.71973449],[-116.79735008,50.72687387],[-116.79558686,50.7297126],[-116.8096795,50.72744285],[-116.82076635,50.73576124],[-116.81729708,50.74360201],[-116.82981577,50.75019051],[-116.8221329,50.76047115],[-116.82282942,50.7643573],[-116.81459088,50.76841933],[-116.81650038,50.77276123],[-116.81390213,50.78471468],[-116.82837919,50.78305335],[-116.83262247,50.78561828],[-116.84595382,50.78089177],[-116.8606823,50.7692419],[-116.87554181,50.77351719],[-116.89001341,50.76869619],[-116.89274178,50.77093817],[-116.91550009,50.77079815],[-116.92170121,50.77360818],[-116.92237356,50.77877068],[-116.92911267,50.78343466],[-116.93494112,50.79737217],[-116.95305642,50.80223246],[-116.96004086,50.80844302],[-116.9802524,50.81061961],[-116.99030767,50.80864732],[-117.01541437,50.81961062],[-117.04007022,50.81446804],[-117.04278413,50.821411],[-117.05238971,50.8303703],[-117.04802404,50.83572711],[-117.04995587,50.84560047],[-117.04425245,50.85587711],[-117.04808009,50.85821819],[-117.07416793,50.85427562],[-117.08696037,50.86383421],[-117.0730889,50.89034068],[-117.0794914,50.89764718],[-117.06942509,50.90304607],[-117.07111419,50.90668618],[-117.06734015,50.90897647],[-117.07289499,50.91866268],[-117.05370048,50.93984768],[-117.05341593,50.94405622],[-117.04542774,50.94715347],[-117.04260158,50.95415056],[-117.03747222,50.95718579],[-117.05538351,50.96514606],[-117.06507235,50.96486727],[-117.07173365,50.9710502],[-117.11482584,50.96675774],[-117.11824684,50.97371431],[-117.12684156,50.97655611],[-117.14840937,50.97199367],[-117.16012589,50.97410538],[-117.16793566,50.98120762],[-117.16731843,50.98532692],[-117.16153623,50.98855897],[-117.16409052,50.99398546],[-117.14495556,51.00500854],[-117.13777796,51.01536982],[-117.1384742,51.02080522],[-117.14571792,51.02693243],[-117.17098796,51.0251705],[-117.17233828,51.02807442],[-117.16767818,51.03574378],[-117.17051347,51.04168098],[-117.19719353,51.05329671],[-117.2060508,51.05389813],[-117.20835478,51.05636265],[-117.2061418,51.06228085],[-117.21024375,51.06447188],[-117.21815149,51.06454749],[-117.2297258,51.05854486],[-117.26099216,51.05896192],[-117.26374002,51.05171533],[-117.2842224,51.04437688],[-117.30989539,51.04637215],[-117.31784559,51.03795148],[-117.32802117,51.03563927],[-117.34036965,51.03727637],[-117.35253144,51.02245503],[-117.36717774,51.01951927],[-117.37218962,51.01547077],[-117.37684842,51.00324751],[-117.39090206,50.99976825],[-117.38919955,50.99118403],[-117.399448,50.98627569],[-117.40280733,50.98000092],[-117.39757085,50.96659514],[-117.39875377,50.96155513],[-117.41112956,50.96029836],[-117.4305839,50.94814672],[-117.44009684,50.94597096],[-117.43890828,50.93717532],[-117.44129068,50.93414481],[-117.43061394,50.92489113],[-117.41935335,50.92452293],[-117.41702415,50.91889166],[-117.41862884,50.90869672],[-117.42665796,50.90389865],[-117.43171718,50.90518667],[-117.44504589,50.90034067],[-117.45692367,50.89893683],[-117.46824486,50.90204392],[-117.47530441,50.89668703],[-117.47551501,50.89317744],[-117.4912108,50.8845413],[-117.49000928,50.88034679],[-117.48302951,50.87766915],[-117.48097152,50.87233257],[-117.46989959,50.86520601],[-117.47127938,50.85956652],[-117.46069549,50.84974214],[-117.45572928,50.83876839],[-117.45324299,50.82908017],[-117.4624431,50.82254565],[-117.46618495,50.81235881],[-117.49305266,50.81592297],[-117.49377464,50.81034323],[-117.48773072,50.80046388],[-117.51379313,50.76769561],[-117.51123875,50.7598879],[-117.51410974,50.75503731],[-117.52735957,50.75363345],[-117.54379304,50.74707846],[-117.54500918,50.74095145],[-117.55625991,50.7341575],[-117.5554422,50.72954561],[-117.56830856,50.70680016],[-117.57920206,50.70849573],[-117.59247457,50.70523084],[-117.60039082,50.71042089],[-117.61063964,50.70595573],[-117.60935152,50.70076449],[-117.62130788,50.69233875],[-117.61656881,50.68232351],[-117.6237711,50.66522375],[-117.6279097,50.6644549],[-117.63504062,50.65570781],[-117.63259089,50.6455498],[-117.63614027,50.64054854],[-117.65479204,50.63124522],[-117.68879668,50.59391421],[-117.71455449,50.58831371],[-117.71507702,50.58227581],[-117.70968308,50.57867533],[-117.70870458,50.56835714],[-117.70539378,50.56508569],[-117.71226016,50.55626084],[-117.7079771,50.54998624],[-117.69511467,50.54487685],[-117.68972803,50.53896733],[-117.67799567,50.53863162],[-117.67311926,50.53261069],[-117.65779181,50.53465014],[-117.65032442,50.53203],[-117.64511825,50.53486021],[-117.64549445,50.54165363],[-117.63853007,50.54820671],[-117.61714937,50.54398826],[-117.60574497,50.52358589],[-117.59405599,50.51464454],[-117.58643534,50.50399041],[-117.57675842,50.50255485],[-117.57068209,50.50503554],[-117.55083292,50.49697908],[-117.54736019,50.49223774],[-117.55039324,50.48411095],[-117.52720897,50.47514416],[-117.51191652,50.4611412],[-117.50442423,50.45902397],[-117.49663611,50.45001866],[-117.46562333,50.43003308],[-117.45525869,50.42521027],[-117.4289182,50.42110873],[-117.41893484,50.42126362],[-117.41430435,50.42494975],[-117.39536079,50.41839053],[-117.37771354,50.40783197],[-117.36501178,50.40659129],[-117.35983668,50.39564885],[-117.37514788,50.37966739],[-117.37583828,50.35924187],[-117.40019772,50.35237987],[-117.39346909,50.34224001],[-117.36081279,50.32327068],[-117.36509725,50.31486119],[-117.3688481,50.28882656],[-117.37242126,50.28500694],[-117.37028379,50.27427457],[-117.36324426,50.26621178],[-117.33871938,50.25993685],[-117.3162653,50.26692891],[-117.30985101,50.27306657],[-117.30964144,50.27762239],[-117.29047417,50.28156218],[-117.28199149,50.29077837],[-117.25528128,50.2908494],[-117.23992101,50.294919],[-117.23716621,50.29175122],[-117.23460708,50.27397104],[-117.23539663,50.26610493],[-117.23907281,50.26293604],[-117.23729509,50.25560222],[-117.22646625,50.25473839],[-117.22137341,50.24455184],[-117.23622742,50.23577089],[-117.26170331,50.23769924],[-117.26517721,50.23300683],[-117.26580086,50.2201881],[-117.27595818,50.20850973],[-117.26655109,50.20098794],[-117.25584629,50.19891197],[-117.25315673,50.19455631],[-117.23560247,50.19381946],[-117.22239732,50.19695394],[-117.21256501,50.18909531],[-117.20226284,50.18600594],[-117.21086937,50.17203912],[-117.22688081,50.16501578],[-117.22487077,50.16246141],[-117.23049859,50.15712577],[-117.2278912,50.15470707],[-117.23015922,50.14962858],[-117.22810651,50.14536047],[-117.24044052,50.14359581],[-117.23855659,50.13939915],[-117.23284234,50.13522842],[-117.22399898,50.13609574],[-117.21756302,50.13295555],[-117.20138934,50.13824345],[-117.19035192,50.13282802],[-117.17251565,50.13018511],[-117.16571102,50.1253783],[-117.1661871,50.11973415],[-117.17129494,50.11647965],[-117.16916079,50.10809406],[-117.17564453,50.10090698],[-117.17333201,50.09627348],[-117.18213991,50.09023036],[-117.19473918,50.08884982],[-117.20763882,50.07612889],[-117.21100699,50.06489687],[-117.21516042,50.06123294],[-117.20289403,50.04918443],[-117.20070124,50.03926536],[-117.18161828,50.02628055],[-117.18115613,50.0195414],[-117.17589264,50.01440966],[-117.17717815,50.00499527],[-117.18428118,49.99862531],[-117.17923619,49.99122207],[-117.14382324,49.98335409],[-117.13904189,49.97508096],[-117.13068892,49.97122321],[-117.12657414,49.95527616],[-117.12648856,49.94917888],[-117.13578656,49.94001669],[-117.13397481,49.93080668],[-117.14745369,49.92719142],[-117.15468981,49.92897184],[-117.17433672,49.92218802],[-117.17371412,49.91228178],[-117.1803696,49.90885354],[-117.17352259,49.89520201],[-117.18583358,49.88092433],[-117.18432372,49.87547252],[-117.17839182,49.8710882],[-117.19389842,49.86136637],[-117.20883423,49.85936621],[-117.21911737,49.85221854],[-117.22087705,49.83978926],[-117.23170815,49.83821212],[-117.23053117,49.82670661],[-117.2255337,49.8228715],[-117.22900447,49.81949588],[-117.21067005,49.81098611],[-117.20962979,49.80617139],[-117.19502085,49.79209827],[-117.19924696,49.78856089],[-117.19728354,49.77352083],[-117.2195584,49.76442838],[-117.22706208,49.76503895],[-117.22797922,49.76217662],[-117.22050744,49.75499567],[-117.20971255,49.75526758],[-117.20263691,49.75130118],[-117.20049894,49.74649034],[-117.19380954,49.74546047],[-117.19370165,49.75266124],[-117.18320957,49.75802505],[-117.16479732,49.75695244],[-117.1536651,49.74528163],[-117.14158121,49.74342764],[-117.12894675,49.73463407],[-117.11342112,49.70648712],[-117.09180433,49.69175087],[-117.08380536,49.6931862],[-117.07529899,49.68658563],[-117.0679602,49.69067332],[-117.04359068,49.68428548],[-117.01637369,49.68867133],[-117.01390705,49.6778185],[-116.99748482,49.65762624],[-116.98315926,49.65526597],[-116.95609708,49.64352983],[-116.91901017,49.64100297],[-116.90111664,49.66107909],[-116.8938257,49.67434983],[-116.88951796,49.73168347],[-116.86644052,49.80263828],[-116.81130939,49.80558708],[-116.72769251,49.79748159],[-116.7194306,49.79924424],[-116.70462723,49.81040355],[-116.68936365,49.8102942],[-116.67324182,49.81916796],[-116.68225366,49.82486845],[-116.67894622,49.82911376],[-116.68693534,49.83562054],[-116.69036454,49.84403919],[-116.68480953,49.84603041],[-116.68777986,49.85084098],[-116.68317031,49.86330009],[-116.69522895,49.87544211],[-116.67604169,49.88322883],[-116.64456193,49.88270521],[-116.63426664,49.88742159],[-116.6246562,49.89716316],[-116.6216184,49.90994365],[-116.61508105,49.91686554],[-116.60171976,49.92589192],[-116.58681905,49.92779064],[-116.58276825,49.93139645],[-116.58098834,49.93810123],[-116.58351686,49.94458906],[-116.57980882,49.95341205],[-116.56113517,49.9532982],[-116.52773192,49.97222574],[-116.51189493,49.98609178],[-116.50299568,49.98292435],[-116.49324262,49.9744951],[-116.47678915,49.96920986],[-116.4621072,49.96599282],[-116.45149026,49.96948429],[-116.45055447,49.9754026],[-116.44302925,49.98144199],[-116.44245505,49.98729892],[-116.46541574,50.00114552],[-116.47000199,50.0132143],[-116.46646199,50.02229124],[-116.4723805,50.02961693],[-116.46941495,50.03809357],[-116.49815219,50.0534745],[-116.49601393,50.05768881],[-116.49928688,50.06540666],[-116.49852797,50.07586783],[-116.49460355,50.08168441],[-116.49438454,50.09901938],[-116.48198545,50.10604651],[-116.47934664,50.10990462],[-116.48217001,50.11187538],[-116.47546002,50.11613505],[-116.46262041,50.11549214],[-116.45296218,50.11872207]]]}},{"type":"Feature","properties":{"name":"Liard"},"geometry":{"type":"Polygon","coordinates":[[[-120.10455105,57.5490567],[-120.08384403,57.55374844],[-120.07162972,57.56198436],[-120.06831539,57.56763126],[-120.05479145,57.57258049],[-120.06253901,57.58847458],[-120.04372507,57.58614065],[-120.03494495,57.57991564],[-120.02250868,57.57843854],[-120.01843977,57.58496402],[-120.01120831,57.58817637],[-120.0148244,57.59288835],[-120.01235835,57.59622262],[-120.00149712,57.60136584],[-120.00150125,60.00006211],[-127.73165702,59.99980786],[-127.73076776,59.98688155],[-127.73424018,59.98088052],[-127.75259914,59.98254876],[-127.76339979,59.97266444],[-127.78623871,59.96723013],[-127.79770595,59.95753735],[-127.79469555,59.95107664],[-127.7971934,59.94468168],[-127.81255193,59.93250097],[-127.79523836,59.93252102],[-127.78088836,59.9273549],[-127.77980833,59.92452537],[-127.7544137,59.92550457],[-127.73876672,59.9182252],[-127.73797846,59.91522306],[-127.74354262,59.90840115],[-127.72491587,59.89609484],[-127.71599689,59.89530538],[-127.7095608,59.90001699],[-127.70442652,59.89582005],[-127.67804968,59.89595488],[-127.67755015,59.89162722],[-127.67131349,59.88602037],[-127.67469777,59.88129879],[-127.68396354,59.88101113],[-127.68602773,59.87799941],[-127.67618413,59.86813098],[-127.66511806,59.86621775],[-127.67182779,59.86403413],[-127.6660976,59.85316897],[-127.69055494,59.84638153],[-127.69339101,59.8470166],[-127.69295738,59.85431263],[-127.70571271,59.86018766],[-127.72272509,59.86045193],[-127.71554889,59.85715047],[-127.72128885,59.85329677],[-127.71833102,59.84852615],[-127.7441254,59.83432535],[-127.76122693,59.82872951],[-127.75405038,59.81969208],[-127.75475675,59.80835667],[-127.77730762,59.79985354],[-127.81372892,59.79636893],[-127.80862446,59.79377135],[-127.80484713,59.78032075],[-127.81577797,59.77565505],[-127.79844304,59.76980066],[-127.81832213,59.75893187],[-127.80361036,59.75144029],[-127.80789229,59.74755617],[-127.80197853,59.74528859],[-127.79731091,59.73488289],[-127.79960543,59.71930394],[-127.79635252,59.71613706],[-127.79756531,59.71239417],[-127.78531677,59.70435474],[-127.7913771,59.70111895],[-127.7924526,59.69402536],[-127.77986985,59.68582029],[-127.78485942,59.68146152],[-127.77976401,59.67708665],[-127.75425747,59.67441629],[-127.74523451,59.6664235],[-127.74270618,59.65580882],[-127.73557681,59.65120506],[-127.74253353,59.6450749],[-127.75015271,59.64417419],[-127.74812902,59.63882209],[-127.74187668,59.63713156],[-127.74691973,59.63492279],[-127.74719771,59.62495389],[-127.76936182,59.62188515],[-127.77953338,59.61220512],[-127.79002459,59.61039845],[-127.79845665,59.60016039],[-127.81087577,59.60513703],[-127.83216724,59.60454116],[-127.84525234,59.61143237],[-127.8696867,59.60705005],[-127.88135174,59.61303159],[-127.90134099,59.61051757],[-127.89842214,59.60182886],[-127.91168436,59.60289884],[-127.92183821,59.60756743],[-127.92929795,59.60222273],[-127.95235182,59.60222159],[-127.94087778,59.59809881],[-127.94592625,59.5925271],[-127.93078568,59.57957587],[-127.94479418,59.5792558],[-127.96452194,59.58477863],[-127.97780644,59.57282686],[-127.9824542,59.58199621],[-127.9921052,59.58344046],[-128.00521148,59.57514429],[-128.01932761,59.57413929],[-128.02757565,59.56891282],[-128.03539992,59.56830592],[-128.07520314,59.57756038],[-128.0823005,59.58061762],[-128.08390831,59.58673926],[-128.10432114,59.59547689],[-128.11383609,59.60860753],[-128.08392679,59.61079515],[-128.0919831,59.62470969],[-128.13241828,59.63008045],[-128.14555747,59.62322946],[-128.14687218,59.61870264],[-128.1594445,59.61827306],[-128.16154242,59.62035825],[-128.15811671,59.62353239],[-128.16427229,59.62575702],[-128.18344962,59.61668609],[-128.19884283,59.62195805],[-128.20026977,59.61850856],[-128.21278835,59.61807501],[-128.2421927,59.62808895],[-128.25320283,59.62568531],[-128.26132598,59.63176326],[-128.27027965,59.63112938],[-128.27547148,59.62053616],[-128.33491143,59.63075762],[-128.34445235,59.62795064],[-128.38519111,59.63031682],[-128.38932691,59.62697833],[-128.40347245,59.63057264],[-128.4329323,59.61749884],[-128.42255704,59.6137217],[-128.40145181,59.61631128],[-128.37742405,59.59856018],[-128.36680904,59.5961386],[-128.37784995,59.57910199],[-128.39676095,59.5802146],[-128.4116306,59.57549681],[-128.41137325,59.57014992],[-128.40187539,59.56584374],[-128.43012511,59.56646379],[-128.43872274,59.56358351],[-128.46190623,59.57071257],[-128.46118131,59.56634123],[-128.45225732,59.55832575],[-128.45202539,59.55264451],[-128.45883179,59.55026132],[-128.46557029,59.54242767],[-128.48047492,59.53651525],[-128.49926664,59.54070739],[-128.5260906,59.55349145],[-128.54262717,59.55278934],[-128.5437146,59.54848756],[-128.55197981,59.54846866],[-128.55878863,59.54397942],[-128.55896349,59.53924334],[-128.56397565,59.53428984],[-128.57346109,59.5312362],[-128.65086804,59.5427674],[-128.65877291,59.54002927],[-128.65082569,59.53594644],[-128.65240338,59.53018114],[-128.66002271,59.52378957],[-128.65412096,59.51633867],[-128.65741454,59.5139317],[-128.65785896,59.50789804],[-128.67980609,59.4967449],[-128.67299364,59.49145867],[-128.69629856,59.48643671],[-128.71029702,59.47998469],[-128.73870584,59.47591843],[-128.75037104,59.46883126],[-128.76811183,59.46626914],[-128.77784523,59.46188485],[-128.77805097,59.45833005],[-128.78567158,59.45336222],[-128.80133948,59.44955186],[-128.80401921,59.44471321],[-128.85955991,59.44223022],[-128.86921217,59.43899384],[-128.86650644,59.42536001],[-128.85583355,59.4178597],[-128.86160622,59.41126578],[-128.85922465,59.40150583],[-128.86194558,59.39771915],[-128.85476114,59.39271907],[-128.85467979,59.385458],[-128.83944093,59.38233835],[-128.83716084,59.37694217],[-128.82295166,59.37192619],[-128.82849631,59.36565253],[-128.8173296,59.36132958],[-128.81747097,59.34531352],[-128.80479179,59.34110615],[-128.80746577,59.33516964],[-128.79931881,59.32571519],[-128.79974654,59.31988747],[-128.79121994,59.31821267],[-128.78798891,59.31372625],[-128.79697376,59.30498873],[-128.79553064,59.30208549],[-128.76182565,59.28897141],[-128.75229088,59.2805438],[-128.75586876,59.27464151],[-128.74728381,59.26730569],[-128.7331379,59.26202378],[-128.70919172,59.26877563],[-128.68237413,59.26971481],[-128.66685487,59.27940585],[-128.65988055,59.27074642],[-128.6045775,59.27007639],[-128.59658568,59.26761327],[-128.59357766,59.26129106],[-128.58119066,59.26035099],[-128.57562655,59.25290833],[-128.55782748,59.25084192],[-128.55525842,59.24589826],[-128.53100337,59.23197488],[-128.55763712,59.20940186],[-128.57315902,59.20595502],[-128.57093348,59.19196572],[-128.56691261,59.19169231],[-128.5665823,59.18713363],[-128.56242771,59.18442564],[-128.54657563,59.18772117],[-128.54333543,59.18412794],[-128.53276735,59.18504115],[-128.52966679,59.17912619],[-128.51854092,59.17619318],[-128.51215993,59.16951972],[-128.51581344,59.16374527],[-128.50950069,59.16051112],[-128.50590916,59.15416658],[-128.51081919,59.1462463],[-128.50370724,59.1404011],[-128.49404158,59.13944729],[-128.49333014,59.13638735],[-128.48711855,59.13471174],[-128.49528746,59.12847534],[-128.5166406,59.12517937],[-128.52753263,59.11538559],[-128.53069582,59.10834784],[-128.52950028,59.10203894],[-128.5112247,59.09062545],[-128.48562151,59.09006429],[-128.47581337,59.09849849],[-128.45425122,59.10694593],[-128.45529656,59.1155889],[-128.45230707,59.11516804],[-128.44690083,59.10662307],[-128.43611197,59.09907611],[-128.43439045,59.09066219],[-128.41756244,59.07956538],[-128.41612541,59.0744988],[-128.42282484,59.07598319],[-128.42974452,59.07112855],[-128.41906636,59.0579062],[-128.42271743,59.05257022],[-128.42115661,59.04799605],[-128.40093909,59.03234085],[-128.40111259,59.02771155],[-128.418228,59.02385744],[-128.42617308,59.02882199],[-128.42582258,59.03283536],[-128.44156909,59.04011846],[-128.44567272,59.03511548],[-128.4464064,59.02613057],[-128.45112317,59.02387975],[-128.45678444,59.0143257],[-128.47919834,59.00871798],[-128.48631049,58.99979272],[-128.48554321,58.99171947],[-128.488709,58.98774819],[-128.48660938,58.98319503],[-128.50749153,58.97767888],[-128.50811087,58.96566347],[-128.4918384,58.96393153],[-128.47988308,58.95835646],[-128.47765764,58.95374839],[-128.48128009,58.95121639],[-128.4822285,58.94416092],[-128.47796401,58.94118883],[-128.47337827,58.93020235],[-128.51907817,58.91419266],[-128.522989,58.91139359],[-128.51867784,58.90207008],[-128.53280094,58.90362796],[-128.54465359,58.89626856],[-128.54247877,58.88926554],[-128.55516237,58.88546489],[-128.55631495,58.87789763],[-128.55151251,58.87240357],[-128.55762456,58.86247189],[-128.55238183,58.85697503],[-128.55341085,58.85445487],[-128.57171949,58.84740255],[-128.57036347,58.84524742],[-128.57479983,58.84009794],[-128.57139923,58.8376208],[-128.57540751,58.83138291],[-128.5889943,58.82887189],[-128.60155104,58.81987988],[-128.60226628,58.81563414],[-128.61636718,58.81332282],[-128.62622284,58.80771365],[-128.62848917,58.79991474],[-128.63901369,58.79297394],[-128.63850182,58.78915629],[-128.64352132,58.78481011],[-128.64471121,58.77182158],[-128.65669522,58.76147076],[-128.69565741,58.76386925],[-128.70495268,58.76805051],[-128.72666272,58.76761395],[-128.73545802,58.77265371],[-128.75806689,58.77040442],[-128.76903323,58.77406679],[-128.79598176,58.77500684],[-128.7992814,58.7688732],[-128.78840085,58.76044904],[-128.79290094,58.75618527],[-128.79027156,58.74947479],[-128.80394217,58.7489162],[-128.81660894,58.74083401],[-128.83549457,58.75074399],[-128.8454299,58.7510174],[-128.84609486,58.74569158],[-128.85799045,58.73727658],[-128.87233728,58.73551376],[-128.88527231,58.74211918],[-128.89058255,58.73779437],[-128.91403604,58.73153577],[-128.89990909,58.71693011],[-128.90389843,58.71016582],[-128.88749313,58.70530701],[-128.8812934,58.6978733],[-128.8993452,58.68495607],[-128.91322981,58.68207052],[-128.91742955,58.67613623],[-128.95777697,58.67965713],[-128.98914673,58.66515592],[-128.98932089,58.65769231],[-129.00171804,58.65210245],[-129.03513237,58.64918408],[-129.03287692,58.63938623],[-129.02444245,58.63589414],[-129.02742836,58.63048331],[-129.00880066,58.62576945],[-128.99908476,58.61764565],[-129.01533403,58.61227143],[-129.03273474,58.61344028],[-129.04056894,58.60875424],[-129.07550509,58.60244878],[-129.09863722,58.59043017],[-129.10175394,58.57828094],[-129.12014403,58.57604416],[-129.12613814,58.57031127],[-129.12322054,58.56594675],[-129.15449483,58.5594753],[-129.14967349,58.55541072],[-129.15523113,58.55107634],[-129.15545104,58.53788699],[-129.13121595,58.53551922],[-129.13363518,58.51840725],[-129.12860496,58.51489197],[-129.12796934,58.50689957],[-129.11692185,58.50248514],[-129.12504678,58.49842771],[-129.12791536,58.48992419],[-129.13291503,58.48865472],[-129.13149973,58.4865555],[-129.13536001,58.48264002],[-129.13349358,58.47468551],[-129.16007757,58.47911987],[-129.1615293,58.47342332],[-129.17292918,58.46106253],[-129.16893077,58.45161752],[-129.21442582,58.45296022],[-129.21465672,58.4457476],[-129.22413989,58.44263786],[-129.23194021,58.44989883],[-129.24641456,58.45001202],[-129.25463277,58.44553196],[-129.25600478,58.43888697],[-129.24738547,58.43208749],[-129.24543353,58.41806522],[-129.25860049,58.40495351],[-129.28329987,58.39634407],[-129.32507175,58.38965855],[-129.34551973,58.38966468],[-129.37091441,58.38287034],[-129.3867456,58.38488513],[-129.40099383,58.3816628],[-129.41352513,58.38577416],[-129.41667916,58.38989113],[-129.43913204,58.38875825],[-129.44488726,58.40437257],[-129.45376406,58.4119274],[-129.45137165,58.41703287],[-129.46314502,58.42019797],[-129.47300255,58.41838847],[-129.48000847,58.43210517],[-129.49033295,58.42857245],[-129.5253242,58.42663554],[-129.53602449,58.42179958],[-129.5206844,58.4141118],[-129.52340024,58.39566641],[-129.5293754,58.39289688],[-129.52838717,58.38493048],[-129.52263603,58.38135227],[-129.53368289,58.37671746],[-129.54887688,58.35798565],[-129.54772184,58.34500239],[-129.55908299,58.34724361],[-129.57497417,58.34249949],[-129.57628656,58.33576675],[-129.58486106,58.32553001],[-129.58081842,58.31899161],[-129.60369724,58.31629434],[-129.61159987,58.31030236],[-129.6095255,58.30523306],[-129.61178816,58.30205596],[-129.60200301,58.29780469],[-129.63161598,58.29066625],[-129.63434799,58.28526297],[-129.6307327,58.28362393],[-129.63013801,58.27822525],[-129.61471493,58.27589107],[-129.60541303,58.26075219],[-129.5959086,58.26062621],[-129.58902688,58.25621926],[-129.55482067,58.25383789],[-129.5563914,58.24804279],[-129.5420375,58.24529619],[-129.5321979,58.25178622],[-129.4958649,58.25956871],[-129.48593161,58.26430307],[-129.47553747,58.27545226],[-129.45555556,58.28144576],[-129.44470769,58.30106791],[-129.43349778,58.30522768],[-129.43238075,58.30988857],[-129.42359179,58.30949819],[-129.40589434,58.31777333],[-129.379171,58.32260449],[-129.32969358,58.30993969],[-129.31154403,58.29386598],[-129.30035096,58.29503752],[-129.28906174,58.2904173],[-129.26586153,58.29362121],[-129.2378878,58.28263563],[-129.2253314,58.28614172],[-129.21969842,58.29434842],[-129.21533018,58.29451474],[-129.21207242,58.28615601],[-129.22276145,58.27953676],[-129.21444615,58.2708435],[-129.18225084,58.25540241],[-129.16038369,58.25784134],[-129.15580573,58.24954112],[-129.14845074,58.24492314],[-129.13902568,58.24635999],[-129.11394235,58.23903173],[-129.09471298,58.23718224],[-129.08922712,58.24204061],[-129.07206615,58.24038954],[-129.06603779,58.24912217],[-129.02457463,58.23844614],[-129.0249486,58.23478273],[-129.01993381,58.2307646],[-128.99950337,58.22706028],[-128.98163203,58.22803226],[-128.98256402,58.22383797],[-128.96525631,58.21426884],[-128.94930438,58.21110046],[-128.94162559,58.21270509],[-128.93646278,58.20847749],[-128.91892592,58.20978649],[-128.91654747,58.20338118],[-128.91159988,58.20147667],[-128.90402638,58.20345635],[-128.90347195,58.20664464],[-128.90938363,58.21452191],[-128.90426235,58.22350167],[-128.90460721,58.23320859],[-128.90967509,58.23700169],[-128.89273173,58.23710735],[-128.87784369,58.2453194],[-128.87781654,58.24975727],[-128.88205966,58.25300775],[-128.88081858,58.26445789],[-128.84445997,58.26083123],[-128.83352702,58.25300968],[-128.81967137,58.24905497],[-128.78946172,58.24725734],[-128.78524679,58.25618644],[-128.76022635,58.25049981],[-128.75569738,58.25800507],[-128.72037388,58.26431617],[-128.7135291,58.27299065],[-128.69606784,58.27108318],[-128.6793204,58.26725965],[-128.67391263,58.26305622],[-128.65131431,58.26099152],[-128.6437796,58.2562811],[-128.64373974,58.24967952],[-128.63709238,58.24099069],[-128.64153535,58.23835834],[-128.64109782,58.23344418],[-128.62069169,58.23108579],[-128.61023841,58.22562364],[-128.60625113,58.21707846],[-128.59336731,58.21053982],[-128.59602328,58.20687489],[-128.59444543,58.20176742],[-128.58153102,58.19435628],[-128.58620226,58.18612223],[-128.58454201,58.17502884],[-128.5756565,58.1677284],[-128.57094446,58.15731115],[-128.5525396,58.15520478],[-128.55046067,58.15200939],[-128.55315312,58.14130364],[-128.53573248,58.13940089],[-128.53646951,58.13299461],[-128.53008729,58.13087383],[-128.50767494,58.13685256],[-128.50090931,58.14378324],[-128.49464861,58.14476875],[-128.4982927,58.15437067],[-128.48206773,58.16374605],[-128.46274409,58.16781669],[-128.45296259,58.16583424],[-128.44086683,58.15429656],[-128.43630914,58.15463878],[-128.42912287,58.14831879],[-128.4198102,58.15499612],[-128.40946811,58.18024155],[-128.37331949,58.17763576],[-128.29748774,58.20482205],[-128.2871915,58.22295318],[-128.29859336,58.23483585],[-128.30987909,58.23906913],[-128.3033393,58.24479936],[-128.30653166,58.25122345],[-128.30113266,58.25381466],[-128.29937092,58.25909015],[-128.31313566,58.26312157],[-128.30070952,58.26941767],[-128.30222156,58.27384471],[-128.30735574,58.27467712],[-128.31055674,58.27902236],[-128.31039874,58.28455458],[-128.32143667,58.29028016],[-128.32240908,58.30269324],[-128.32574353,58.30724595],[-128.31484234,58.3179849],[-128.31512544,58.32843791],[-128.29949214,58.33230599],[-128.29881159,58.34622533],[-128.27010332,58.35575928],[-128.27377416,58.36239928],[-128.27211154,58.36612296],[-128.27900318,58.36724031],[-128.2914143,58.37727377],[-128.28900321,58.38144604],[-128.29699147,58.38617007],[-128.30007292,58.39261208],[-128.30956003,58.39428882],[-128.31025763,58.39842064],[-128.26422545,58.42025032],[-128.25890663,58.41766414],[-128.23472521,58.41877302],[-128.22549359,58.42525632],[-128.20508592,58.42832953],[-128.16838285,58.42620075],[-128.16387788,58.41698328],[-128.16502314,58.41311768],[-128.14995838,58.41094949],[-128.14713679,58.4083709],[-128.14981328,58.40227183],[-128.13531394,58.39728777],[-128.11566302,58.4044621],[-128.1023336,58.40566065],[-128.10531361,58.41162113],[-128.09508597,58.41653341],[-128.09333482,58.42606675],[-128.08019454,58.43296628],[-128.05300595,58.429806],[-128.04256758,58.4344671],[-128.02931474,58.4345974],[-128.01526897,58.44112015],[-128.0016827,58.43142227],[-127.98422441,58.42608636],[-127.96888868,58.42280415],[-127.95347058,58.42644412],[-127.94960262,58.42006232],[-127.93939828,58.41669138],[-127.91686481,58.41893067],[-127.89978172,58.40051193],[-127.88691816,58.39482086],[-127.88162457,58.39869103],[-127.85604681,58.39799711],[-127.84770755,58.40456578],[-127.84880847,58.40912812],[-127.83524277,58.40728395],[-127.82571562,58.41267648],[-127.81481194,58.41309972],[-127.81580635,58.40797129],[-127.80427511,58.40205582],[-127.80621838,58.39695524],[-127.8034719,58.38965466],[-127.78455867,58.38885237],[-127.78439227,58.38064637],[-127.79084854,58.37544595],[-127.78973837,58.36766004],[-127.79492144,58.36161886],[-127.79036322,58.35873775],[-127.77992969,58.35957524],[-127.77321846,58.35546159],[-127.76429073,58.35704686],[-127.75953572,58.34980811],[-127.74849383,58.34986323],[-127.73680663,58.3437832],[-127.71115478,58.35052796],[-127.70585085,58.35689492],[-127.70925247,58.36344112],[-127.70584846,58.36725088],[-127.69999834,58.3687098],[-127.67116437,58.36388748],[-127.6779806,58.35852441],[-127.66294989,58.35509015],[-127.64989676,58.35770068],[-127.64070518,58.34916887],[-127.62914346,58.3498524],[-127.62805646,58.33958418],[-127.63894944,58.33484279],[-127.638725,58.33137092],[-127.61145512,58.32387451],[-127.61780821,58.31605359],[-127.58612182,58.30084406],[-127.59148722,58.29852391],[-127.63919534,58.29957376],[-127.67535777,58.30443763],[-127.69697214,58.29177025],[-127.70508668,58.27857326],[-127.71513722,58.27448504],[-127.71706729,58.2657418],[-127.70008288,58.26358534],[-127.67926598,58.25524988],[-127.67756137,58.25207067],[-127.68507979,58.2456811],[-127.68209803,58.23840972],[-127.67142021,58.23290077],[-127.67084363,58.21978995],[-127.65048897,58.21239777],[-127.65230064,58.20907531],[-127.673282,58.20567676],[-127.6780079,58.20083861],[-127.67026673,58.19720078],[-127.68298924,58.1923749],[-127.6892801,58.18607035],[-127.68121351,58.18430003],[-127.68732836,58.17885286],[-127.68163612,58.16764063],[-127.66376054,58.16427414],[-127.66350377,58.15795672],[-127.65327933,58.15284547],[-127.62946477,58.14902486],[-127.6166145,58.15515536],[-127.59483582,58.15360644],[-127.56667154,58.16322455],[-127.55033641,58.1586178],[-127.55102263,58.14729994],[-127.53907768,58.14735464],[-127.54477005,58.14099807],[-127.53275861,58.14430342],[-127.50793556,58.13778921],[-127.48760586,58.14513658],[-127.47874434,58.14026879],[-127.47570998,58.13497849],[-127.46033807,58.13221414],[-127.45915461,58.12740375],[-127.4490302,58.12049703],[-127.42498697,58.11890722],[-127.40726145,58.11131976],[-127.40168731,58.10396466],[-127.42789572,58.09287808],[-127.43951105,58.09152066],[-127.44026723,58.08589855],[-127.44454995,58.08378697],[-127.44324693,58.07641452],[-127.45913256,58.0761154],[-127.46228268,58.07268729],[-127.47027628,58.07213744],[-127.46848592,58.06410312],[-127.47536822,58.06215607],[-127.4788596,58.05740114],[-127.47636302,58.04921555],[-127.48603181,58.04143489],[-127.48602949,58.03352139],[-127.52250418,58.01411903],[-127.52491417,58.00660107],[-127.54592996,58.00210991],[-127.55954949,58.00468989],[-127.57086047,58.00240224],[-127.57359408,57.99548424],[-127.58942928,57.9842971],[-127.58152418,57.97763322],[-127.55797884,57.97175382],[-127.55877686,57.96538394],[-127.5624677,57.96353019],[-127.55636294,57.96002982],[-127.49147528,57.94440834],[-127.50368592,57.93729507],[-127.50089146,57.93346109],[-127.5059625,57.92718839],[-127.47490823,57.91418744],[-127.47474494,57.90751966],[-127.4618599,57.89676347],[-127.43460311,57.90349944],[-127.4116357,57.91320281],[-127.40068187,57.90978294],[-127.3649254,57.91213053],[-127.35686086,57.91662441],[-127.35819774,57.92011936],[-127.3520138,57.92445806],[-127.35627613,57.9305862],[-127.35368966,57.93379583],[-127.31852201,57.93317927],[-127.30996759,57.94532725],[-127.27678118,57.93898537],[-127.2626022,57.93138436],[-127.26069995,57.9253522],[-127.26363859,57.91965221],[-127.25701994,57.91443192],[-127.27283903,57.90693278],[-127.27667297,57.89976143],[-127.26713238,57.89320812],[-127.2664023,57.88765526],[-127.27551754,57.88459935],[-127.27718078,57.87649219],[-127.28762693,57.87327462],[-127.28423848,57.860786],[-127.29651251,57.85509494],[-127.29446999,57.85152805],[-127.28829357,57.84881999],[-127.2584525,57.85186139],[-127.24927587,57.83812481],[-127.2632315,57.82847107],[-127.26190537,57.8227661],[-127.2267872,57.81779576],[-127.22132208,57.81212304],[-127.20032546,57.81438468],[-127.18343652,57.80713769],[-127.13437245,57.80255944],[-127.11382994,57.80361027],[-127.10093279,57.80730647],[-127.09286579,57.81360733],[-127.07000532,57.81137326],[-127.03840941,57.81483245],[-127.01569735,57.82343915],[-127.00837333,57.82199552],[-127.00122933,57.82536682],[-127.00321398,57.83031323],[-126.99384005,57.84085036],[-127.00283754,57.848382],[-126.98258461,57.8566853],[-126.98231474,57.86528808],[-126.97250517,57.87123572],[-126.96705503,57.88078925],[-126.94927696,57.8833027],[-126.93548679,57.89086069],[-126.92762943,57.90412506],[-126.92880039,57.91172658],[-126.94243014,57.91800352],[-126.95954482,57.93325585],[-126.95732635,57.9449464],[-126.97237922,57.95204711],[-126.97656451,57.95988574],[-126.96321237,57.96872024],[-126.9509113,57.96896215],[-126.94934432,57.97863612],[-126.95276565,57.98115224],[-126.95348392,57.98753933],[-126.94668067,57.99366259],[-126.91936345,57.99731829],[-126.90928679,57.99372514],[-126.88116418,57.99295811],[-126.8756145,57.99600622],[-126.87210441,58.00284092],[-126.85082396,58.00585075],[-126.82754106,58.00475542],[-126.80536052,58.01207627],[-126.77745565,58.01020137],[-126.70801816,58.01972436],[-126.66840441,58.01823591],[-126.6798497,57.98849468],[-126.67148921,57.97839449],[-126.66110746,57.97424602],[-126.66126554,57.96197305],[-126.65660018,57.95566491],[-126.62478452,57.93471272],[-126.60380596,57.92775507],[-126.57067697,57.9490103],[-126.54700151,57.95128305],[-126.54083436,57.94222721],[-126.52551189,57.93465995],[-126.50411739,57.93812393],[-126.47630603,57.9377776],[-126.46365306,57.93171115],[-126.44700011,57.93050635],[-126.44468442,57.92492907],[-126.43183024,57.92450592],[-126.42647332,57.9115656],[-126.41671236,57.90799321],[-126.40173634,57.91953656],[-126.41589806,57.92089944],[-126.41107189,57.92498877],[-126.39149516,57.91937751],[-126.37669783,57.92121005],[-126.37134891,57.91694327],[-126.3702452,57.90806095],[-126.3558638,57.90207904],[-126.34714917,57.90276257],[-126.33987423,57.89095119],[-126.32107928,57.88811575],[-126.32254779,57.88055823],[-126.30985534,57.87483436],[-126.31342408,57.86792369],[-126.311628,57.86472292],[-126.29858688,57.85546874],[-126.28784498,57.85403348],[-126.25864938,57.86042037],[-126.25919142,57.87043683],[-126.24837901,57.87502497],[-126.2476185,57.87832111],[-126.23113669,57.883839],[-126.22856212,57.88996196],[-126.23162432,57.90619963],[-126.24028272,57.91063758],[-126.2402648,57.91675406],[-126.24507964,57.92411895],[-126.23392321,57.93080505],[-126.22170273,57.92890709],[-126.22426748,57.93484216],[-126.22062176,57.93952373],[-126.21535462,57.94025458],[-126.2120734,57.94787367],[-126.18847206,57.94791697],[-126.17286933,57.93443986],[-126.16836431,57.9391839],[-126.1593208,57.93609299],[-126.14507855,57.92929626],[-126.12764871,57.91567483],[-126.10966992,57.91314738],[-126.09336073,57.91829832],[-126.07800572,57.9128882],[-126.06881656,57.9137893],[-126.06539958,57.91612365],[-126.06491905,57.92201716],[-126.0567584,57.92071326],[-126.04554141,57.92421878],[-126.04903004,57.92999199],[-126.04691801,57.93708385],[-126.0671154,57.94505571],[-126.06307785,57.95509284],[-126.067235,57.96232229],[-126.06472985,57.96540321],[-126.04645558,57.96958624],[-126.02990239,57.96612436],[-126.01608938,57.97134629],[-126.01359722,57.96517261],[-125.99952356,57.95550253],[-125.99392581,57.95492145],[-125.98892269,57.95882397],[-125.98932662,57.9650125],[-125.97484438,57.97230043],[-125.96753307,57.98561479],[-125.96794224,57.99055416],[-125.96207284,57.99355501],[-125.94442698,57.98848056],[-125.92479681,57.97626639],[-125.911071,57.9820058],[-125.89515612,57.97390352],[-125.88496051,57.97616733],[-125.86845042,57.96894067],[-125.8444301,57.97934728],[-125.82586113,57.97648461],[-125.82130428,57.97274053],[-125.80625344,57.972484],[-125.7980974,57.9650306],[-125.80183787,57.96125221],[-125.80076602,57.94321347],[-125.7840794,57.93326456],[-125.79182693,57.91834784],[-125.77991922,57.90122988],[-125.76468197,57.89086415],[-125.76255495,57.8865025],[-125.7650895,57.88453665],[-125.75963522,57.88054473],[-125.76127758,57.87642423],[-125.7573796,57.86932873],[-125.74584793,57.86698589],[-125.7428706,57.86096608],[-125.72119316,57.8611994],[-125.70064175,57.86450102],[-125.68628889,57.8715093],[-125.68495245,57.88056947],[-125.67138727,57.87796748],[-125.65112998,57.88014869],[-125.64812295,57.88411513],[-125.66436276,57.89867972],[-125.66674202,57.90587197],[-125.65842286,57.91451083],[-125.64565631,57.91832189],[-125.64898399,57.92543526],[-125.62561384,57.93295403],[-125.61042491,57.92668399],[-125.60506687,57.91460334],[-125.5834254,57.9149905],[-125.55041844,57.92805281],[-125.52518316,57.92763445],[-125.49542139,57.93433037],[-125.48810337,57.94139154],[-125.46964857,57.94323607],[-125.45374463,57.95939594],[-125.45605782,57.96600793],[-125.44617114,57.9677965],[-125.44164501,57.97426359],[-125.38567764,57.98913986],[-125.37318891,57.9895809],[-125.36618594,57.99345321],[-125.34997869,57.99595047],[-125.32567342,57.99347342],[-125.27347372,58.00170247],[-125.25323192,57.99221633],[-125.25188459,57.98781657],[-125.24512003,57.98411197],[-125.23172305,57.98785122],[-125.22064715,57.99650868],[-125.22424825,58.00132235],[-125.20442328,58.01257796],[-125.20402989,58.0189017],[-125.19321775,58.02303519],[-125.16493135,58.022102],[-125.14619167,58.02835798],[-125.12088494,58.02499148],[-125.09121645,58.01487512],[-125.05827635,58.0202553],[-125.0447955,58.0133566],[-125.02286201,58.008995],[-125.01633269,58.00130063],[-125.00568283,58.00657212],[-124.99959912,58.00262437],[-124.98919231,58.00316964],[-124.98523199,57.99361438],[-124.96044419,57.98651867],[-124.95715614,57.99198581],[-124.94282937,57.99300936],[-124.92131801,57.98624855],[-124.9208544,57.96139676],[-124.92841089,57.95409416],[-124.93047602,57.94560434],[-124.92471387,57.94048491],[-124.9257048,57.93182735],[-124.93799259,57.92495734],[-124.94036601,57.92030145],[-124.93568474,57.9145205],[-124.94127261,57.90909397],[-124.94037297,57.90087357],[-124.94652832,57.8985918],[-124.98435795,57.90021586],[-124.99585125,57.89718736],[-124.99943767,57.88901925],[-124.99053635,57.87699315],[-124.97701233,57.86750386],[-124.93843299,57.8633638],[-124.94059142,57.84800282],[-124.92729413,57.82801997],[-124.90821858,57.81966997],[-124.88567119,57.82053253],[-124.87732697,57.81636551],[-124.8698751,57.80404683],[-124.86129741,57.8001931],[-124.86155742,57.79492443],[-124.8530582,57.78865411],[-124.84691493,57.77441565],[-124.83352262,57.77022106],[-124.82380933,57.76181201],[-124.82856716,57.75231072],[-124.82702617,57.74772283],[-124.83406235,57.74389467],[-124.83210061,57.73924598],[-124.84051811,57.73394382],[-124.8317521,57.73597625],[-124.80617019,57.73272732],[-124.79868677,57.72548834],[-124.79084891,57.72298588],[-124.78086177,57.72979219],[-124.77285683,57.7273331],[-124.74219535,57.7281638],[-124.73541156,57.71929613],[-124.72827567,57.71793262],[-124.69505679,57.72003201],[-124.69281771,57.71555228],[-124.69589381,57.70642286],[-124.68274322,57.70223214],[-124.67135847,57.70754051],[-124.66332149,57.70269365],[-124.66565694,57.690283],[-124.65921703,57.68466029],[-124.66645087,57.6775239],[-124.66203522,57.67461981],[-124.63337353,57.67715746],[-124.62167531,57.67490105],[-124.60440642,57.666082],[-124.59088662,57.67582956],[-124.59342663,57.68384776],[-124.5907588,57.68849909],[-124.57827358,57.68018823],[-124.55950548,57.6789391],[-124.55159278,57.67389272],[-124.52852599,57.67098842],[-124.51796776,57.66461645],[-124.50096796,57.66565521],[-124.49397294,57.66141643],[-124.48429255,57.66385717],[-124.45024425,57.64903335],[-124.45788197,57.63423016],[-124.44947768,57.61937756],[-124.45296164,57.61484533],[-124.45037972,57.60346552],[-124.4382386,57.59873502],[-124.43682872,57.59159984],[-124.41519022,57.58966109],[-124.40315107,57.58077608],[-124.40798779,57.56330194],[-124.40558056,57.55324464],[-124.37388404,57.55187225],[-124.37120231,57.54980504],[-124.37186191,57.54144566],[-124.36326007,57.5331579],[-124.32864273,57.5194953],[-124.30569019,57.52050539],[-124.30106007,57.51332078],[-124.29358204,57.50960113],[-124.30101929,57.5083],[-124.30826496,57.49918704],[-124.26731754,57.49214907],[-124.24152475,57.49719098],[-124.24277571,57.50269558],[-124.23952985,57.50500936],[-124.17151145,57.50132588],[-124.17347764,57.4973913],[-124.18003332,57.49544446],[-124.17801624,57.4936179],[-124.18070408,57.49133267],[-124.17997524,57.48095895],[-124.1898664,57.48029571],[-124.20516673,57.47242577],[-124.17955663,57.46816636],[-124.17795985,57.46482621],[-124.18268687,57.45544537],[-124.14320732,57.45866332],[-124.13615781,57.45123454],[-124.12236479,57.45130428],[-124.13133616,57.44583865],[-124.13790985,57.43443811],[-124.1149115,57.42397148],[-124.12243304,57.41048414],[-124.13229855,57.40833828],[-124.13307725,57.40256564],[-124.11537849,57.39377548],[-124.0895223,57.39379353],[-124.08624089,57.38619488],[-124.09657245,57.37976177],[-124.09830651,57.37496194],[-124.09312941,57.37002273],[-124.10272936,57.36990272],[-124.10471134,57.35682357],[-124.09330915,57.34620039],[-124.0776036,57.34489379],[-124.075166,57.3286109],[-124.08241721,57.31329763],[-124.13773047,57.30404176],[-124.14873318,57.30506424],[-124.16123666,57.29762384],[-124.17617731,57.29584239],[-124.17879425,57.29192323],[-124.17082422,57.28479253],[-124.17263484,57.27619482],[-124.18239171,57.26921223],[-124.18193443,57.25984197],[-124.16613852,57.25189029],[-124.14979538,57.24994057],[-124.14878319,57.24453574],[-124.15298806,57.23340158],[-124.13816117,57.22816432],[-124.13365777,57.21757827],[-124.11433315,57.21445911],[-124.09305382,57.20454136],[-124.09918126,57.19831853],[-124.09460107,57.19435145],[-124.09908327,57.18852179],[-124.08362647,57.18344839],[-124.06900165,57.16745107],[-124.0537003,57.16905713],[-124.02947234,57.15850182],[-124.02648031,57.15301917],[-124.01473548,57.15139831],[-124.00787981,57.14733522],[-124.01221935,57.13526852],[-123.99662128,57.12936285],[-123.99629812,57.12390813],[-123.9722579,57.11786625],[-123.9331023,57.10009084],[-123.925577,57.08992947],[-123.92551257,57.08125435],[-123.91927453,57.07476908],[-123.92051657,57.06670346],[-123.92751665,57.06432498],[-123.92461093,57.05508574],[-123.95108559,57.05374684],[-123.9744969,57.0442654],[-123.97256115,57.04113668],[-123.98282822,57.02820666],[-123.98321951,57.01441046],[-123.95834801,57.01304409],[-123.94967938,57.00561879],[-123.94060027,57.00735319],[-123.93267738,56.99691393],[-123.91073731,56.99823611],[-123.89794121,56.99457939],[-123.90263783,56.9902741],[-123.89785381,56.98734828],[-123.9064605,56.97629119],[-123.89445757,56.97450553],[-123.89350865,56.96873023],[-123.90187591,56.95906768],[-123.90762019,56.95805493],[-123.90760329,56.95169284],[-123.89093196,56.94537206],[-123.88558087,56.93744241],[-123.86668404,56.9389036],[-123.85894838,56.93107485],[-123.84632752,56.9272307],[-123.83202493,56.93266859],[-123.81242227,56.92477062],[-123.79069556,56.92999582],[-123.78341185,56.9325309],[-123.77554545,56.94243678],[-123.77766865,56.9472377],[-123.76755964,56.95305441],[-123.75101436,56.95460552],[-123.74290207,56.94802976],[-123.72044432,56.9472263],[-123.71030625,56.96190628],[-123.692203,56.97189055],[-123.68575203,56.98524654],[-123.66541723,56.97848017],[-123.65604356,56.97961547],[-123.64086097,56.96776596],[-123.63180211,56.96819885],[-123.63982252,56.97819195],[-123.63052432,56.98582294],[-123.63160058,56.99073877],[-123.62530463,56.99500675],[-123.60898302,56.99584246],[-123.6119126,57.01138467],[-123.60828981,57.0140315],[-123.60043898,57.01313242],[-123.59412043,57.0068625],[-123.57072158,57.00979936],[-123.55838217,57.00631685],[-123.5525625,57.00688139],[-123.55086588,57.01202628],[-123.52681633,57.01371648],[-123.51180824,57.01923527],[-123.52020818,57.02923925],[-123.52008643,57.03544659],[-123.51160294,57.04087104],[-123.50405569,57.05342427],[-123.48125461,57.04684512],[-123.47990166,57.04383626],[-123.44784581,57.04979097],[-123.45202459,57.06557267],[-123.44418077,57.07088231],[-123.4380598,57.08058866],[-123.41527396,57.09018538],[-123.4083862,57.08513026],[-123.39877068,57.08422782],[-123.39602306,57.0876022],[-123.39836938,57.09469591],[-123.38273181,57.09666173],[-123.37542529,57.10004401],[-123.37151516,57.10600751],[-123.3631208,57.1067644],[-123.33873542,57.09195403],[-123.33642713,57.08730229],[-123.3273547,57.08448688],[-123.31536535,57.08966162],[-123.31616644,57.09322077],[-123.30702729,57.09804528],[-123.29547841,57.09804181],[-123.28192218,57.09170405],[-123.26125492,57.09994631],[-123.2381118,57.09353453],[-123.22578478,57.08463283],[-123.20288138,57.08440814],[-123.19885123,57.07781348],[-123.17797651,57.06988494],[-123.14977775,57.07223437],[-123.13620637,57.067638],[-123.13256291,57.07623865],[-123.11371719,57.08209672],[-123.11414995,57.08983953],[-123.10637862,57.09408631],[-123.10348477,57.1003579],[-123.10987664,57.10926491],[-123.11152837,57.11586618],[-123.10928725,57.11931256],[-123.11342084,57.12183233],[-123.11452871,57.12924258],[-123.12135461,57.13406478],[-123.12307716,57.14012129],[-123.12237072,57.14528756],[-123.10122625,57.15366951],[-123.06252768,57.14381923],[-123.05575432,57.14568789],[-123.04866663,57.14149326],[-123.03896733,57.14583882],[-123.00845928,57.14636603],[-122.99120441,57.15006601],[-122.97059944,57.15592171],[-122.96316543,57.16123095],[-122.93415275,57.15593044],[-122.93281266,57.14731875],[-122.9234847,57.14411321],[-122.91275598,57.13431276],[-122.91240791,57.1297682],[-122.90658924,57.12837966],[-122.87100074,57.14307901],[-122.86736745,57.14830128],[-122.85394964,57.1509963],[-122.85214688,57.15320656],[-122.85668981,57.15712113],[-122.85078017,57.15867606],[-122.84986605,57.1632209],[-122.82610879,57.16850172],[-122.84060974,57.19160737],[-122.83940061,57.19385099],[-122.80971079,57.1893457],[-122.80164468,57.18035427],[-122.77925518,57.17388981],[-122.77337711,57.1745312],[-122.76674924,57.18248194],[-122.75115429,57.18065463],[-122.73536641,57.18363472],[-122.71278216,57.17765302],[-122.70515404,57.18211465],[-122.68762107,57.16675857],[-122.67739563,57.16463195],[-122.67429388,57.16521271],[-122.67510574,57.17287718],[-122.67021683,57.18206713],[-122.6556258,57.18402258],[-122.65218698,57.19507464],[-122.62837139,57.19060955],[-122.60922875,57.19255917],[-122.57782663,57.17693104],[-122.53846984,57.16572953],[-122.53432333,57.17272439],[-122.52174113,57.17817871],[-122.49561533,57.18082997],[-122.49491856,57.18357387],[-122.50134009,57.18865512],[-122.48628655,57.19011168],[-122.47960907,57.20535099],[-122.47156908,57.20707328],[-122.48671552,57.21514528],[-122.48970509,57.22274046],[-122.49800449,57.22546304],[-122.49789791,57.23329041],[-122.49432847,57.23706731],[-122.50606136,57.24343843],[-122.51060829,57.25287349],[-122.50868771,57.26207886],[-122.48777273,57.26457848],[-122.48706816,57.26697786],[-122.49404155,57.2720058],[-122.49294652,57.27648874],[-122.47468273,57.28542259],[-122.45900495,57.28717908],[-122.45113154,57.29382393],[-122.42592768,57.29444401],[-122.42170715,57.2991949],[-122.42518131,57.30903313],[-122.41752711,57.31376213],[-122.38853536,57.3171337],[-122.36817724,57.32759357],[-122.32881009,57.32112802],[-122.33092577,57.33034674],[-122.30711625,57.3369301],[-122.30265863,57.34338508],[-122.28969485,57.34796997],[-122.27250537,57.34411658],[-122.25767693,57.3446406],[-122.24782609,57.33902653],[-122.22979538,57.33649694],[-122.21056441,57.35086703],[-122.20072058,57.35223239],[-122.19997812,57.35773802],[-122.20275671,57.35901053],[-122.19960921,57.36233628],[-122.18408963,57.36237199],[-122.17178841,57.35510466],[-122.14189861,57.35880802],[-122.12551982,57.35521372],[-122.09604313,57.3586518],[-122.07884618,57.36725903],[-122.05234807,57.35948534],[-122.03130582,57.36577953],[-121.99619239,57.35920739],[-121.97745207,57.36173844],[-121.98381555,57.3688637],[-121.98301322,57.37400353],[-121.97897665,57.37690561],[-121.98086694,57.38004643],[-121.96863557,57.38887657],[-121.96541523,57.39926058],[-121.95541486,57.40215621],[-121.95308587,57.40682023],[-121.93677632,57.40924946],[-121.92595153,57.42001408],[-121.92502141,57.42560145],[-121.90604619,57.43123776],[-121.89899227,57.43723161],[-121.89831659,57.44028372],[-121.90344471,57.44184714],[-121.89782468,57.44693467],[-121.91053301,57.46393951],[-121.89884542,57.47681087],[-121.90019527,57.4870183],[-121.88222741,57.50244196],[-121.86289798,57.50319709],[-121.82940244,57.49508497],[-121.82396851,57.49618615],[-121.8208219,57.48700721],[-121.80198177,57.48126786],[-121.81019477,57.47782945],[-121.81003333,57.4732101],[-121.79075253,57.47458012],[-121.77315529,57.47019451],[-121.78494217,57.46399993],[-121.78202523,57.46197044],[-121.76941693,57.464227],[-121.76268427,57.46749718],[-121.76323326,57.47211238],[-121.7454728,57.47746877],[-121.72397383,57.47647318],[-121.70996537,57.48062957],[-121.69545682,57.47297382],[-121.6782372,57.47256094],[-121.67706135,57.46989095],[-121.65097405,57.47240044],[-121.63704794,57.46816796],[-121.62244564,57.47467432],[-121.61916067,57.47071713],[-121.60897923,57.47313613],[-121.57582049,57.47089197],[-121.55132885,57.47320424],[-121.54185877,57.47036882],[-121.53708799,57.4653986],[-121.51940271,57.4645098],[-121.50572427,57.46648055],[-121.50325027,57.47430027],[-121.49742879,57.47278359],[-121.48054884,57.47629124],[-121.48014813,57.47170014],[-121.47409122,57.47399455],[-121.4632475,57.471361],[-121.44975285,57.47401544],[-121.44415866,57.48285551],[-121.43515537,57.47636633],[-121.42706491,57.48001365],[-121.42340418,57.48669268],[-121.42009514,57.48024977],[-121.41096852,57.47710318],[-121.40812052,57.47226553],[-121.3792241,57.45730483],[-121.36842491,57.45514548],[-121.36210693,57.45745149],[-121.35683216,57.48872047],[-121.35191113,57.49528166],[-121.34080416,57.49575737],[-121.32694072,57.48832298],[-121.31786644,57.48855766],[-121.31597787,57.49228774],[-121.30851843,57.49379936],[-121.30207043,57.49027645],[-121.2830264,57.49162537],[-121.27656644,57.49571802],[-121.27301614,57.50729645],[-121.2573277,57.51493631],[-121.25030976,57.51022174],[-121.24678313,57.4991635],[-121.23015229,57.49030713],[-121.23010762,57.48688318],[-121.22204293,57.48026612],[-121.20951872,57.47766467],[-121.1981777,57.47977472],[-121.19709003,57.48731692],[-121.16724193,57.49585002],[-121.17194596,57.49985646],[-121.1715589,57.5046098],[-121.16330053,57.50811462],[-121.16847237,57.51034617],[-121.16643491,57.51431424],[-121.14475881,57.51690905],[-121.13844476,57.51096671],[-121.13036448,57.50932866],[-121.12896276,57.50407419],[-121.13530615,57.49492734],[-121.11931314,57.49771406],[-121.11634838,57.4925745],[-121.11953317,57.48581581],[-121.10481016,57.48081571],[-121.10589691,57.46996555],[-121.07483723,57.46249872],[-121.07881476,57.45782367],[-121.07597838,57.45425878],[-121.05150914,57.45498843],[-121.04613873,57.4576404],[-121.04304296,57.46513919],[-121.0205173,57.46249345],[-121.01831554,57.45988161],[-121.02240059,57.45632123],[-121.03558472,57.45383402],[-121.03387859,57.44841728],[-121.04682378,57.44483344],[-121.05412432,57.43497717],[-121.03637599,57.43016029],[-121.03058425,57.40982826],[-121.03742026,57.404492],[-121.03647419,57.40207966],[-120.99813551,57.38754676],[-120.98910354,57.39500641],[-120.9585762,57.40597737],[-120.94877318,57.40216856],[-120.9401365,57.41074533],[-120.91246705,57.4075285],[-120.90090466,57.41310482],[-120.89313452,57.41259269],[-120.87545766,57.41861123],[-120.87180727,57.41718414],[-120.87267562,57.40512072],[-120.87035997,57.40315677],[-120.84312016,57.39445264],[-120.84508409,57.39944568],[-120.84058412,57.41266353],[-120.84463168,57.42681744],[-120.83636045,57.43339121],[-120.82573337,57.42571914],[-120.80984393,57.4222486],[-120.80328453,57.41208828],[-120.7918857,57.41009678],[-120.78861806,57.41132824],[-120.78735855,57.41734881],[-120.77400564,57.41938749],[-120.77301279,57.42411821],[-120.76852809,57.42495012],[-120.76541067,57.43073483],[-120.73649086,57.4322892],[-120.72700498,57.42856356],[-120.72245134,57.43203162],[-120.7050857,57.43145527],[-120.6711713,57.44497507],[-120.66711385,57.44214511],[-120.67289776,57.43079674],[-120.67047419,57.42593551],[-120.64498268,57.42282897],[-120.62982668,57.42901575],[-120.62878865,57.44014764],[-120.62048725,57.44399448],[-120.60387238,57.43972462],[-120.60442671,57.42900445],[-120.59641422,57.42620176],[-120.56949934,57.42567048],[-120.53399727,57.43543477],[-120.5237675,57.43345037],[-120.51483231,57.42738285],[-120.50451397,57.4349353],[-120.50005136,57.4341987],[-120.49777775,57.42982087],[-120.48518654,57.42964239],[-120.4803888,57.44558219],[-120.48156797,57.45070715],[-120.48580739,57.45241652],[-120.48493168,57.45784311],[-120.47383521,57.46398727],[-120.45928611,57.46447443],[-120.44764726,57.45525548],[-120.42710326,57.4540822],[-120.41530873,57.44357603],[-120.3919351,57.44915171],[-120.38264238,57.44480436],[-120.36955893,57.45570865],[-120.35869179,57.45658748],[-120.36241098,57.46993117],[-120.35099566,57.47595565],[-120.35174827,57.47992734],[-120.33624189,57.48402965],[-120.33600868,57.4910202],[-120.32705161,57.49719736],[-120.31489646,57.49678614],[-120.30398326,57.50319457],[-120.25311433,57.49719403],[-120.25061973,57.49820522],[-120.25297807,57.50265531],[-120.22945393,57.50582299],[-120.2266415,57.51368874],[-120.2072772,57.50114106],[-120.20551331,57.50629808],[-120.20840951,57.51314956],[-120.20115481,57.5191435],[-120.20065952,57.5284778],[-120.19113452,57.53161222],[-120.16342447,57.53085666],[-120.15625285,57.52494338],[-120.15757683,57.51874682],[-120.15251797,57.51814865],[-120.11675888,57.52148851],[-120.10906762,57.5185976],[-120.08338943,57.52722247],[-120.09567891,57.54468245],[-120.10455105,57.5490567]]]}},{"type":"Feature","properties":{"name":"Nanaimo"},"geometry":{"type":"Polygon","coordinates":[[[-125.99403189,51.49958669],[-125.99736654,51.49294719],[-126.02786222,51.46724873],[-126.05579825,51.45581097],[-126.13945247,51.44072027],[-126.18214062,51.44515307],[-126.19217437,51.4377443],[-126.2048231,51.44281005],[-126.21550709,51.45257944],[-126.23782827,51.45447972],[-126.24404318,51.44940903],[-126.26367149,51.45261308],[-126.27263422,51.44864844],[-126.27645364,51.45168238],[-126.28102573,51.44980993],[-126.29058969,51.45720891],[-126.29974249,51.45651649],[-126.30874866,51.4621916],[-126.3238793,51.45728608],[-126.34686038,51.4623644],[-126.36507095,51.45068279],[-126.36850772,51.4590798],[-126.37970581,51.46183983],[-126.37250323,51.47471097],[-126.3961883,51.47728079],[-126.41881319,51.47399055],[-126.42031705,51.47732765],[-126.42670374,51.47619657],[-126.42598867,51.48116357],[-126.44088842,51.48786215],[-126.45142362,51.48527641],[-126.45658735,51.46600252],[-126.46549925,51.45543897],[-126.47393907,51.45437585],[-126.48039464,51.4485877],[-126.4810785,51.43922233],[-126.49446233,51.42548784],[-126.506342,51.42714422],[-126.50795071,51.42296956],[-126.52423014,51.41928118],[-126.53699776,51.41053975],[-126.54819783,51.41684834],[-126.55564616,51.41637905],[-126.56972622,51.40483652],[-126.5924623,51.4057602],[-126.59826746,51.42027784],[-126.61124432,51.42046678],[-126.62054524,51.4388692],[-126.63348427,51.44449615],[-126.66260424,51.44939282],[-126.69928108,51.47947416],[-126.71186635,51.4703674],[-126.70926677,51.45800927],[-126.72093912,51.45238219],[-126.73141318,51.4342343],[-126.71690475,51.42627665],[-126.71133279,51.41910239],[-126.71224288,51.41528025],[-126.70110516,51.40739521],[-126.70048367,51.39498577],[-126.71433497,51.39072384],[-126.71230114,51.37573683],[-126.72198466,51.36399458],[-126.73064871,51.35893753],[-126.72233923,51.34626659],[-126.73685693,51.33689356],[-126.7507924,51.33288543],[-126.75408559,51.31398141],[-126.76081003,51.31455977],[-126.77123914,51.31007763],[-126.76634258,51.30311781],[-126.7668358,51.2984868],[-126.81224216,51.29430774],[-126.82029712,51.29988562],[-126.81523111,51.31151384],[-126.81979869,51.32113335],[-126.85338504,51.32066593],[-126.86233205,51.3162157],[-126.86820719,51.30635831],[-126.89140152,51.30665276],[-126.90004914,51.29186559],[-126.9217281,51.2846697],[-126.92130348,51.27892143],[-126.91731121,51.27724028],[-126.91940275,51.27101367],[-126.91285906,51.26080584],[-126.92187391,51.25673037],[-126.91897298,51.24883171],[-126.92274263,51.24218101],[-126.94412371,51.23959955],[-126.95866577,51.23353658],[-126.98178485,51.23732886],[-126.99175122,51.24223138],[-127.00621202,51.23958248],[-127.02848039,51.23014815],[-127.0440543,51.23587312],[-127.07041328,51.2323984],[-127.08669883,51.22883914],[-127.07911174,51.22733558],[-127.08360419,51.2206324],[-127.09586931,51.22238779],[-127.12881657,51.21813263],[-127.14661413,51.20802208],[-127.16832863,51.20666941],[-127.16788612,51.20272002],[-127.19605799,51.20547798],[-127.21014413,51.1987875],[-127.21549184,51.20239453],[-127.21627604,51.20767626],[-127.23620914,51.21953063],[-127.26815489,51.21944542],[-127.27181113,51.2151153],[-127.26700469,51.21167207],[-127.30912044,51.21454551],[-127.32332868,51.20892697],[-127.34655291,51.2185524],[-127.36928326,51.21609229],[-127.38692735,51.22321068],[-127.38777371,51.23018534],[-127.41021196,51.22726385],[-127.42030003,51.22965782],[-127.44566099,51.22831154],[-127.47979744,51.23349122],[-127.48495836,51.23236344],[-127.48919913,51.22185924],[-127.47142639,51.21807948],[-127.45670884,51.2041879],[-127.47342005,51.20169936],[-127.48272784,51.20543926],[-127.4962043,51.20018873],[-127.53289747,51.20165534],[-127.53692941,51.198818],[-127.5744499,51.19700696],[-127.5788454,51.19302201],[-127.5961359,51.19000248],[-127.60078927,51.18633961],[-127.61341381,51.19117967],[-127.6512417,51.18436476],[-127.66376467,51.19323559],[-127.71588993,51.19048495],[-127.71597733,51.16156079],[-127.75474956,51.16157964],[-127.99999449,51.10188794],[-128.09284541,51.07227261],[-128.35821564,50.92856304],[-128.33526312,50.80207685],[-128.33036298,50.79499447],[-128.32308202,50.79644558],[-128.31199684,50.78990576],[-128.30801662,50.78178848],[-128.30154965,50.78062381],[-128.28683518,50.78507628],[-128.27798925,50.78340848],[-128.27697743,50.77307178],[-128.2664306,50.76615487],[-128.26339966,50.7711644],[-128.250451,50.7676454],[-128.23394472,50.77097511],[-128.23116606,50.76554113],[-128.21571664,50.76400796],[-128.20793606,50.7544933],[-128.18476743,50.75752715],[-128.18090955,50.75051185],[-128.19097977,50.74026868],[-128.18221275,50.73052437],[-128.1688414,50.72128954],[-128.16857658,50.7287158],[-128.15434128,50.72845046],[-128.14598521,50.72281851],[-128.13619039,50.72200322],[-128.13150648,50.70666304],[-128.12236984,50.69625214],[-128.11067644,50.70039147],[-128.10731158,50.69265813],[-128.09937856,50.69650056],[-128.08421932,50.69730873],[-128.08068825,50.7035376],[-128.06513014,50.70508911],[-128.03653711,50.69118537],[-128.03503704,50.70161545],[-128.02657583,50.70510888],[-128.03314394,50.71466803],[-128.02959361,50.72766736],[-128.02324474,50.72932027],[-128.0288632,50.74247466],[-128.01417176,50.75802613],[-128.00442654,50.76118227],[-127.99711186,50.75870294],[-127.98952912,50.763072],[-127.9816289,50.75399669],[-127.98543121,50.73776083],[-127.99538529,50.72520167],[-127.99345141,50.7207697],[-127.9754244,50.71260914],[-127.9588695,50.71555671],[-127.95303234,50.7205545],[-127.94068575,50.71569791],[-127.93447223,50.70965164],[-127.9079782,50.71766675],[-127.90696629,50.71362086],[-127.90168294,50.71151568],[-127.90071077,50.7052962],[-127.89014909,50.69923948],[-127.90072956,50.69237717],[-127.90051226,50.68636654],[-127.90531322,50.6831014],[-127.90663992,50.67610842],[-127.89925156,50.67571552],[-127.88782301,50.66920485],[-127.88058904,50.67007852],[-127.87448943,50.66119687],[-127.86325956,50.65780526],[-127.85241142,50.66099071],[-127.85884772,50.67018127],[-127.8464692,50.67843987],[-127.82848245,50.67427864],[-127.81235657,50.67967321],[-127.80085506,50.66969891],[-127.79010097,50.66867019],[-127.78912253,50.66314731],[-127.77917695,50.66579603],[-127.76462868,50.66448895],[-127.75596269,50.65717323],[-127.76245324,50.66499846],[-127.75472248,50.67575367],[-127.73200468,50.67611096],[-127.72648661,50.68008774],[-127.69913587,50.6757123],[-127.68880258,50.68122669],[-127.67117592,50.67186778],[-127.64357992,50.66982653],[-127.6394985,50.64158377],[-127.63403435,50.63749022],[-127.63811458,50.63028115],[-127.59468127,50.62069793],[-127.54571673,50.62731167],[-127.540508,50.63199443],[-127.5298532,50.63411797],[-127.48035892,50.63367504],[-127.45976637,50.64415369],[-127.44023507,50.64227886],[-127.43066268,50.64603092],[-127.4119322,50.6391694],[-127.39504263,50.64340561],[-127.39043473,50.63502131],[-127.39195353,50.62790143],[-127.37218756,50.62735758],[-127.36927037,50.63354758],[-127.3622068,50.63410752],[-127.35402368,50.6304993],[-127.35138374,50.62532402],[-127.33728142,50.62304802],[-127.33408148,50.61148846],[-127.32190384,50.60271821],[-127.30974081,50.60278329],[-127.29125113,50.58572023],[-127.29117194,50.58295988],[-127.29794159,50.58106613],[-127.29645948,50.57698048],[-127.26689571,50.56690637],[-127.26484966,50.56472036],[-127.26755099,50.5593242],[-127.25566333,50.55551383],[-127.25589307,50.54596412],[-127.26232459,50.5409992],[-127.26205219,50.53571591],[-127.24305844,50.52567211],[-127.24726738,50.51655097],[-127.24311615,50.5109751],[-127.25136233,50.50894328],[-127.25147263,50.50262487],[-127.24744713,50.4997508],[-127.22320573,50.50705522],[-127.21806606,50.49875024],[-127.21840289,50.48847547],[-127.21119698,50.48311205],[-127.21137721,50.47646703],[-127.20163884,50.46955513],[-127.19091576,50.47488213],[-127.19041812,50.47004501],[-127.18308336,50.46638006],[-127.18120321,50.45741261],[-127.18723264,50.45246473],[-127.18683643,50.4480785],[-127.17783943,50.43889913],[-127.18234285,50.43407765],[-127.17259532,50.43055892],[-127.15999352,50.41751577],[-127.16388841,50.40882119],[-127.17422218,50.40131651],[-127.16897406,50.3979996],[-127.16861094,50.3929353],[-127.17450032,50.39106607],[-127.16644945,50.38476069],[-127.15019581,50.38084256],[-127.14813768,50.37294953],[-127.14273577,50.37064454],[-127.13771303,50.37238529],[-127.13682616,50.36357448],[-127.12850389,50.36169136],[-127.11922769,50.35453886],[-127.09854757,50.35147736],[-127.09765648,50.36563393],[-127.08858967,50.36346987],[-127.0773563,50.34929831],[-127.08940504,50.33944585],[-127.08022803,50.3351875],[-127.07139108,50.33572558],[-127.06872953,50.32585373],[-127.06094106,50.32729367],[-127.04959718,50.32289399],[-127.04663741,50.3187203],[-127.05153366,50.31213305],[-127.04673658,50.30925976],[-127.04591859,50.30405625],[-127.03337715,50.30019757],[-127.02538601,50.2866013],[-127.01425109,50.28018489],[-127.00557245,50.28179046],[-126.99962316,50.27754196],[-126.99862938,50.27081435],[-126.99201321,50.27078181],[-127.00098094,50.2657007],[-126.99863269,50.24679424],[-127.00805831,50.24162114],[-127.01523761,50.22964044],[-127.01072214,50.21959767],[-127.01490547,50.21721715],[-127.0234716,50.21868188],[-127.02422261,50.21527601],[-127.03030979,50.21346653],[-127.01133479,50.19440512],[-127.00385483,50.19091602],[-127.00151839,50.19434186],[-126.99399827,50.19462281],[-126.97862043,50.18980959],[-126.95913815,50.19065152],[-126.93891721,50.1815415],[-126.92579893,50.19261448],[-126.91287553,50.19322388],[-126.90219779,50.18740937],[-126.90018508,50.18099588],[-126.88574426,50.17374403],[-126.88548781,50.1630535],[-126.87536305,50.16096179],[-126.86939389,50.15539243],[-126.86370387,50.1556928],[-126.85543284,50.14658484],[-126.84238036,50.14135694],[-126.81650043,50.1446351],[-126.81424466,50.15507372],[-126.8208875,50.17299029],[-126.80831401,50.17172022],[-126.80539505,50.16848025],[-126.79901492,50.17518189],[-126.79121157,50.17520445],[-126.78280843,50.17957909],[-126.7824959,50.18445438],[-126.77929218,50.1728185],[-126.78888172,50.16763165],[-126.77835356,50.15372958],[-126.76538212,50.14780946],[-126.76328692,50.14335241],[-126.76934465,50.13460412],[-126.78669219,50.13172299],[-126.78826729,50.12317227],[-126.74973616,50.1094659],[-126.74570997,50.10294595],[-126.74416037,50.10826484],[-126.73065949,50.1080631],[-126.70925587,50.11572564],[-126.70233578,50.11239892],[-126.69594493,50.11527232],[-126.6807015,50.10544259],[-126.67924039,50.09911054],[-126.66815288,50.09734731],[-126.66544268,50.09040231],[-126.64845309,50.09335572],[-126.65097594,50.07417058],[-126.65676449,50.07042444],[-126.66409993,50.06888974],[-126.67756934,50.07347791],[-126.67525391,50.06784024],[-126.68082577,50.06409355],[-126.69799059,50.06225423],[-126.69461155,50.0564292],[-126.70030134,50.04896322],[-126.6885627,50.04014367],[-126.69601003,50.03272235],[-126.68047495,50.02815356],[-126.67054601,50.01556202],[-126.65820778,50.01766907],[-126.64206523,50.02735302],[-126.6292413,50.02872352],[-126.60148917,50.02468093],[-126.59444145,50.02849583],[-126.58194355,50.02669777],[-126.56128889,50.03010075],[-126.55940287,50.02611751],[-126.56360701,50.02130355],[-126.54814062,50.01534074],[-126.54706776,50.01052265],[-126.55622864,50.00272838],[-126.56794884,50.00030384],[-126.57227505,49.9918615],[-126.556597,49.98175316],[-126.53429683,49.98073223],[-126.52758697,49.97740488],[-126.51735472,49.96985223],[-126.51243141,49.96028294],[-126.49275477,49.9652249],[-126.47653318,49.94977665],[-126.4844065,49.94299924],[-126.47123515,49.93457324],[-126.47031685,49.92908394],[-126.47808942,49.92049821],[-126.47122778,49.91832497],[-126.46664958,49.91047458],[-126.46089001,49.907988],[-126.42452125,49.91735308],[-126.41541514,49.9104908],[-126.38882704,49.90738169],[-126.38098303,49.90850342],[-126.37239048,49.91508281],[-126.34444113,49.92214715],[-126.34164942,49.92483929],[-126.34323814,49.93254054],[-126.35595077,49.94164364],[-126.35033836,49.94796513],[-126.34461308,49.9513055],[-126.32477815,49.95347163],[-126.3215902,49.95944885],[-126.30798257,49.96687904],[-126.30509405,49.97289135],[-126.28518902,49.97581071],[-126.2815389,49.98056615],[-126.26106836,49.99058629],[-126.2310958,50.01461812],[-126.218777,50.01449388],[-126.2067446,50.009046],[-126.20506252,50.00397125],[-126.21027551,49.99856879],[-126.19879547,49.99146909],[-126.19568863,49.98422822],[-126.18256248,49.99434561],[-126.17373502,49.99377554],[-126.17981601,50.00032996],[-126.17788279,50.00331794],[-126.18114616,50.01478825],[-126.1783905,50.02079152],[-126.1568833,50.01793172],[-126.13752956,50.02327256],[-126.13176666,50.03008797],[-126.10913601,50.02856423],[-126.10391734,50.0324856],[-126.0888152,50.02988666],[-126.07262241,50.01450847],[-126.05541442,50.01483259],[-126.04248348,50.01045445],[-126.03731026,50.0008546],[-126.02559058,49.99810575],[-126.00137927,50.0059495],[-125.98563508,50.00128649],[-125.9620178,50.00585529],[-125.95290916,50.00033446],[-125.94430036,50.00130477],[-125.93053996,50.00619614],[-125.9144302,50.0194466],[-125.91380901,50.00019441],[-125.90336185,49.99492628],[-125.905687,49.98752625],[-125.89441989,49.98051396],[-125.89338121,49.97604119],[-125.91069668,49.96421854],[-125.90883665,49.95740131],[-125.91645852,49.95194703],[-125.91556694,49.94621958],[-125.92110879,49.9398029],[-125.91831665,49.93745247],[-125.92006242,49.92681987],[-125.90872182,49.91723628],[-125.91512222,49.90532651],[-125.9133603,49.89997285],[-125.89215626,49.90333659],[-125.88307399,49.89980759],[-125.88127121,49.88849769],[-125.8849341,49.88248466],[-125.88010031,49.87132107],[-125.88458661,49.86876639],[-125.88720895,49.86149472],[-125.89833228,49.85569053],[-125.89987706,49.84778875],[-125.913129,49.8326696],[-125.90624357,49.82389786],[-125.91831782,49.81648803],[-125.91164305,49.80867093],[-125.91820019,49.80553304],[-125.91466745,49.77326212],[-125.90496912,49.76510899],[-125.89615603,49.75162259],[-125.89123864,49.75146885],[-125.88431553,49.74354288],[-125.86375934,49.74562761],[-125.85256681,49.73965139],[-125.8487959,49.72712212],[-125.83468451,49.72673094],[-125.83140232,49.7190929],[-125.84020815,49.71620531],[-125.82898877,49.70389396],[-125.82239344,49.70115819],[-125.81971887,49.69059876],[-125.80644335,49.69202802],[-125.80153085,49.66341303],[-125.77888953,49.66035564],[-125.76913897,49.6548995],[-125.76460834,49.65853437],[-125.75569065,49.65873821],[-125.74495396,49.64943937],[-125.73365743,49.64571065],[-125.73656629,49.63714213],[-125.72969055,49.63066765],[-125.73211571,49.6256965],[-125.70174105,49.62865847],[-125.69057307,49.60322559],[-125.72096781,49.60200173],[-125.72554907,49.59879918],[-125.7228536,49.59610098],[-125.72697449,49.5920184],[-125.72754392,49.5852936],[-125.71831505,49.58117336],[-125.74509876,49.57615203],[-125.75102901,49.56865196],[-125.72999156,49.55695137],[-125.73802982,49.54975333],[-125.73060067,49.54417129],[-125.73340439,49.53889598],[-125.72968614,49.53718451],[-125.73618235,49.53408943],[-125.74142257,49.52569514],[-125.73689231,49.52051492],[-125.73942719,49.5169463],[-125.73101587,49.51308788],[-125.71430855,49.51445291],[-125.70260817,49.51198312],[-125.6935228,49.51684641],[-125.68090822,49.51130974],[-125.64409507,49.51714383],[-125.63352526,49.512156],[-125.63583336,49.497513],[-125.62948976,49.49320955],[-125.62340725,49.4946703],[-125.61837619,49.50114683],[-125.59751225,49.50677239],[-125.57011503,49.49883615],[-125.56254847,49.48855044],[-125.54327692,49.48918295],[-125.52006664,49.47853585],[-125.49741286,49.47830703],[-125.49202425,49.48410063],[-125.49115247,49.49640826],[-125.48853525,49.49791309],[-125.49226435,49.50350226],[-125.48337079,49.5144261],[-125.48558042,49.51902045],[-125.4712181,49.52825238],[-125.44752135,49.53368705],[-125.43960214,49.54902181],[-125.42940516,49.55526396],[-125.41445407,49.54658979],[-125.4051754,49.54459728],[-125.39853309,49.54792878],[-125.38655314,49.54035],[-125.39406213,49.53455446],[-125.3919371,49.52692464],[-125.3858836,49.52114838],[-125.38998315,49.51593588],[-125.38470284,49.50365755],[-125.37749683,49.50115211],[-125.36600359,49.48877154],[-125.36723395,49.47844613],[-125.35141999,49.47588098],[-125.32571261,49.47907272],[-125.32521239,49.4728397],[-125.31576269,49.46869336],[-125.31427364,49.47275339],[-125.3006709,49.48047331],[-125.29323691,49.47925688],[-125.24330519,49.4913884],[-125.20367501,49.49282956],[-125.19750722,49.49547942],[-125.18662195,49.49000021],[-125.15555542,49.48967493],[-125.13573482,49.48126273],[-125.13546475,49.48555893],[-125.15007769,49.50089138],[-125.15332298,49.51051942],[-125.14741576,49.50550162],[-125.13026628,49.50103306],[-125.10804362,49.5017913],[-125.10076478,49.50490116],[-125.09291303,49.51569454],[-125.08062788,49.51487284],[-125.06553192,49.52371626],[-125.05766019,49.51456406],[-125.06234077,49.50820152],[-125.06072489,49.50453317],[-125.05394338,49.50045295],[-125.03580225,49.50053965],[-125.01475558,49.49000106],[-125.01033925,49.4863896],[-125.01342028,49.47808703],[-125.00797946,49.47688624],[-125.00131715,49.46793227],[-124.97761516,49.46386025],[-124.97783532,49.45694775],[-124.95548921,49.4436129],[-124.94793266,49.43646276],[-124.94762684,49.43037643],[-124.93680082,49.42799606],[-124.92419957,49.43054095],[-124.91636078,49.42705936],[-124.92371624,49.40795068],[-124.91483383,49.39974122],[-124.91446061,49.39415573],[-124.89830599,49.38660922],[-124.89494802,49.37851433],[-124.87606047,49.38066648],[-124.86607591,49.37671703],[-124.86675953,49.37226209],[-124.86360949,49.36934439],[-124.86665,49.35903026],[-124.85137965,49.35746159],[-124.83433751,49.34988167],[-124.81477424,49.33046756],[-124.80607888,49.32765239],[-124.79805451,49.32040535],[-124.78711625,49.31983287],[-124.78331563,49.31204744],[-124.77166697,49.30556065],[-124.75348906,49.30391294],[-124.75120241,49.31394651],[-124.7402555,49.30352376],[-124.72077002,49.29679338],[-124.72131568,49.28921088],[-124.72498044,49.28594011],[-124.71266022,49.27800939],[-124.70484001,49.27810687],[-124.6915354,49.27204614],[-124.68228353,49.25314244],[-124.67621137,49.24984217],[-124.67807739,49.24371574],[-124.66057838,49.22571551],[-124.66972877,49.21245863],[-124.66543691,49.18868517],[-124.65447776,49.18556819],[-124.64526921,49.17733379],[-124.60639305,49.167819],[-124.59685793,49.16223375],[-124.58463142,49.16363918],[-124.58012888,49.16012047],[-124.58172331,49.15269865],[-124.55471697,49.14228951],[-124.5508586,49.12987322],[-124.53342454,49.12645031],[-124.52656293,49.11958515],[-124.53090078,49.11370303],[-124.52300481,49.10133902],[-124.52667196,49.0774236],[-124.51731455,49.06610426],[-124.51968624,49.0612691],[-124.51754828,49.0541318],[-124.50868751,49.0466187],[-124.49854875,49.04371828],[-124.50396419,49.03746332],[-124.51591424,49.03311084],[-124.50638693,49.0162017],[-124.48874614,49.01150019],[-124.46262831,49.01176134],[-124.45785592,49.01630088],[-124.45720668,49.02318578],[-124.44547171,49.02211566],[-124.4344415,49.02504031],[-124.42887712,49.02183948],[-124.41905844,49.02626842],[-124.41101337,49.01561766],[-124.40397047,49.01260294],[-124.3872555,48.9847344],[-124.36741285,48.98634775],[-124.35626363,48.97544143],[-124.35175363,48.97897587],[-124.34010185,48.97511762],[-124.33403338,48.96362916],[-124.31851648,48.96710804],[-124.3166819,48.97263461],[-124.32066942,48.97823836],[-124.30489532,48.98229526],[-124.29582901,48.97422896],[-124.26475883,48.96792586],[-124.2362019,48.95687367],[-124.21885449,48.95584373],[-124.20381197,48.96073912],[-124.19306157,48.95802041],[-124.17812411,48.96122377],[-124.16273101,48.95141226],[-124.14070049,48.95324278],[-124.13254098,48.96026794],[-124.10693093,48.95126869],[-124.09691946,48.9618626],[-124.06864109,48.96013632],[-124.03697769,48.94692614],[-124.03012284,48.94744497],[-124.02933213,48.95232982],[-124.023008,48.95414719],[-124.00396921,48.9469489],[-123.99982934,48.94739839],[-123.99479274,48.95420317],[-123.97947666,48.95922536],[-123.94898223,48.96065552],[-123.9398545,48.95586895],[-123.92942444,48.93568298],[-123.91904899,48.93308205],[-123.91720027,48.92740654],[-123.91335702,48.92615218],[-123.88212048,48.94336497],[-123.86021826,48.94352268],[-123.85165188,48.95182259],[-123.8408946,48.95362063],[-123.82414942,48.95197038],[-123.772386,48.9319522],[-123.73724953,48.92399455],[-123.7339808,48.92702011],[-123.74066276,48.9341245],[-123.74098206,48.94367348],[-123.70911266,48.93923407],[-123.66300048,48.92372803],[-123.62218866,48.90541689],[-123.61354131,48.92454732],[-123.61518079,48.93530959],[-123.63098299,48.97972405],[-123.64890372,48.99668662],[-123.65001185,49.00349603],[-123.6272183,49.00828095],[-123.61258867,49.0021878],[-123.60186814,49.00138058],[-123.59492872,49.00326656],[-123.58787718,49.01497492],[-123.58160536,49.01796566],[-123.33665703,49.01808677],[-123.50701853,49.19985676],[-123.56112188,49.24870302],[-123.61651006,49.27417427],[-123.66648417,49.2926068],[-123.77322793,49.32122135],[-123.91566163,49.34986522],[-124.03996212,49.36468131],[-124.03818387,49.39791661],[-124.04472442,49.43854291],[-124.12139642,49.43879641],[-124.14064009,49.46679013],[-124.15850597,49.48462973],[-124.18857046,49.50656962],[-124.22048531,49.52020684],[-124.26946382,49.52913364],[-124.31694123,49.54278825],[-124.36189533,49.55030946],[-124.50441965,49.55019022],[-124.68604794,49.6749509],[-124.73361974,49.71823498],[-124.76299886,49.74871668],[-124.78972345,49.78268659],[-124.84708275,49.87356316],[-124.87776721,49.90284374],[-124.92133663,49.92437447],[-124.9237703,49.93405787],[-124.91893573,49.94286262],[-124.87350051,49.95950005],[-124.85405927,49.98187705],[-124.84631732,50.00006215],[-124.85895861,50.02093423],[-124.86130052,50.03753112],[-124.88284114,50.09604833],[-124.88472481,50.10681877],[-124.88166838,50.11882118],[-124.88475714,50.14301708],[-124.89757596,50.15892701],[-124.91827158,50.17984326],[-124.95690162,50.21049242],[-124.9935678,50.24880033],[-125.06874657,50.30458234],[-125.1035653,50.33573279],[-125.14780389,50.36073193],[-125.15195691,50.36963774],[-125.15201242,50.38721272],[-125.17058218,50.38837885],[-125.1956301,50.39882038],[-125.25229538,50.44069898],[-125.28087032,50.44894582],[-125.30525527,50.45020021],[-125.40318593,50.47997024],[-125.40492849,50.48585927],[-125.39869252,50.49551443],[-125.40348437,50.49678244],[-125.40907102,50.5068322],[-125.42357424,50.51292149],[-125.42800287,50.51904167],[-125.41965996,50.52837229],[-125.44357027,50.54246662],[-125.43253806,50.54439364],[-125.42311421,50.55066684],[-125.42917751,50.5606101],[-125.43680004,50.56418706],[-125.42862371,50.56613707],[-125.44502517,50.57125571],[-125.44660772,50.57897028],[-125.45158143,50.5812235],[-125.45150021,50.58412045],[-125.44148255,50.59017415],[-125.44965604,50.60032397],[-125.43754487,50.60695529],[-125.43427896,50.61204714],[-125.42097717,50.61380868],[-125.41700899,50.62237301],[-125.40242261,50.63179197],[-125.38214879,50.6347364],[-125.37756052,50.63760469],[-125.37666071,50.6444097],[-125.36274201,50.64836345],[-125.36478854,50.65454615],[-125.352538,50.66355501],[-125.36460987,50.67268736],[-125.33941152,50.66933737],[-125.32957245,50.67553828],[-125.33499892,50.6815507],[-125.33528442,50.68737399],[-125.30363287,50.694318],[-125.29787027,50.70368705],[-125.28758925,50.70921826],[-125.29629177,50.71513641],[-125.29223616,50.7244096],[-125.29406652,50.72968951],[-125.27929247,50.73596497],[-125.27614226,50.74734119],[-125.24876606,50.76278096],[-125.23654759,50.773139],[-125.22493449,50.77668512],[-125.22217878,50.78788136],[-125.21665373,50.79123467],[-125.21251891,50.79944051],[-125.18662788,50.80178317],[-125.17050764,50.80771086],[-125.16322546,50.81137294],[-125.16218568,50.81760816],[-125.15062698,50.82381791],[-125.16075255,50.84243819],[-125.19118844,50.84161631],[-125.1897272,50.85246388],[-125.17941808,50.86476921],[-125.17837895,50.87344206],[-125.18103772,50.87560917],[-125.20033275,50.87900978],[-125.22360487,50.87778017],[-125.22795345,50.87077567],[-125.23198851,50.86994287],[-125.24255596,50.87265358],[-125.24931867,50.87970158],[-125.23114533,50.89241071],[-125.23518106,50.9039098],[-125.25018128,50.90903923],[-125.2504222,50.92182216],[-125.24458853,50.92741617],[-125.22728526,50.9234232],[-125.22531741,50.93386256],[-125.21134006,50.93479856],[-125.20622325,50.94275634],[-125.1952135,50.94481758],[-125.198142,50.94751473],[-125.19883115,50.95832257],[-125.20598453,50.96258012],[-125.2314168,50.95582699],[-125.2550469,50.96013795],[-125.25057876,50.97017677],[-125.25526807,50.98572674],[-125.27218933,50.99586318],[-125.27688513,50.9951605],[-125.27335142,51.00199274],[-125.28253614,51.01007519],[-125.308027,51.00736086],[-125.31145669,51.02171574],[-125.32343333,51.02932957],[-125.32260061,51.03851674],[-125.32680272,51.04120885],[-125.32120039,51.04563291],[-125.30854958,51.04808695],[-125.27898092,51.04731046],[-125.26446613,51.05504039],[-125.25629245,51.05508602],[-125.25064339,51.05126486],[-125.22941308,51.06091354],[-125.2453081,51.06689142],[-125.25459728,51.07424498],[-125.25573665,51.08811513],[-125.27844306,51.09106991],[-125.28269757,51.0965271],[-125.29590845,51.10253816],[-125.28481168,51.11748305],[-125.28390839,51.12739874],[-125.28396918,51.13461062],[-125.29501133,51.1431194],[-125.29374831,51.14933187],[-125.28044785,51.15717404],[-125.26623103,51.15597535],[-125.25976459,51.16012992],[-125.26672491,51.16604325],[-125.28160012,51.16921732],[-125.29583343,51.17869367],[-125.29487174,51.19033333],[-125.30196208,51.19199285],[-125.30615843,51.19836387],[-125.32560706,51.19814163],[-125.3328179,51.20212629],[-125.32870482,51.20760869],[-125.33949436,51.21556485],[-125.3309619,51.21595119],[-125.32293436,51.22332399],[-125.33449145,51.23124803],[-125.33834969,51.23927975],[-125.33013421,51.25254322],[-125.31732404,51.25566199],[-125.30939867,51.26380962],[-125.28956993,51.26652758],[-125.29419442,51.27906067],[-125.29060679,51.28285857],[-125.27462492,51.28146624],[-125.26508582,51.28797821],[-125.24530917,51.29125938],[-125.23994801,51.29614241],[-125.22008849,51.30085551],[-125.22118432,51.30753018],[-125.20774016,51.31680551],[-125.2024043,51.32336776],[-125.20283118,51.32728131],[-125.21596266,51.33001157],[-125.21418725,51.33643504],[-125.23417507,51.34736519],[-125.24093539,51.36278072],[-125.26558924,51.37552345],[-125.99403189,51.49958669]]]}},{"type":"Feature","properties":{"name":"Nelson"},"geometry":{"type":"Polygon","coordinates":[[[-116.62841889,49.46061085],[-116.66173706,49.4712273],[-116.66414251,49.4773292],[-116.64089615,49.49967796],[-116.63695508,49.50813983],[-116.6393096,49.51747033],[-116.63035056,49.52347405],[-116.63095373,49.52669951],[-116.62239611,49.5363191],[-116.62310584,49.54560336],[-116.65078097,49.56768203],[-116.66438068,49.56607655],[-116.68574537,49.57271585],[-116.68623612,49.57930175],[-116.67508491,49.58330035],[-116.68271257,49.58961778],[-116.6756424,49.59093845],[-116.65951372,49.61089355],[-116.65128603,49.61390746],[-116.64462873,49.62684492],[-116.64913196,49.63133269],[-116.6724004,49.63139366],[-116.67674245,49.63451188],[-116.67693627,49.64196888],[-116.67048129,49.65225411],[-116.66570697,49.65448883],[-116.66613086,49.6588347],[-116.65749615,49.66661212],[-116.65716274,49.67035398],[-116.64615701,49.67308268],[-116.63942374,49.68066982],[-116.62594942,49.68158481],[-116.62336983,49.68681903],[-116.61614786,49.69044404],[-116.58971044,49.69621354],[-116.58983251,49.70085483],[-116.60838849,49.71479783],[-116.59053095,49.72562862],[-116.59816579,49.73167693],[-116.58878813,49.73722071],[-116.5968281,49.73944375],[-116.60284817,49.74552497],[-116.62375166,49.74923182],[-116.62257815,49.76246599],[-116.62897636,49.76753715],[-116.62793773,49.77584483],[-116.63766829,49.77769896],[-116.63864523,49.7837936],[-116.64329445,49.7858929],[-116.66191177,49.78560256],[-116.67946182,49.80241369],[-116.67982066,49.80996688],[-116.68421083,49.81212],[-116.70462723,49.81040355],[-116.7194306,49.79924424],[-116.72769251,49.79748159],[-116.81130939,49.80558708],[-116.86644052,49.80263828],[-116.88951796,49.73168347],[-116.8938257,49.67434983],[-116.90111664,49.66107909],[-116.91901017,49.64100297],[-116.93383892,49.64088985],[-116.96009925,49.64451342],[-116.97923119,49.65390015],[-116.99748482,49.65762624],[-117.01390705,49.6778185],[-117.01637369,49.68867133],[-117.04359068,49.68428548],[-117.0679602,49.69067332],[-117.07529899,49.68658563],[-117.08380536,49.6931862],[-117.09180433,49.69175087],[-117.11342112,49.70648712],[-117.12894675,49.73463407],[-117.14158121,49.74342764],[-117.1536651,49.74528163],[-117.16479732,49.75695244],[-117.18320957,49.75802505],[-117.19370165,49.75266124],[-117.19380954,49.74546047],[-117.20049894,49.74649034],[-117.20263691,49.75130118],[-117.20971255,49.75526758],[-117.22050744,49.75499567],[-117.22816517,49.76448341],[-117.2195584,49.76442838],[-117.19728354,49.77352083],[-117.19924696,49.78856089],[-117.19502085,49.79209827],[-117.20962979,49.80617139],[-117.21067005,49.81098611],[-117.22900447,49.81949588],[-117.2255337,49.8228715],[-117.23053117,49.82670661],[-117.23170815,49.83821212],[-117.22087705,49.83978926],[-117.21911737,49.85221854],[-117.20883423,49.85936621],[-117.19389842,49.86136637],[-117.17839182,49.8710882],[-117.18432372,49.87547252],[-117.18583358,49.88092433],[-117.17352259,49.89520201],[-117.1803696,49.90885354],[-117.17371412,49.91228178],[-117.17433672,49.92218802],[-117.15468981,49.92897184],[-117.14745369,49.92719142],[-117.13397481,49.93080668],[-117.13578656,49.94001669],[-117.12648856,49.94917888],[-117.12657414,49.95527616],[-117.13068892,49.97122321],[-117.13904189,49.97508096],[-117.14382324,49.98335409],[-117.17923619,49.99122207],[-117.18428118,49.99862531],[-117.17717815,50.00499527],[-117.17589264,50.01440966],[-117.18115613,50.0195414],[-117.18161828,50.02628055],[-117.20070124,50.03926536],[-117.20289403,50.04918443],[-117.21516042,50.06123294],[-117.21100699,50.06489687],[-117.20763882,50.07612889],[-117.19473918,50.08884982],[-117.18213991,50.09023036],[-117.17333201,50.09627348],[-117.17564453,50.10090698],[-117.16916079,50.10809406],[-117.17129494,50.11647965],[-117.1661871,50.11973415],[-117.16571102,50.1253783],[-117.17251565,50.13018511],[-117.19035192,50.13282802],[-117.20138934,50.13824345],[-117.21756302,50.13295555],[-117.22399898,50.13609574],[-117.23284234,50.13522842],[-117.23855659,50.13939915],[-117.24044052,50.14359581],[-117.22810651,50.14536047],[-117.23015922,50.14962858],[-117.2278912,50.15470707],[-117.23049859,50.15712577],[-117.22487077,50.16246141],[-117.22688081,50.16501578],[-117.21086937,50.17203912],[-117.20226284,50.18600594],[-117.21256501,50.18909531],[-117.22239732,50.19695394],[-117.23560247,50.19381946],[-117.25315673,50.19455631],[-117.25584629,50.19891197],[-117.26655109,50.20098794],[-117.27595818,50.20850973],[-117.26580086,50.2201881],[-117.26517721,50.23300683],[-117.26170331,50.23769924],[-117.23622742,50.23577089],[-117.22137341,50.24455184],[-117.22646625,50.25473839],[-117.23729509,50.25560222],[-117.23907281,50.26293604],[-117.23539663,50.26610493],[-117.23460708,50.27397104],[-117.23716621,50.29175122],[-117.23992101,50.294919],[-117.25528128,50.2908494],[-117.28199149,50.29077837],[-117.29047417,50.28156218],[-117.30964144,50.27762239],[-117.30985101,50.27306657],[-117.3162653,50.26692891],[-117.33871938,50.25993685],[-117.36116704,50.26498129],[-117.37028379,50.27427457],[-117.37242126,50.28500694],[-117.3688481,50.28882656],[-117.36509725,50.31486119],[-117.36081279,50.32327068],[-117.39346909,50.34224001],[-117.40019772,50.35237987],[-117.37583828,50.35924187],[-117.37514788,50.37966739],[-117.35983668,50.39564885],[-117.36501178,50.40659129],[-117.37771354,50.40783197],[-117.39536079,50.41839053],[-117.41430435,50.42494975],[-117.41893484,50.42126362],[-117.4289182,50.42110873],[-117.45525869,50.42521027],[-117.46562333,50.43003308],[-117.49663611,50.45001866],[-117.50442423,50.45902397],[-117.51191652,50.4611412],[-117.52720897,50.47514416],[-117.55039324,50.48411095],[-117.54736019,50.49223774],[-117.55083292,50.49697908],[-117.57068209,50.50503554],[-117.57675842,50.50255485],[-117.58643534,50.50399041],[-117.59405599,50.51464454],[-117.60574497,50.52358589],[-117.61714937,50.54398826],[-117.63853007,50.54820671],[-117.64549445,50.54165363],[-117.64511825,50.53486021],[-117.64968912,50.53207423],[-117.65779181,50.53465014],[-117.67311926,50.53261069],[-117.67799567,50.53863162],[-117.68972803,50.53896733],[-117.69511467,50.54487685],[-117.70586906,50.54858679],[-117.71226016,50.55626084],[-117.70539378,50.56508569],[-117.70870458,50.56835714],[-117.70968308,50.57867533],[-117.71507702,50.58227581],[-117.71455449,50.58831371],[-117.68879668,50.59391421],[-117.65479204,50.63124522],[-117.63614027,50.64054854],[-117.63259089,50.6455498],[-117.63504062,50.65570781],[-117.6279097,50.6644549],[-117.6237711,50.66522375],[-117.61656881,50.68232351],[-117.62130788,50.69233875],[-117.60935152,50.70076449],[-117.61063964,50.70595573],[-117.60039082,50.71042089],[-117.59247457,50.70523084],[-117.57920206,50.70849573],[-117.56830856,50.70680016],[-117.5554422,50.72954561],[-117.55625991,50.7341575],[-117.54500918,50.74095145],[-117.54379304,50.74707846],[-117.52735957,50.75363345],[-117.51593949,50.75350943],[-117.51151546,50.758565],[-117.51379313,50.76769561],[-117.48773072,50.80046388],[-117.49377464,50.81034323],[-117.49305266,50.81592297],[-117.46618495,50.81235881],[-117.4624431,50.82254565],[-117.45324299,50.82908017],[-117.45572928,50.83876839],[-117.46069549,50.84974214],[-117.47127938,50.85956652],[-117.46989959,50.86520601],[-117.48097152,50.87233257],[-117.48302951,50.87766915],[-117.49000928,50.88034679],[-117.4912108,50.8845413],[-117.47551501,50.89317744],[-117.47530441,50.89668703],[-117.46824486,50.90204392],[-117.45447794,50.89918043],[-117.43171718,50.90518667],[-117.42665796,50.90389865],[-117.41959397,50.90772601],[-117.41702415,50.91889166],[-117.41935335,50.92452293],[-117.43061394,50.92489113],[-117.44129068,50.93414481],[-117.43909396,50.94790799],[-117.4305839,50.94814672],[-117.41112956,50.96029836],[-117.39875377,50.96155513],[-117.39757085,50.96659514],[-117.40280733,50.98000092],[-117.399448,50.98627569],[-117.38919955,50.99118403],[-117.39090206,50.99976825],[-117.37684842,51.00324751],[-117.37218962,51.01547077],[-117.36717774,51.01951927],[-117.35253144,51.02245503],[-117.34257488,51.0333584],[-117.34284908,51.03650917],[-117.35109735,51.04100438],[-117.35321295,51.0495447],[-117.35121714,51.05415914],[-117.37260523,51.0595066],[-117.38522436,51.07507282],[-117.38297141,51.08663055],[-117.37595055,51.09147784],[-117.37991262,51.10298418],[-117.40119133,51.11068523],[-117.41653778,51.11011331],[-117.41240638,51.11507471],[-117.41090909,51.12811786],[-117.40445667,51.12924618],[-117.41611164,51.14314088],[-117.41806927,51.15119927],[-117.41114142,51.15356203],[-117.42309353,51.16113102],[-117.42551379,51.17722765],[-117.42210043,51.18461091],[-117.41522958,51.18443777],[-117.38569799,51.20019796],[-117.4813487,51.20990802],[-117.53309475,51.21009094],[-117.57111275,51.20650898],[-117.58597915,51.20283169],[-117.5965954,51.18853546],[-117.60239093,51.16843547],[-117.6134097,51.1623319],[-117.62638992,51.15835255],[-117.64038846,51.15939526],[-117.66656439,51.15441413],[-117.67439039,51.15054214],[-117.67725654,51.14160232],[-117.66671063,51.12226695],[-117.66820554,51.11223585],[-117.69518717,51.10174438],[-117.71131632,51.08710588],[-117.71419422,51.08014497],[-117.71200017,51.07503538],[-117.6994563,51.06532589],[-117.70363452,51.05771944],[-117.70810012,51.03193471],[-117.72288416,51.02322685],[-117.75478349,51.02014405],[-117.77883344,50.99691958],[-117.77077154,50.98937547],[-117.73014592,50.9754628],[-117.71646203,50.95779392],[-117.68084915,50.95393561],[-117.68034039,50.94561388],[-117.68616305,50.93836291],[-117.68928141,50.92134489],[-117.70822287,50.91250203],[-117.71241121,50.90704228],[-117.7264372,50.90300919],[-117.73426592,50.88724099],[-117.75458059,50.87251442],[-117.74926182,50.85271455],[-117.75214256,50.83477691],[-117.75646196,50.83012309],[-117.77792605,50.82392927],[-117.79518086,50.81496249],[-117.79495084,50.80766901],[-117.80063236,50.80172792],[-117.81011045,50.80019119],[-117.84141948,50.80658364],[-117.8566729,50.79844357],[-117.87425521,50.79656419],[-117.8769127,50.79048696],[-117.88241877,50.78865244],[-117.88057242,50.7755937],[-117.89289849,50.76465833],[-117.89031307,50.75690372],[-117.89928838,50.74411719],[-117.88975175,50.72850472],[-117.86915861,50.72047578],[-117.86403344,50.71093064],[-117.87282471,50.70207904],[-117.87461083,50.688902],[-117.90058073,50.67934934],[-117.90974108,50.6706744],[-117.90801794,50.63624183],[-117.91131044,50.62401942],[-117.91683041,50.61782595],[-117.92368615,50.61519497],[-117.94395097,50.6154314],[-117.9635817,50.62566223],[-117.99324937,50.63333992],[-118.00702304,50.64614946],[-118.02409202,50.65128129],[-118.03267155,50.65968025],[-118.06040234,50.66829271],[-118.0760569,50.67847692],[-118.08303337,50.68913872],[-118.1144745,50.68144595],[-118.13091484,50.68465175],[-118.16514733,50.68185586],[-118.20850947,50.6896844],[-118.21457958,50.68250034],[-118.21262581,50.67818596],[-118.18075646,50.6719121],[-118.1724978,50.66553834],[-118.20660558,50.65487459],[-118.20018347,50.64705851],[-118.20270714,50.63923044],[-118.19870877,50.6353146],[-118.18170599,50.63531378],[-118.17944741,50.62296534],[-118.17133685,50.61721045],[-118.16727867,50.61813695],[-118.16319141,50.61117834],[-118.16920212,50.60643259],[-118.16887833,50.59459374],[-118.1618156,50.58906178],[-118.1775625,50.58003151],[-118.17644214,50.57434548],[-118.17002248,50.56958961],[-118.17529818,50.56180211],[-118.18062091,50.5599587],[-118.18173262,50.55207254],[-118.1899679,50.54937046],[-118.20415262,50.55160721],[-118.21608879,50.53856399],[-118.20333846,50.53095291],[-118.20514187,50.52191703],[-118.21129898,50.51591333],[-118.20928369,50.51187338],[-118.19603987,50.50841736],[-118.18673337,50.50068165],[-118.17228498,50.49588983],[-118.18635248,50.48769968],[-118.19212986,50.47664568],[-118.21190589,50.48063201],[-118.22064853,50.47596535],[-118.22039882,50.47109979],[-118.20560527,50.46267433],[-118.20118398,50.45268306],[-118.21023859,50.44681502],[-118.20801943,50.4397266],[-118.23396558,50.43500254],[-118.27111761,50.4369129],[-118.26895661,50.42703322],[-118.27201246,50.42321887],[-118.27085311,50.41295092],[-118.27632216,50.40387373],[-118.25418879,50.39899331],[-118.28057948,50.39350257],[-118.29683982,50.38339617],[-118.29882809,50.38044626],[-118.29200306,50.37359296],[-118.29191131,50.36928142],[-118.3062192,50.34155889],[-118.29892891,50.33776849],[-118.28023234,50.34048556],[-118.25800032,50.33592588],[-118.26589541,50.32718755],[-118.26354046,50.32384057],[-118.26674553,50.31666522],[-118.25739832,50.30570743],[-118.24893117,50.30161656],[-118.25585003,50.29655823],[-118.26713541,50.29644022],[-118.27569829,50.28076587],[-118.2752376,50.26983184],[-118.27315922,50.2613235],[-118.26971353,50.25980107],[-118.27106917,50.25123814],[-118.26397504,50.24822439],[-118.26665983,50.24406759],[-118.26067353,50.2280334],[-118.25711773,50.22357866],[-118.24918921,50.22227468],[-118.24909162,50.21708617],[-118.23718047,50.20822192],[-118.24230945,50.20071443],[-118.24028114,50.19680452],[-118.26169073,50.18221465],[-118.25404208,50.1682566],[-118.27873604,50.15624966],[-118.27703986,50.15076765],[-118.28087293,50.14491103],[-118.2963618,50.13493599],[-118.28975092,50.13216758],[-118.29595907,50.11798989],[-118.29578966,50.11075184],[-118.2918827,50.10764187],[-118.2954461,50.09720433],[-118.30644376,50.09560628],[-118.33563041,50.10011725],[-118.35742441,50.09302537],[-118.3777286,50.09049946],[-118.38281135,50.08348204],[-118.38177347,50.07807074],[-118.38555967,50.07719797],[-118.43789753,50.07944886],[-118.46110873,50.07507799],[-118.48026504,50.06321447],[-118.48303427,50.05362756],[-118.49441744,50.05344012],[-118.51445188,50.04652652],[-118.49492199,50.02899977],[-118.4804198,50.02984684],[-118.45098352,50.0242735],[-118.43313434,50.01361335],[-118.43259253,50.00966243],[-118.43832045,50.00444561],[-118.44751895,50.00692146],[-118.45869203,50.00327349],[-118.4684611,50.0043097],[-118.4741769,50.00009916],[-118.47009117,49.99430042],[-118.47187597,49.98308726],[-118.44713683,49.97374038],[-118.43156506,49.9798348],[-118.41553737,49.9732807],[-118.4137597,49.96741075],[-118.42030217,49.96236604],[-118.41834939,49.95540107],[-118.42223917,49.94997897],[-118.42058858,49.94051696],[-118.41469192,49.93460162],[-118.42006818,49.91965347],[-118.4168444,49.91585529],[-118.41823042,49.91299664],[-118.40403508,49.90814443],[-118.37770102,49.91354518],[-118.37542555,49.90764847],[-118.35920999,49.89516355],[-118.35354865,49.8946178],[-118.36015466,49.88164042],[-118.36810162,49.87485705],[-118.38440628,49.87139074],[-118.37898489,49.86400773],[-118.3814447,49.83865291],[-118.37508193,49.8250928],[-118.31455743,49.81624648],[-118.31121057,49.8103565],[-118.30200397,49.80699286],[-118.30312748,49.79834993],[-118.30681117,49.79610444],[-118.29299908,49.7948579],[-118.28821523,49.79047247],[-118.28724674,49.77939736],[-118.29864299,49.76654607],[-118.29149935,49.76438346],[-118.28937239,49.75769231],[-118.30031049,49.75053913],[-118.2953129,49.74433004],[-118.28495625,49.74286348],[-118.2809847,49.72488985],[-118.28211909,49.71622416],[-118.2754263,49.71388762],[-118.27335748,49.70780795],[-118.27501895,49.69884365],[-118.28032758,49.69596433],[-118.27861219,49.6696638],[-118.27400972,49.6691695],[-118.2732494,49.66467599],[-118.256656,49.6640494],[-118.24352508,49.65976653],[-118.24686312,49.65327263],[-118.24295471,49.63170396],[-118.25252422,49.61790007],[-118.24987744,49.60615415],[-118.25457698,49.59941446],[-118.25533943,49.58837918],[-118.25034803,49.58524455],[-118.24639181,49.5760999],[-118.24460815,49.56198242],[-118.2505403,49.55283656],[-118.2582047,49.5482665],[-118.26009299,49.53608244],[-118.28059931,49.52256123],[-118.27634768,49.5117424],[-118.28778695,49.49171788],[-118.28511466,49.48138428],[-118.28083523,49.47737131],[-118.28276813,49.46786454],[-118.27747691,49.46745142],[-118.253749,49.44489936],[-118.26194177,49.42933328],[-118.2620141,49.42286108],[-118.27694778,49.42180662],[-118.26027342,49.41364563],[-118.25701878,49.40338754],[-118.26692367,49.39870352],[-118.26475365,49.38882791],[-118.2519762,49.37855582],[-118.25361425,49.36304814],[-118.24036757,49.35691671],[-118.24228819,49.34541361],[-118.24020515,49.33994967],[-118.22527514,49.33213878],[-118.22177115,49.32682368],[-118.22686049,49.32313569],[-118.21427831,49.31601829],[-118.21109968,49.3053154],[-118.20598288,49.30001669],[-118.20988473,49.29362961],[-118.20559937,49.29286035],[-118.19774515,49.27951289],[-118.17775792,49.27379047],[-118.18214837,49.26633201],[-118.17269137,49.25040429],[-118.17284715,49.24478372],[-118.16411458,49.24863787],[-118.15922294,49.25894209],[-118.14272223,49.27317983],[-118.12913769,49.26300904],[-118.10854306,49.25922438],[-118.10195828,49.25517492],[-118.09818036,49.24732269],[-118.09061611,49.24817688],[-118.07326388,49.22384472],[-118.07374182,49.21631239],[-118.06988147,49.21164308],[-118.07367959,49.20343444],[-118.07192343,49.18885113],[-118.08103635,49.18082375],[-118.07131144,49.17719386],[-118.05697253,49.18055994],[-118.05018617,49.17701923],[-118.04613637,49.17270206],[-118.05140941,49.16618649],[-118.04741952,49.15733963],[-118.0375414,49.15414079],[-118.04160783,49.14968175],[-118.0577792,49.14429914],[-118.05510343,49.14228636],[-118.05086234,49.11659571],[-118.05544435,49.11092801],[-118.05318745,49.10367926],[-118.05825674,49.09757794],[-118.05392171,49.09364603],[-118.0566449,49.08658193],[-118.04917242,49.07351102],[-118.05609434,49.06809204],[-118.05097137,49.05778249],[-118.05674843,49.0516757],[-118.04830582,49.04563013],[-118.05018553,49.03279862],[-118.05976445,49.02429016],[-118.05650107,49.0164983],[-118.06156549,49.01275008],[-118.06375542,49.00579694],[-118.07171878,49.00353424],[-118.08446004,49.00714795],[-118.09503558,49.00006798],[-116.27372593,49.00004429],[-116.27537439,49.01371098],[-116.28676893,49.02100215],[-116.30234998,49.02585855],[-116.32734931,49.02630621],[-116.35951305,49.03173264],[-116.38705373,49.0472162],[-116.38839414,49.05712128],[-116.3743113,49.07640004],[-116.35330945,49.07939815],[-116.32873875,49.09031676],[-116.32043654,49.107178],[-116.3096905,49.11081761],[-116.28810258,49.10941793],[-116.26935659,49.11470321],[-116.25286522,49.11431945],[-116.24019757,49.10687249],[-116.22951037,49.08604316],[-116.20363367,49.07584371],[-116.20149394,49.08743465],[-116.19549575,49.09768478],[-116.18491523,49.09739355],[-116.16684316,49.10464151],[-116.16329815,49.11499337],[-116.15215875,49.127078],[-116.13094214,49.13245245],[-116.12907361,49.1406657],[-116.13714713,49.15242957],[-116.13249647,49.15860576],[-116.13945414,49.16237554],[-116.13468729,49.16791023],[-116.13390182,49.17448922],[-116.10155363,49.18954972],[-116.09615785,49.20360505],[-116.07661239,49.21478599],[-116.06194924,49.2304963],[-116.06147997,49.23632534],[-116.07153882,49.25138103],[-116.06874532,49.2609837],[-116.08820088,49.27234594],[-116.08953127,49.27936288],[-116.09830732,49.28701948],[-116.11687401,49.28950044],[-116.12566068,49.28384938],[-116.13447691,49.28289233],[-116.16385752,49.28766863],[-116.16962791,49.29171623],[-116.1686295,49.30748886],[-116.17865314,49.3180367],[-116.18123977,49.32538952],[-116.17713133,49.33846966],[-116.16969974,49.34758514],[-116.16153988,49.35050318],[-116.15856525,49.36662199],[-116.17548041,49.3789093],[-116.17875557,49.38392952],[-116.17932806,49.39484863],[-116.18936226,49.39668384],[-116.19378058,49.40183127],[-116.204646,49.40509082],[-116.20675365,49.409243],[-116.20361591,49.41368328],[-116.23819091,49.42090491],[-116.23823329,49.42412562],[-116.23247204,49.42813557],[-116.25647823,49.44950235],[-116.24353477,49.45374545],[-116.24599436,49.46471717],[-116.28419437,49.47704015],[-116.28571197,49.47902857],[-116.27923519,49.4858471],[-116.28226767,49.48909033],[-116.27963349,49.49626641],[-116.29338505,49.50404545],[-116.29416594,49.51282068],[-116.29925165,49.51836542],[-116.29584941,49.52241026],[-116.30333475,49.52561728],[-116.31498197,49.52423423],[-116.34132312,49.52847065],[-116.36119693,49.5154229],[-116.40771744,49.52436811],[-116.41337888,49.53470523],[-116.4254426,49.53703244],[-116.45226958,49.52779463],[-116.45891892,49.51871975],[-116.45785369,49.51076835],[-116.45288117,49.50388869],[-116.46508794,49.49299045],[-116.48795925,49.49233507],[-116.50321413,49.4792736],[-116.51719611,49.47605424],[-116.52482546,49.46836364],[-116.54737123,49.46677237],[-116.55865334,49.45699157],[-116.58190793,49.4540737],[-116.58109879,49.45750298],[-116.58936105,49.46341785],[-116.58880854,49.47044992],[-116.59584325,49.47657449],[-116.61476946,49.4731002],[-116.62841889,49.46061085]]]}},{"type":"Feature","properties":{"name":"New Westminster"},"geometry":{"type":"Polygon","coordinates":[[[-120.65249832,49.20165705],[-120.70586241,49.19069269],[-120.72530854,49.20692913],[-120.73540202,49.20869284],[-120.75838966,49.22019778],[-120.77572232,49.22240102],[-120.81603707,49.20638542],[-120.82621641,49.19479653],[-120.83336307,49.19360455],[-120.85050561,49.20486696],[-120.84921267,49.21089526],[-120.85522135,49.21435554],[-120.85528151,49.21804318],[-120.84877649,49.21928012],[-120.84724195,49.24616491],[-120.8372875,49.25321191],[-120.82424226,49.25169382],[-120.81782901,49.25754994],[-120.82115262,49.28066617],[-120.81158708,49.28387675],[-120.8138078,49.29298707],[-120.84998352,49.29873875],[-120.85837488,49.2954054],[-120.8655639,49.30177027],[-120.89885849,49.31065961],[-120.92086364,49.29732301],[-120.93487511,49.27437564],[-120.94473643,49.2709488],[-120.96244434,49.27854918],[-120.96583689,49.27770048],[-120.96518355,49.27441876],[-120.97736746,49.2719521],[-121.00015047,49.27705813],[-120.99807969,49.28890604],[-120.99375283,49.29513267],[-120.99868147,49.3017401],[-120.99678657,49.31387431],[-121.02333101,49.30332964],[-121.04214856,49.31919855],[-121.04231935,49.32729788],[-121.04980746,49.33258589],[-121.08027674,49.32812182],[-121.09283561,49.33954298],[-121.09839652,49.34988462],[-121.0867285,49.34779845],[-121.07563531,49.35097053],[-121.07320687,49.35501855],[-121.06174708,49.35991862],[-121.06051485,49.36680668],[-121.08192913,49.36904773],[-121.09898352,49.37502856],[-121.10870381,49.37897061],[-121.11662592,49.38834238],[-121.11221892,49.39276836],[-121.10139086,49.39264135],[-121.09744971,49.39574761],[-121.10010273,49.41021953],[-121.09247081,49.41485261],[-121.08766782,49.42319753],[-121.0917082,49.43233659],[-121.09655253,49.43455735],[-121.07866259,49.46169647],[-121.08687679,49.46635994],[-121.08863256,49.47148056],[-121.05821559,49.46848825],[-121.04974771,49.47440286],[-121.05875127,49.47856558],[-121.06370929,49.48890828],[-121.07198511,49.49394906],[-121.07246668,49.5032855],[-121.08068953,49.51530091],[-121.07027385,49.52396231],[-121.05269433,49.52541805],[-121.04721667,49.5297246],[-121.04856945,49.54308024],[-121.03517349,49.5503554],[-121.03750425,49.55469495],[-121.03404726,49.56514302],[-121.04168403,49.5754736],[-121.03571676,49.58221346],[-121.03667872,49.58662064],[-121.01569077,49.59390967],[-120.98993719,49.59776873],[-120.99204084,49.60303165],[-120.98330034,49.61089535],[-120.96823383,49.60865291],[-120.96131141,49.61389236],[-120.96177638,49.62019726],[-120.96889249,49.62778014],[-120.96621182,49.63463529],[-120.97514497,49.63706512],[-120.98505354,49.64891513],[-120.99962072,49.65051692],[-121.01222722,49.647995],[-121.02417329,49.637787],[-121.05833171,49.63130394],[-121.06334539,49.62633623],[-121.09915741,49.62507245],[-121.12061049,49.6095585],[-121.12462489,49.61145862],[-121.12637545,49.61903954],[-121.1327612,49.62176494],[-121.15485055,49.61696982],[-121.16653501,49.63024907],[-121.16890174,49.63410268],[-121.16517626,49.64214163],[-121.16948259,49.6489929],[-121.132791,49.66642546],[-121.12918584,49.67257414],[-121.11792168,49.67757754],[-121.12557252,49.68031023],[-121.13395247,49.68840204],[-121.13460282,49.69362971],[-121.1541935,49.70798968],[-121.15628221,49.71651003],[-121.18670451,49.72779943],[-121.19772783,49.74331234],[-121.19352391,49.74931428],[-121.19399227,49.75742636],[-121.20121981,49.75936948],[-121.2130092,49.77745293],[-121.20264993,49.78698239],[-121.20339071,49.78992302],[-121.18484095,49.80168034],[-121.18289759,49.80629131],[-121.18790345,49.81154226],[-121.18002134,49.82130838],[-121.12946904,49.82077628],[-121.10731985,49.82949431],[-121.09836409,49.83712375],[-121.10821279,49.83876014],[-121.11600518,49.84652887],[-121.09082182,49.85616854],[-121.08602539,49.85412822],[-121.08537338,49.85690336],[-121.09247295,49.86321546],[-121.09641832,49.87290647],[-121.10753455,49.86739921],[-121.12825871,49.86584832],[-121.14463923,49.88891281],[-121.15525215,49.89001884],[-121.16940339,49.88310778],[-121.17812519,49.88255141],[-121.19652437,49.88823975],[-121.20432367,49.89385091],[-121.2184306,49.89549078],[-121.22473209,49.89206651],[-121.23009806,49.88303488],[-121.25938932,49.87706274],[-121.26371013,49.86952429],[-121.2715731,49.87318335],[-121.28834686,49.87422848],[-121.2968076,49.88482],[-121.30570269,49.88504839],[-121.32324142,49.90047595],[-121.31519081,49.90679037],[-121.31567833,49.91267871],[-121.29894712,49.91179291],[-121.29229684,49.91462274],[-121.28742353,49.92396961],[-121.28783315,49.94632769],[-121.28125281,49.95291365],[-121.28351096,49.95852393],[-121.26743646,49.96440599],[-121.27129698,49.97105604],[-121.26784315,49.97557911],[-121.27751599,49.98426817],[-121.27241491,49.98802879],[-121.2925484,49.99945704],[-121.2883955,50.00448782],[-121.28991041,50.00932385],[-121.30896913,50.02410386],[-121.3267073,50.0330917],[-121.3286991,50.03746959],[-121.32411349,50.0469574],[-121.3163724,50.04970701],[-121.31489661,50.06202086],[-121.30902474,50.06721304],[-121.30988046,50.07150709],[-121.3229292,50.07414119],[-121.32194084,50.08160714],[-121.31484299,50.08928569],[-121.31617269,50.09685705],[-121.31021371,50.10415814],[-121.32178561,50.11348939],[-121.32245798,50.12470679],[-121.33481599,50.12983612],[-121.33750703,50.12640877],[-121.35054303,50.1274673],[-121.3699599,50.1407755],[-121.40282895,50.14814268],[-121.4316198,50.14648114],[-121.42647414,50.13911542],[-121.43538713,50.13142547],[-121.43275211,50.11498848],[-121.44216913,50.1098805],[-121.44200116,50.09976729],[-121.43731759,50.09423519],[-121.44314322,50.08584041],[-121.45171867,50.08499704],[-121.47440433,50.09166649],[-121.48417124,50.09151986],[-121.48730662,50.08645571],[-121.4850653,50.07881288],[-121.49454408,50.07237631],[-121.5294917,50.0641185],[-121.58086588,50.05927126],[-121.59208956,50.04930874],[-121.60785359,50.04333697],[-121.61465529,50.04437107],[-121.62228776,50.05115175],[-121.6267679,50.04967971],[-121.63578918,50.05327603],[-121.63766661,50.05879528],[-121.64303362,50.05697671],[-121.66133869,50.06482386],[-121.65647505,50.0722169],[-121.66192794,50.08029439],[-121.70427051,50.07550535],[-121.70879184,50.08251253],[-121.71694531,50.08690688],[-121.7532663,50.09232196],[-121.77644358,50.0888343],[-121.7940466,50.09040526],[-121.80215616,50.08541904],[-121.8472133,50.07711985],[-121.85390762,50.06893096],[-121.84912784,50.06299959],[-121.85676286,50.0576275],[-121.85219028,50.05215591],[-121.86132853,50.04655098],[-121.87149044,50.05137752],[-121.89619888,50.0499802],[-121.91044651,50.05365207],[-121.92003449,50.07053217],[-121.93629299,50.07416517],[-121.94120405,50.07883982],[-121.95072112,50.07928598],[-121.9537396,50.08232575],[-121.95250284,50.08822351],[-121.95593134,50.09077291],[-121.96550285,50.08288083],[-121.98228914,50.07984961],[-122.00355086,50.08783227],[-122.01259276,50.08450059],[-122.02317573,50.08515689],[-122.05423527,50.10509297],[-122.05873087,50.10972534],[-122.05760158,50.11457354],[-122.06735773,50.11991375],[-122.07097438,50.12607655],[-122.08622555,50.12080992],[-122.10026178,50.12419423],[-122.11495602,50.11330719],[-122.1169737,50.10706305],[-122.13170293,50.11212948],[-122.14745126,50.1097102],[-122.15632875,50.11467781],[-122.17862777,50.10940627],[-122.2295764,50.11074802],[-122.22175309,50.11870846],[-122.22710061,50.12626329],[-122.25876089,50.12318941],[-122.27660298,50.13819727],[-122.27649771,50.14153373],[-122.27192228,50.14340247],[-122.27284384,50.14625948],[-122.29171307,50.15518262],[-122.29012018,50.16072248],[-122.29780066,50.17239952],[-122.31351128,50.17229575],[-122.31542309,50.17478087],[-122.31756506,50.18668304],[-122.30182312,50.19352279],[-122.29954163,50.2001729],[-122.28077649,50.20222917],[-122.27691245,50.20711088],[-122.27792435,50.21343969],[-122.27046163,50.21929487],[-122.27214301,50.22285058],[-122.28937305,50.22380002],[-122.30266571,50.22921386],[-122.35306409,50.22991444],[-122.36061223,50.23363474],[-122.34617819,50.25074114],[-122.3731878,50.26273475],[-122.36945396,50.26618582],[-122.37094838,50.27534933],[-122.35523943,50.28645879],[-122.3594414,50.29561989],[-122.36562635,50.29965138],[-122.36565631,50.30972024],[-122.37066268,50.31177558],[-122.36995218,50.31627292],[-122.39027216,50.32072664],[-122.40273242,50.33228553],[-122.42428693,50.3353083],[-122.4421309,50.32919102],[-122.44354892,50.34014206],[-122.4636301,50.35139748],[-122.47398295,50.36364893],[-122.49568553,50.3720387],[-122.49693782,50.38038319],[-122.50616737,50.38793759],[-122.5139031,50.3838331],[-122.52687319,50.38514543],[-122.52732875,50.39325959],[-122.5231857,50.39671422],[-122.5233555,50.40137193],[-122.54989907,50.40468092],[-122.55383199,50.40867121],[-122.57728757,50.40553106],[-122.5858823,50.42605427],[-122.60155981,50.43853419],[-122.60545744,50.44639547],[-122.62635865,50.45805775],[-122.64594438,50.4738428],[-122.64126867,50.49065579],[-122.64445992,50.50535929],[-122.62689785,50.51163514],[-122.61743922,50.50919432],[-122.6161115,50.52360621],[-122.59689337,50.51916149],[-122.58315074,50.52420233],[-122.58812273,50.54500198],[-122.59414875,50.55347694],[-122.59187454,50.5639566],[-122.57842717,50.5764787],[-122.56291951,50.58434456],[-122.58591454,50.59268472],[-122.60465994,50.59472825],[-122.618177,50.60203983],[-122.61737895,50.6065344],[-122.61214194,50.60908001],[-122.61252402,50.61419839],[-122.60291673,50.62257841],[-122.60296068,50.62876232],[-122.60958345,50.63479195],[-122.62902762,50.63852475],[-122.62284752,50.64559125],[-122.62703349,50.65647733],[-122.63611727,50.65079563],[-122.66764784,50.65058352],[-122.67823346,50.64260358],[-122.68957592,50.64527093],[-122.70672657,50.64217252],[-122.71362358,50.64539102],[-122.71344845,50.65100239],[-122.71665626,50.65377115],[-122.72974066,50.65629331],[-122.74161259,50.65069925],[-122.76572029,50.65994938],[-122.7721229,50.6538297],[-122.79901392,50.64436489],[-122.827074,50.64852831],[-122.832852,50.64672905],[-122.84391224,50.63789571],[-122.83823046,50.63309465],[-122.85708716,50.62586192],[-122.8634044,50.616732],[-122.89890423,50.61320109],[-122.90531322,50.60320321],[-122.92531329,50.60064507],[-122.9380797,50.59500494],[-122.9474874,50.58459544],[-122.94196353,50.57564434],[-122.9450061,50.56956657],[-122.94131111,50.5638184],[-122.94632825,50.55992658],[-122.94266894,50.55017658],[-122.95143541,50.54884925],[-122.97100076,50.5709609],[-122.98325885,50.56912919],[-122.98555895,50.57275352],[-122.99979417,50.57614504],[-123.00418658,50.58996693],[-123.00240155,50.60131244],[-123.02204625,50.59647683],[-123.03610959,50.60305632],[-123.04010818,50.60197753],[-123.04125653,50.59535552],[-123.03382974,50.58922904],[-123.04104087,50.58887815],[-123.04138812,50.5780081],[-123.05337663,50.57687019],[-123.05924456,50.58197531],[-123.06705698,50.58276259],[-123.09877156,50.5975973],[-123.10067731,50.60385476],[-123.09818865,50.60983752],[-123.11353458,50.6204169],[-123.11800392,50.6216447],[-123.13154573,50.61601883],[-123.14709321,50.62460646],[-123.14974764,50.62813747],[-123.14765046,50.63099055],[-123.15657685,50.63241786],[-123.16792937,50.6317726],[-123.1773354,50.62549048],[-123.18213372,50.62692233],[-123.17635272,50.6383162],[-123.17640884,50.64950373],[-123.18862147,50.65466432],[-123.19114258,50.65887791],[-123.1897067,50.66414132],[-123.20371488,50.67410987],[-123.20018148,50.68379701],[-123.21002838,50.68830427],[-123.20868142,50.6933834],[-123.21820605,50.70010609],[-123.22248969,50.70968478],[-123.23637229,50.72097093],[-123.25131281,50.71936501],[-123.25871944,50.72232193],[-123.26575196,50.73067374],[-123.29183434,50.73066105],[-123.31010183,50.72240715],[-123.31803106,50.72407655],[-123.33812521,50.74724491],[-123.36204787,50.7537255],[-123.35811648,50.7701887],[-123.3674232,50.78352894],[-123.36740284,50.79580295],[-123.38603239,50.79240838],[-123.39431854,50.78783494],[-123.40521568,50.7735238],[-123.41155443,50.77488635],[-123.41252225,50.78191241],[-123.4217153,50.78373244],[-123.42858401,50.79086156],[-123.45908204,50.79792899],[-123.47126756,50.79159392],[-123.47859425,50.79305127],[-123.49420695,50.77843733],[-123.50937904,50.7793521],[-123.52434759,50.78826108],[-123.52611085,50.79294415],[-123.55912797,50.79362694],[-123.60428298,50.77432021],[-123.6170333,50.77795996],[-123.61628071,50.78673237],[-123.61961964,50.78886987],[-123.64038622,50.79222442],[-123.649916,50.79005826],[-123.65360468,50.79531247],[-123.66089349,50.79787968],[-123.67425229,50.79589649],[-123.68694444,50.79971432],[-123.69711496,50.79615445],[-123.69832444,50.78965306],[-123.71982619,50.79339034],[-123.7188679,50.79697256],[-123.72669823,50.80590856],[-123.7284277,50.82396719],[-123.73339354,50.82749707],[-123.72385774,50.83135279],[-123.72519522,50.83894371],[-123.74390485,50.84132493],[-123.76519708,50.83904223],[-123.78320265,50.83142724],[-123.80467319,50.83065247],[-123.81179008,50.83513007],[-123.82804291,50.83439696],[-123.83386209,50.82375255],[-123.8090523,50.8165114],[-123.79892053,50.80139632],[-123.79000021,50.79693813],[-123.79766567,50.792292],[-123.80652935,50.79406117],[-123.8141267,50.79054594],[-123.82261706,50.78448213],[-123.82302081,50.77942532],[-123.83200464,50.78010815],[-123.84863881,50.76121814],[-123.86403244,50.76151901],[-123.88292038,50.75525634],[-123.89953465,50.75845712],[-123.91495173,50.75823363],[-123.91897847,50.75536022],[-123.9148774,50.74984285],[-123.92162173,50.7426495],[-123.92095917,50.73850757],[-123.91023772,50.73524608],[-123.88839701,50.71964976],[-123.87080874,50.71693941],[-123.86166922,50.71000131],[-123.8158465,50.71539411],[-123.80469543,50.71193738],[-123.80089978,50.71696374],[-123.7916454,50.7158487],[-123.78921928,50.72145948],[-123.78022837,50.72270662],[-123.74612034,50.71348694],[-123.73412383,50.70547707],[-123.72870617,50.69517781],[-123.73692553,50.68481069],[-123.7377654,50.67362673],[-123.74601866,50.66313309],[-123.74569612,50.65531139],[-123.74118169,50.65248948],[-123.75243617,50.64595887],[-123.75042692,50.64230249],[-123.75498166,50.63619846],[-123.7482766,50.62194221],[-123.75962067,50.62039416],[-123.758467,50.61288796],[-123.77629854,50.60716286],[-123.75656083,50.59641103],[-123.75605743,50.5857392],[-123.74500145,50.58174573],[-123.74702361,50.57830595],[-123.74214141,50.57388133],[-123.74843521,50.55401055],[-123.74748231,50.54736155],[-123.74260708,50.5434627],[-123.72782077,50.53637943],[-123.71803385,50.53943071],[-123.69465676,50.53773324],[-123.68299839,50.53023442],[-123.65861503,50.53215056],[-123.63793304,50.52412598],[-123.60549283,50.52789281],[-123.59854584,50.5348525],[-123.58136225,50.53004304],[-123.57209184,50.53106913],[-123.56933654,50.52429813],[-123.55718232,50.52192298],[-123.5555928,50.51732738],[-123.55078369,50.51646465],[-123.55309425,50.51222457],[-123.54955064,50.51000069],[-123.55327217,50.50894717],[-123.55097709,50.50836002],[-123.55234714,50.50541678],[-123.54037429,50.50173273],[-123.54441783,50.49453236],[-123.54188219,50.49232368],[-123.53672759,50.4932866],[-123.52747674,50.48644901],[-123.51383984,50.48768073],[-123.50459262,50.47270083],[-123.49543731,50.4701138],[-123.48821379,50.47210495],[-123.4754187,50.46477435],[-123.46253187,50.46447539],[-123.44865776,50.45143394],[-123.42579555,50.44997298],[-123.43049774,50.44345324],[-123.42945486,50.4297151],[-123.42080661,50.42463866],[-123.42503911,50.41322846],[-123.41926658,50.40542433],[-123.38601034,50.40507143],[-123.36813266,50.41156868],[-123.36286085,50.40147692],[-123.36411182,50.39252418],[-123.36104205,50.3849702],[-123.35153777,50.38183379],[-123.33264943,50.38408384],[-123.32792065,50.37984292],[-123.32569814,50.36985707],[-123.32093056,50.36666299],[-123.31217326,50.36222249],[-123.30128071,50.36474243],[-123.28917529,50.36030381],[-123.28362156,50.35166432],[-123.29547044,50.34770028],[-123.30268051,50.34080162],[-123.28089968,50.32466422],[-123.29934423,50.32021145],[-123.29978926,50.3155194],[-123.2937243,50.30937876],[-123.29247766,50.30281732],[-123.29646955,50.29358596],[-123.30407403,50.29053346],[-123.30403966,50.28426579],[-123.31590927,50.27974035],[-123.29995751,50.27478232],[-123.27904564,50.24763293],[-123.2684323,50.24329141],[-123.26703685,50.23859108],[-123.2730865,50.23540661],[-123.2729788,50.22943843],[-123.24580364,50.22850667],[-123.23908872,50.21808329],[-123.23465056,50.21657234],[-123.23206009,50.22797168],[-123.21033784,50.23676455],[-123.20155345,50.22591602],[-123.18340212,50.23083876],[-123.17754371,50.22408907],[-123.17994632,50.21370225],[-123.16522662,50.20083402],[-123.14088778,50.21597787],[-123.12639217,50.20731371],[-123.12665543,50.19919599],[-123.12093759,50.20341137],[-123.1108873,50.20129209],[-123.11317454,50.19944549],[-123.11169335,50.19553804],[-123.10450615,50.19007695],[-123.08470701,50.18686431],[-123.07226365,50.19259272],[-123.05803053,50.19370662],[-123.05357267,50.17963363],[-123.05674792,50.17594459],[-123.07481309,50.16942378],[-123.08359612,50.16932371],[-123.07792638,50.16611484],[-123.07964138,50.15788045],[-123.07503457,50.14854827],[-123.07280797,50.12954477],[-123.06821428,50.12238152],[-123.05431102,50.11892951],[-123.04695459,50.12522752],[-123.0351516,50.12263293],[-123.03128109,50.12577087],[-123.01775647,50.12526529],[-123.00736111,50.11749539],[-123.00496242,50.11178444],[-122.98888566,50.10386277],[-122.97953035,50.09361016],[-122.96714725,50.09257325],[-122.96435537,50.0866129],[-122.9590126,50.0869478],[-122.95088865,50.07845164],[-122.94447403,50.06455728],[-122.94692948,50.05634558],[-122.95197269,50.05594455],[-122.95098471,50.05264182],[-122.93421887,50.04252579],[-122.903054,50.03426554],[-122.89311268,50.02832966],[-122.87579096,50.03139564],[-122.86920275,50.02723953],[-122.87270429,50.02313736],[-122.87072048,50.01963198],[-122.86419749,50.01623378],[-122.85456792,50.01564674],[-122.84832001,50.01877308],[-122.84068283,50.00961116],[-122.82075385,50.01538656],[-122.81321331,50.01224427],[-122.80643671,50.01428371],[-122.79931715,50.01828926],[-122.80030551,50.02520147],[-122.78877371,50.0329041],[-122.79569988,50.038376],[-122.79147321,50.04109807],[-122.76447985,50.03375648],[-122.76268802,50.02397014],[-122.7474289,50.02074845],[-122.74521633,50.01649744],[-122.7206083,50.02438929],[-122.70446022,50.02093756],[-122.67959987,50.02335718],[-122.68103049,50.00963583],[-122.68687465,50.00140558],[-122.68479654,49.9934017],[-122.67560869,49.98173806],[-122.68894968,49.97756532],[-122.69104287,49.96994422],[-122.70762524,49.96063712],[-122.71445694,49.94933466],[-122.73744487,49.95314952],[-122.7563975,49.94494765],[-122.76508522,49.94566679],[-122.77044989,49.94205771],[-122.76813563,49.93187901],[-122.77581518,49.92917047],[-122.79137488,49.93670781],[-122.79467306,49.92850361],[-122.8064806,49.91703685],[-122.83997918,49.91735916],[-122.8542991,49.92383302],[-122.86516575,49.90443547],[-122.88406502,49.89309148],[-122.90030629,49.89732141],[-122.90450359,49.90515],[-122.91174584,49.91034111],[-122.93162517,49.9157958],[-122.94053719,49.90954543],[-122.9488333,49.90823168],[-122.95214029,49.90144667],[-122.96386588,49.8986494],[-122.96682609,49.88518582],[-122.97818844,49.87864087],[-123.00475666,49.85165911],[-122.98424433,49.8512575],[-122.95719717,49.83330301],[-122.91649058,49.83137382],[-122.9018959,49.82289332],[-122.88190252,49.82705276],[-122.87475465,49.8252779],[-122.86900629,49.81890803],[-122.8804866,49.80394443],[-122.887562,49.80044825],[-122.87931392,49.78725776],[-122.87472531,49.78607502],[-122.87439834,49.77922984],[-122.86635194,49.77551937],[-122.85878488,49.77861807],[-122.85137034,49.77533479],[-122.85979471,49.76653983],[-122.85964406,49.75918235],[-122.84514517,49.74688548],[-122.85422195,49.74134769],[-122.83576186,49.7331334],[-122.82957116,49.72793456],[-122.82651044,49.71790518],[-122.8063719,49.70839278],[-122.80972898,49.70023621],[-122.81560536,49.69715619],[-122.81192185,49.69072812],[-122.84069252,49.67913555],[-122.85384615,49.66734305],[-122.84493298,49.66028862],[-122.8278096,49.65658917],[-122.82133676,49.64638865],[-122.82359012,49.63931597],[-122.81378259,49.6345928],[-122.81920254,49.6286246],[-122.80367611,49.62373668],[-122.80791497,49.61842813],[-122.82076657,49.61223328],[-122.84750975,49.61430883],[-122.84924071,49.60608999],[-122.8443091,49.60647319],[-122.82556274,49.59641803],[-122.83144117,49.59194314],[-122.81493872,49.57964894],[-122.81184739,49.57224576],[-122.80199114,49.56849539],[-122.79632606,49.57286172],[-122.78385299,49.57451211],[-122.77781084,49.56712928],[-122.79978548,49.54171444],[-122.78879454,49.53677436],[-122.79166243,49.52923085],[-122.8188778,49.51509293],[-122.83477908,49.51720475],[-122.84115264,49.50302005],[-122.83842049,49.49817249],[-122.817729,49.50501364],[-122.80817108,49.50082012],[-122.8115474,49.49513197],[-122.81040267,49.49064175],[-122.82018661,49.475599],[-122.81498312,49.47494334],[-122.81031433,49.46927342],[-122.80845242,49.46077009],[-122.81561639,49.45480914],[-122.80858434,49.44887918],[-122.81360264,49.44140249],[-122.8329922,49.42764737],[-122.82841684,49.41018145],[-122.82229623,49.40349802],[-122.83214012,49.38923775],[-122.83169727,49.38029151],[-122.82638644,49.37615935],[-122.83011351,49.36588804],[-122.82356728,49.34693033],[-122.80930406,49.33905477],[-122.80704824,49.33417135],[-122.81895039,49.31601052],[-122.8155975,49.30902962],[-122.82119602,49.29250404],[-122.83934034,49.26866884],[-122.84644627,49.26336643],[-122.88042109,49.26337182],[-122.89359562,49.26545004],[-122.89387697,49.27032809],[-122.90476389,49.27045454],[-122.90498818,49.27515013],[-123.02331599,49.27622125],[-123.02289721,49.19986997],[-123.07631196,49.20837939],[-123.11429942,49.20464015],[-123.1329223,49.19876142],[-123.1475675,49.20251998],[-123.15770606,49.21065069],[-123.1730422,49.2153516],[-123.53113497,49.22363278],[-123.32244606,49.0018746],[-121.90127439,48.99984396],[-121.75316203,48.99733091],[-120.64509692,48.99986532],[-120.64705279,49.0066273],[-120.6306561,49.00980027],[-120.61557483,49.02060024],[-120.62386699,49.02570163],[-120.62719159,49.03606224],[-120.63689335,49.03779094],[-120.63671511,49.04440867],[-120.64566928,49.05392128],[-120.62283177,49.06920814],[-120.61013331,49.06992409],[-120.60770873,49.07960827],[-120.61442034,49.09816331],[-120.61896024,49.10178362],[-120.61174423,49.10881386],[-120.61127025,49.11355412],[-120.59613868,49.1271844],[-120.61500415,49.13456635],[-120.63190951,49.13541823],[-120.64026835,49.14042967],[-120.6435868,49.1450496],[-120.64260816,49.17710819],[-120.63488666,49.18001616],[-120.60854377,49.17419537],[-120.58042464,49.17675574],[-120.56162277,49.18439811],[-120.55991959,49.18907913],[-120.5713582,49.18624967],[-120.5825533,49.18746517],[-120.61415184,49.20280499],[-120.65249832,49.20165705]]]}},{"type":"Feature","properties":{"name":"Nicola"},"geometry":{"type":"Polygon","coordinates":[[[-120.5319697,49.87884461],[-120.51262875,49.8836125],[-120.50993352,49.89304513],[-120.50123245,49.89866914],[-120.49599337,49.89063119],[-120.48555793,49.8847468],[-120.48514948,49.88095051],[-120.47406974,49.87932437],[-120.46059984,49.88652328],[-120.44959851,49.88806285],[-120.44421066,49.89430408],[-120.42208364,49.89632305],[-120.40818856,49.90340245],[-120.36847703,49.90324293],[-120.33759538,49.91249573],[-120.30843217,49.91234518],[-120.29657198,49.91618019],[-120.28998723,49.90798396],[-120.28978271,49.89866816],[-120.2771667,49.89643487],[-120.26815757,49.88406824],[-120.26069256,49.88553208],[-120.25548777,49.88170414],[-120.24876009,49.86939142],[-120.24677302,49.84618829],[-120.22353558,49.84666836],[-120.21406883,49.85390894],[-120.20165595,49.85358612],[-120.19442687,49.86011332],[-120.16744515,49.86185915],[-120.15209903,49.85851668],[-120.1378871,49.84966721],[-120.1241727,49.84860861],[-120.12003652,49.84412463],[-120.08681312,49.84403854],[-120.07999595,49.83395591],[-120.06958239,49.83713448],[-120.06731457,49.8426107],[-120.06086238,49.84504493],[-120.05348266,49.86066829],[-120.06023662,49.87354397],[-120.05360871,49.87735748],[-120.04153295,49.87627883],[-120.03474795,49.88505772],[-120.03699998,49.8909446],[-120.02756577,49.89681099],[-120.03061114,49.91123083],[-120.01670352,49.91382692],[-120.01514544,49.91855411],[-119.99957401,49.92283085],[-119.99443609,49.93979998],[-119.96468692,49.92353717],[-119.94537375,49.91733363],[-119.94834207,49.92180427],[-119.94335249,49.93060712],[-119.93771286,49.93540022],[-119.92561606,49.93800505],[-119.91883389,49.94917838],[-119.89591325,49.95796682],[-119.88448419,49.96783959],[-119.87450252,49.96635423],[-119.86050945,49.97020452],[-119.85523347,49.97731783],[-119.82933252,49.98137261],[-119.82378033,49.98905626],[-119.82762502,49.99296249],[-119.82599563,49.99914458],[-119.80472066,50.00348139],[-119.78310327,50.00276952],[-119.77252206,50.01308233],[-119.80217231,50.02196232],[-119.80903321,50.03027088],[-119.79615707,50.03918355],[-119.78463767,50.04095317],[-119.78231067,50.04491621],[-119.76260059,50.04629844],[-119.75819626,50.05624992],[-119.76734751,50.06597489],[-119.74679738,50.07504526],[-119.74528812,50.07966621],[-119.76176866,50.08534209],[-119.74515191,50.0870863],[-119.74865173,50.09042792],[-119.74739287,50.09446351],[-119.73524735,50.09973578],[-119.72969957,50.10636183],[-119.74013777,50.11042499],[-119.74115599,50.11843797],[-119.74973151,50.12491491],[-119.75350061,50.12209042],[-119.76854268,50.123648],[-119.77744684,50.12077328],[-119.77893751,50.14182767],[-119.78293434,50.14826482],[-119.80210746,50.15278537],[-119.80304494,50.16652569],[-119.80849868,50.16930742],[-119.81597653,50.18092597],[-119.83162695,50.18241137],[-119.80831749,50.19531664],[-119.80300682,50.2039958],[-119.79203954,50.20497478],[-119.77547064,50.19974468],[-119.7563796,50.20317312],[-119.75015376,50.20732964],[-119.747435,50.21084822],[-119.75166155,50.22302507],[-119.75648753,50.23159926],[-119.76476909,50.23755645],[-119.75369998,50.25084451],[-119.75276454,50.26041119],[-119.78404224,50.26006062],[-119.81496007,50.25406439],[-119.84522535,50.2559799],[-119.85711481,50.26215585],[-119.86522738,50.2626494],[-119.87478973,50.25599812],[-119.87624646,50.24988997],[-119.91370505,50.24417403],[-119.92520963,50.23182458],[-119.93393746,50.2326089],[-119.95101765,50.2258293],[-119.95129178,50.23586232],[-119.96417832,50.23845721],[-119.96458535,50.24225171],[-119.97052829,50.24306701],[-119.97692679,50.25758023],[-120.00813214,50.26048737],[-120.02839495,50.25568086],[-120.03857017,50.23825244],[-120.05395517,50.24215997],[-120.0617376,50.23258058],[-120.08223346,50.22565353],[-120.08727038,50.23637722],[-120.08938031,50.26235331],[-120.0864837,50.26885776],[-120.09165705,50.27732739],[-120.09309882,50.29127729],[-120.08836829,50.29510981],[-120.09503767,50.29575217],[-120.10263906,50.30322338],[-120.10426279,50.31972636],[-120.11098504,50.3300228],[-120.11204488,50.34491789],[-120.1220991,50.36093508],[-120.10954873,50.3625955],[-120.09160043,50.37579029],[-120.09892705,50.38351782],[-120.09902421,50.39092334],[-120.1064307,50.39708138],[-120.08917994,50.40204106],[-120.09596095,50.41490872],[-120.08494278,50.41974508],[-120.0794395,50.42771203],[-120.08291925,50.43042626],[-120.08704229,50.43050234],[-120.08647809,50.42395241],[-120.12175398,50.42474419],[-120.13062632,50.42175841],[-120.13695497,50.42458244],[-120.14201582,50.43580862],[-120.14795501,50.43689082],[-120.15292348,50.4347286],[-120.15527584,50.42733562],[-120.16624303,50.42580336],[-120.17657029,50.43088565],[-120.18051496,50.42870278],[-120.1798329,50.42367264],[-120.18989738,50.42696428],[-120.19544173,50.43692455],[-120.20808409,50.43833048],[-120.22032985,50.43667717],[-120.22704175,50.43219346],[-120.23591655,50.41386337],[-120.28988873,50.40779832],[-120.30364383,50.39732381],[-120.32176291,50.40071985],[-120.34239192,50.39827748],[-120.34983667,50.40540194],[-120.34653044,50.42069944],[-120.36300951,50.42814223],[-120.36465202,50.43802515],[-120.37181893,50.45005519],[-120.37239394,50.45926931],[-120.38366062,50.47749433],[-120.39413793,50.48203959],[-120.40913454,50.47354014],[-120.42068572,50.47496389],[-120.42845371,50.48218641],[-120.42832323,50.48699772],[-120.43525481,50.48889833],[-120.43330362,50.49605719],[-120.43723411,50.50268149],[-120.43755783,50.5113654],[-120.45189727,50.50751551],[-120.46752476,50.50947844],[-120.48172757,50.51962082],[-120.489108,50.5131331],[-120.51594202,50.51057786],[-120.51457513,50.52247307],[-120.50491839,50.53932877],[-120.51513275,50.53918461],[-120.52149925,50.54241471],[-120.52287959,50.54811084],[-120.54623656,50.54666105],[-120.56002359,50.55189971],[-120.5671162,50.5505665],[-120.57263073,50.54485428],[-120.57880034,50.54645213],[-120.58258791,50.54349797],[-120.58670117,50.54775673],[-120.58441304,50.55693828],[-120.58632578,50.56157559],[-120.61537178,50.56242],[-120.62498124,50.56564757],[-120.63319672,50.56040916],[-120.63941844,50.56084536],[-120.6399496,50.55639085],[-120.65030247,50.54978866],[-120.67389173,50.57315637],[-120.69617346,50.58157431],[-120.7154998,50.58487173],[-120.72239496,50.58981299],[-120.72894632,50.58457848],[-120.74270376,50.5805806],[-120.75375588,50.58285228],[-120.75399067,50.57750443],[-120.78684687,50.57217972],[-120.79059108,50.56762994],[-120.788805,50.56159784],[-120.79301398,50.54495677],[-120.79906099,50.54147351],[-120.80713283,50.54341262],[-120.82100591,50.54062787],[-120.83014506,50.54815508],[-120.83182091,50.56650531],[-120.83957522,50.57349498],[-120.83813969,50.58206336],[-120.84405956,50.58880393],[-120.86730909,50.59780639],[-120.86982024,50.59148322],[-120.87557175,50.59111745],[-120.88025119,50.61482861],[-120.89449724,50.62947882],[-120.89521039,50.63746889],[-120.8868041,50.64954019],[-120.90445035,50.65507939],[-120.92227155,50.65356218],[-120.93210785,50.67096131],[-120.94778516,50.666551],[-120.96757666,50.6726456],[-120.97798414,50.67015031],[-120.98472601,50.673727],[-120.99379834,50.67140878],[-121.00624089,50.67891145],[-121.01532173,50.67622717],[-121.02020964,50.6679816],[-121.04028332,50.66602448],[-121.04013146,50.65926566],[-121.04650459,50.65225136],[-121.04246049,50.63077631],[-121.04619692,50.62327187],[-121.04624994,50.61278574],[-121.05710986,50.60547525],[-121.06339831,50.59446286],[-121.04427442,50.58030997],[-121.01869393,50.57757514],[-121.00943711,50.56699178],[-121.0224081,50.55129425],[-121.01826555,50.54401932],[-121.02345931,50.53760543],[-121.01865241,50.52886571],[-121.02725887,50.51655955],[-121.02327949,50.50823003],[-121.0264124,50.49228703],[-121.03140527,50.48884611],[-121.05109617,50.4919236],[-121.08380698,50.47341637],[-121.0689325,50.46438841],[-121.07445659,50.4473998],[-121.06704099,50.43154936],[-121.04075463,50.43000728],[-121.052889,50.42096093],[-121.04806979,50.40721997],[-121.05053394,50.3989828],[-121.05932441,50.39402779],[-121.06279618,50.38536748],[-121.0773056,50.38701949],[-121.09060751,50.37830563],[-121.0984356,50.38145524],[-121.10668437,50.37855348],[-121.11959562,50.38501861],[-121.13969868,50.38541037],[-121.16213251,50.3926207],[-121.19004044,50.40877681],[-121.21017443,50.40622847],[-121.22285798,50.41439686],[-121.22140341,50.42373587],[-121.25840213,50.43458386],[-121.2694395,50.43121432],[-121.27333739,50.42554738],[-121.29002432,50.42828896],[-121.30200013,50.42480988],[-121.31485501,50.42928629],[-121.32714491,50.41560431],[-121.32860487,50.4082636],[-121.3379203,50.40046879],[-121.34023665,50.38643072],[-121.32755021,50.38190406],[-121.33350519,50.37137228],[-121.31960956,50.36776715],[-121.30508266,50.35839147],[-121.30772616,50.35242176],[-121.30286742,50.33578809],[-121.32697485,50.32799911],[-121.31606741,50.32129819],[-121.32068444,50.31004329],[-121.31475415,50.30110733],[-121.31607344,50.29289968],[-121.30006767,50.29007872],[-121.30709816,50.26742188],[-121.30177785,50.26315297],[-121.28752926,50.26469696],[-121.28617531,50.26222124],[-121.28632511,50.24320508],[-121.29631104,50.22849314],[-121.30269723,50.22994146],[-121.29877149,50.2194007],[-121.30372457,50.2120617],[-121.30204109,50.20387841],[-121.28969957,50.18972628],[-121.28389846,50.15695219],[-121.29246178,50.15320021],[-121.29340301,50.14430676],[-121.2987228,50.13592755],[-121.31932156,50.12751467],[-121.32196018,50.11386956],[-121.31021371,50.10415814],[-121.31617269,50.09685705],[-121.31484299,50.08928569],[-121.32194084,50.08160714],[-121.32307934,50.07480864],[-121.32029373,50.07192755],[-121.30988046,50.07150709],[-121.30902474,50.06721304],[-121.31489661,50.06202086],[-121.3163724,50.04970701],[-121.32411349,50.0469574],[-121.3286991,50.03746959],[-121.3267073,50.0330917],[-121.30896913,50.02410386],[-121.28991041,50.00932385],[-121.2883955,50.00448782],[-121.2925484,49.99945704],[-121.27241491,49.98802879],[-121.27751599,49.98426817],[-121.26784315,49.97557911],[-121.27129698,49.97105604],[-121.26743646,49.96440599],[-121.28351096,49.95852393],[-121.28125281,49.95291365],[-121.28783315,49.94632769],[-121.28742353,49.92396961],[-121.29229684,49.91462274],[-121.29894712,49.91179291],[-121.31567833,49.91267871],[-121.31519081,49.90679037],[-121.3234541,49.90074863],[-121.30570269,49.88504839],[-121.2968076,49.88482],[-121.29644969,49.88162628],[-121.28350383,49.87224095],[-121.2715731,49.87318335],[-121.26313864,49.86959135],[-121.25938932,49.87706274],[-121.23009806,49.88303488],[-121.22473209,49.89206651],[-121.21701531,49.89540357],[-121.20432367,49.89385091],[-121.19652437,49.88823975],[-121.17812519,49.88255141],[-121.16940339,49.88310778],[-121.15525215,49.89001884],[-121.14463923,49.88891281],[-121.12825871,49.86584832],[-121.10753455,49.86739921],[-121.09641832,49.87290647],[-121.09247295,49.86321546],[-121.08537338,49.85690336],[-121.08602539,49.85412822],[-121.09082182,49.85616854],[-121.11600518,49.84652887],[-121.10821279,49.83876014],[-121.09836409,49.83712375],[-121.10731985,49.82949431],[-121.12946904,49.82077628],[-121.18002134,49.82130838],[-121.18790345,49.81154226],[-121.18289759,49.80629131],[-121.18484095,49.80168034],[-121.20339071,49.78992302],[-121.20264993,49.78698239],[-121.2130092,49.77745293],[-121.20121981,49.75936948],[-121.19399227,49.75742636],[-121.19352391,49.74931428],[-121.19772783,49.74331234],[-121.18670451,49.72779943],[-121.15628221,49.71651003],[-121.1541935,49.70798968],[-121.13460282,49.69362971],[-121.13395247,49.68840204],[-121.12557252,49.68031023],[-121.11792168,49.67757754],[-121.12918584,49.67257414],[-121.132791,49.66642546],[-121.16973696,49.64866835],[-121.16517626,49.64214163],[-121.16817666,49.63255689],[-121.15485055,49.61696982],[-121.13479872,49.62219793],[-121.12637545,49.61903954],[-121.12462489,49.61145862],[-121.1198036,49.60971612],[-121.09915741,49.62507245],[-121.06334539,49.62633623],[-121.05833171,49.63130394],[-121.02417329,49.637787],[-121.00639252,49.65026053],[-120.98505354,49.64891513],[-120.97514497,49.63706512],[-120.96625587,49.6345973],[-120.95774436,49.6420946],[-120.96238831,49.65068616],[-120.95903809,49.65713971],[-120.9599042,49.66927456],[-120.95700983,49.67767653],[-120.9689353,49.68122447],[-120.97032292,49.68831295],[-120.96290074,49.69227203],[-120.95258663,49.71311344],[-120.93314169,49.71646885],[-120.93212347,49.72615309],[-120.91600063,49.73290744],[-120.91497601,49.74757863],[-120.92593402,49.75397324],[-120.89360128,49.76906858],[-120.89529146,49.77712297],[-120.89203644,49.782615],[-120.87858874,49.78792871],[-120.88161648,49.7998312],[-120.87588972,49.80342884],[-120.87596404,49.81401873],[-120.86478403,49.81409183],[-120.86491032,49.82132668],[-120.8705503,49.82304961],[-120.86957657,49.85374315],[-120.8417514,49.86860339],[-120.80631398,49.86334002],[-120.77656181,49.87763616],[-120.77392546,49.88373265],[-120.78726662,49.89325561],[-120.79348067,49.89018355],[-120.79631272,49.89574098],[-120.78058325,49.90239369],[-120.77947993,49.90712973],[-120.76569923,49.91089759],[-120.75817235,49.9085694],[-120.7236168,49.88142778],[-120.68858004,49.89442516],[-120.68551358,49.91099827],[-120.66702396,49.91983407],[-120.66012854,49.94009754],[-120.65192119,49.94817158],[-120.65530744,49.95767938],[-120.67092235,49.96403],[-120.66293697,49.97218821],[-120.65109392,49.97475734],[-120.64611785,49.98305007],[-120.63438399,49.9775491],[-120.63865015,49.9692147],[-120.637391,49.96594199],[-120.61633378,49.96247947],[-120.60020214,49.96565507],[-120.59448948,49.9626129],[-120.59198435,49.95175754],[-120.59612554,49.94123754],[-120.59366086,49.93629317],[-120.59817407,49.92948629],[-120.58928681,49.92439976],[-120.59186513,49.92030638],[-120.58626396,49.91875954],[-120.58091403,49.9076929],[-120.56943333,49.90292497],[-120.56349674,49.90669329],[-120.54222719,49.90818561],[-120.54131936,49.89852948],[-120.55744604,49.89364441],[-120.56445793,49.88681233],[-120.54961486,49.88602879],[-120.5440397,49.87819247],[-120.53601378,49.87434354],[-120.5319697,49.87884461]]]}},{"type":"Feature","properties":{"name":"Peace River"},"geometry":{"type":"Polygon","coordinates":[[[-122.4282146,55.31022992],[-122.40579836,55.29892786],[-122.40318409,55.28960522],[-122.38665753,55.28347571],[-122.37402684,55.2696811],[-122.35958844,55.2621227],[-122.36144044,55.25557902],[-122.35544059,55.25499087],[-122.35048212,55.25828022],[-122.34387582,55.25005881],[-122.34729818,55.24846833],[-122.33769533,55.2454871],[-122.33457618,55.23909899],[-122.32757093,55.23669687],[-122.32722306,55.23279555],[-122.33441553,55.22800876],[-122.31732856,55.22138156],[-122.30444224,55.22207923],[-122.28304819,55.21737116],[-122.27639746,55.20995389],[-122.26494703,55.21046049],[-122.26042606,55.20768373],[-122.25939179,55.20072129],[-122.24786704,55.19205093],[-122.2792261,55.18900603],[-122.28982732,55.18126818],[-122.28944422,55.17713123],[-122.29423695,55.17214516],[-122.27950877,55.15537886],[-122.26987521,55.14984964],[-122.26953856,55.14680955],[-122.27540974,55.14232427],[-122.26544972,55.13511169],[-122.26590954,55.13193295],[-122.25053373,55.1314447],[-122.23392548,55.13898905],[-122.22327683,55.13627015],[-122.19611944,55.13871541],[-122.18075264,55.12965316],[-122.17733714,55.12165966],[-122.18130503,55.11736332],[-122.17290938,55.10733106],[-122.1729573,55.09851561],[-122.1368473,55.09315098],[-122.12798672,55.09779683],[-122.12756137,55.10226843],[-122.10905109,55.10049011],[-122.10287257,55.09542194],[-122.1074425,55.0932978],[-122.08843034,55.08364525],[-122.06984786,55.0667041],[-122.05802329,55.06642264],[-122.04113275,55.05995654],[-122.03715716,55.05618653],[-122.03862527,55.05289568],[-122.03015522,55.05034092],[-122.02983966,55.04607888],[-122.02260308,55.04180667],[-122.02359757,55.03651219],[-122.0140607,55.02899361],[-121.98766351,55.02431822],[-121.97721392,55.02556946],[-121.96733841,55.01223031],[-121.95246943,55.00993777],[-121.9397064,55.00165778],[-121.93811267,54.99824718],[-121.94412808,54.99264673],[-121.92496534,54.98374322],[-121.92153046,54.9791836],[-121.92253685,54.97190344],[-121.9039333,54.96216663],[-121.8982635,54.95552763],[-121.87479266,54.95142133],[-121.87234118,54.943005],[-121.86524247,54.93487727],[-121.84796055,54.9273638],[-121.85510017,54.91590953],[-121.87391103,54.90943481],[-121.87245275,54.90130511],[-121.85352722,54.89625193],[-121.8389435,54.89951651],[-121.84693112,54.89397162],[-121.85728128,54.89322035],[-121.87500911,54.88278452],[-121.87736977,54.87907651],[-121.87321053,54.87631478],[-121.87259315,54.86812119],[-121.85657497,54.86257075],[-121.84853321,54.8648398],[-121.83909235,54.86045508],[-121.81217704,54.85724604],[-121.80446496,54.85462796],[-121.79775368,54.84377133],[-121.78380865,54.84130252],[-121.77918044,54.85053141],[-121.76606057,54.84918942],[-121.76503014,54.8564403],[-121.75707967,54.85695211],[-121.74054369,54.86800182],[-121.74563231,54.88113043],[-121.73269014,54.88098723],[-121.73051572,54.88777664],[-121.71550348,54.8798718],[-121.69851151,54.87890097],[-121.68242765,54.8640793],[-121.66683841,54.85608373],[-121.65109302,54.85521825],[-121.64710099,54.85176756],[-121.64839736,54.8463708],[-121.6457366,54.84405869],[-121.61851603,54.83761377],[-121.61094087,54.83095773],[-121.58965439,54.82391733],[-121.55934061,54.81913508],[-121.5528482,54.81535506],[-121.5510134,54.8067646],[-121.5462808,54.8030253],[-121.52710409,54.79705152],[-121.52352512,54.78377516],[-121.52779013,54.77850961],[-121.52911856,54.76923689],[-121.51083208,54.76252139],[-121.50196094,54.75496857],[-121.49382081,54.75507098],[-121.50032856,54.73957421],[-121.47659092,54.72422823],[-121.4832453,54.71975464],[-121.48046617,54.71062491],[-121.49129789,54.6941814],[-121.50429868,54.68702695],[-121.52200525,54.68342959],[-121.51500134,54.67603165],[-121.52905245,54.66600603],[-121.52532241,54.66464691],[-121.52758521,54.65933337],[-121.5209221,54.65367945],[-121.53075076,54.65098047],[-121.50782115,54.64180629],[-121.50843045,54.63784628],[-121.50240383,54.63631687],[-121.50370041,54.63217787],[-121.49409373,54.63012609],[-121.49272266,54.62475794],[-121.49854597,54.62271884],[-121.49702519,54.61688966],[-121.48655113,54.60875922],[-121.45343121,54.60925769],[-121.45956024,54.60183198],[-121.45341308,54.59296657],[-121.44193852,54.58623545],[-121.44747182,54.57879267],[-121.44636753,54.57559603],[-121.43186265,54.56934229],[-121.41367755,54.5693588],[-121.39587906,54.5616348],[-121.39271629,54.55737916],[-121.39822129,54.55242417],[-121.39627726,54.54721007],[-121.40096849,54.53756938],[-121.39936866,54.53276552],[-121.36276274,54.53893163],[-121.36176395,54.53519699],[-121.3382489,54.52566299],[-121.32182238,54.52269073],[-121.31643413,54.51895462],[-121.31904556,54.51232417],[-121.30110222,54.51754775],[-121.2827266,54.51453542],[-121.270157,54.51722233],[-121.2693911,54.52359242],[-121.2644036,54.52665298],[-121.26756542,54.53576339],[-121.25673104,54.54204625],[-121.25265045,54.55221151],[-121.24753687,54.54729996],[-121.22986643,54.54166647],[-121.20448096,54.54719118],[-121.20367312,54.55442163],[-121.18930936,54.54580267],[-121.18166324,54.54852881],[-121.164407,54.54713584],[-121.14656046,54.55325451],[-121.13141619,54.55053536],[-121.1259139,54.54851336],[-121.12219392,54.53930624],[-121.13253713,54.52816681],[-121.13082721,54.52091795],[-121.13920411,54.50959989],[-121.12710599,54.50202907],[-121.11931459,54.50174373],[-121.13011531,54.49136281],[-121.12968894,54.48376989],[-121.12348853,54.47635945],[-121.11701053,54.47009259],[-121.07990323,54.45515897],[-121.06833731,54.45747928],[-121.06472804,54.47043627],[-121.0593022,54.46262675],[-121.04320454,54.45287484],[-121.02841542,54.45292512],[-121.03029557,54.45737106],[-121.02779472,54.46036763],[-121.00727692,54.46640922],[-120.97938498,54.46121722],[-120.95258357,54.46261816],[-120.94274072,54.45913867],[-120.94050607,54.4532302],[-120.934319,54.44993183],[-120.91009907,54.45783249],[-120.87802329,54.46128964],[-120.88204143,54.47291091],[-120.87644408,54.47717733],[-120.87715105,54.49002274],[-120.85268681,54.49328832],[-120.83917803,54.50402051],[-120.81328529,54.48675383],[-120.82048088,54.47435299],[-120.81473524,54.46715605],[-120.79895741,54.46823606],[-120.80523027,54.45734403],[-120.80659848,54.44971945],[-120.80317776,54.44189419],[-120.80598726,54.4355494],[-120.79591431,54.41674328],[-120.78560632,54.41315721],[-120.78799489,54.41029715],[-120.78569274,54.40346891],[-120.7765434,54.39671427],[-120.76192141,54.39658025],[-120.75514362,54.39861529],[-120.74721055,54.40676191],[-120.73345844,54.40948423],[-120.69852421,54.39701913],[-120.694797,54.39088559],[-120.67399721,54.37768772],[-120.65865429,54.35853041],[-120.67812597,54.34941098],[-120.69171838,54.3508675],[-120.69971407,54.34752588],[-120.70214718,54.343635],[-120.69366625,54.33430326],[-120.69756401,54.32990139],[-120.68582021,54.32264681],[-120.70158123,54.30816701],[-120.73154901,54.30035182],[-120.72112886,54.29419109],[-120.70322782,54.29381941],[-120.68151958,54.2823795],[-120.65511202,54.28915075],[-120.63487853,54.28083795],[-120.62864576,54.28535145],[-120.62922865,54.29254737],[-120.60597871,54.28962439],[-120.59849462,54.28393753],[-120.59036202,54.27616858],[-120.59740137,54.26940151],[-120.58817742,54.26414456],[-120.58264988,54.25528351],[-120.58708089,54.25099914],[-120.58174119,54.24703902],[-120.57978112,54.23787926],[-120.58699065,54.23334451],[-120.58722149,54.2299762],[-120.57285569,54.22296313],[-120.56767982,54.21008482],[-120.56775676,54.20571775],[-120.57717964,54.19927798],[-120.57298307,54.19162451],[-120.58617496,54.18079498],[-120.58628774,54.17574383],[-120.55985117,54.16166853],[-120.54964479,54.14575765],[-120.5402002,54.14254948],[-120.53542266,54.13680605],[-120.51146089,54.12880552],[-120.47904832,54.13490068],[-120.46163199,54.13204366],[-120.45610043,54.12593061],[-120.43112977,54.11355293],[-120.40698205,54.12384077],[-120.37557874,54.11396692],[-120.34351187,54.11526783],[-120.34061703,54.11360601],[-120.34145453,54.10700561],[-120.32591961,54.10423187],[-120.31440174,54.11140006],[-120.28566604,54.11695753],[-120.28309592,54.1207406],[-120.26261047,54.11178333],[-120.24275534,54.11401365],[-120.22767686,54.11118201],[-120.18458585,54.11751306],[-120.18072469,54.10915981],[-120.18963624,54.09144959],[-120.17752756,54.09080593],[-120.1670735,54.07308754],[-120.17698911,54.05360842],[-120.17769713,54.04641443],[-120.19486098,54.04382227],[-120.19970883,54.03257175],[-120.207051,54.0295651],[-120.22992498,54.04292335],[-120.23470404,54.04159544],[-120.25525534,54.01787419],[-120.25485568,54.00769643],[-120.26110712,53.9961297],[-120.25773341,53.98771774],[-120.26275188,53.98202143],[-120.24574641,53.97609762],[-120.23391981,53.97931296],[-120.22155649,53.97450547],[-120.20826514,53.97443525],[-120.21268611,53.9597916],[-120.22008298,53.94872611],[-120.21284715,53.93991652],[-120.20075168,53.94327155],[-120.15720761,53.94219354],[-120.15090593,53.94620082],[-120.14733984,53.95508125],[-120.14025628,53.95937995],[-120.13703969,53.96812267],[-120.12653748,53.97402773],[-120.11466068,53.97676856],[-120.10472177,53.9836059],[-120.07822895,53.9795019],[-120.06810486,53.96353489],[-120.06410286,53.96224126],[-120.06715432,53.95055638],[-120.05795447,53.93727754],[-120.06384388,53.92712706],[-120.05511773,53.91939986],[-120.06906287,53.91384064],[-120.07061186,53.90541643],[-120.05120937,53.88138914],[-120.02713764,53.87170305],[-120.01511666,53.86200896],[-120.01891317,53.85161954],[-120.04624852,53.84403791],[-120.05294325,53.83108544],[-120.04425794,53.81989439],[-120.04068915,53.80382375],[-120.0317293,53.80667178],[-120.00821103,53.79654481],[-120.00132376,53.79834474],[-120.00149712,57.60136584],[-120.01235835,57.59622262],[-120.0148244,57.59288835],[-120.01120831,57.58817637],[-120.01843977,57.58496402],[-120.02250868,57.57843854],[-120.03494495,57.57991564],[-120.04372507,57.58614065],[-120.06253901,57.58847458],[-120.05479145,57.57258049],[-120.06831539,57.56763126],[-120.07162972,57.56198436],[-120.08384403,57.55374844],[-120.10455105,57.5490567],[-120.09567891,57.54468245],[-120.08333702,57.52745073],[-120.0933529,57.52192378],[-120.10906762,57.5185976],[-120.11675888,57.52148851],[-120.15341682,57.51823134],[-120.15757683,57.51874682],[-120.15625285,57.52494338],[-120.16342447,57.53085666],[-120.19113452,57.53161222],[-120.20065952,57.5284778],[-120.20115481,57.5191435],[-120.20840951,57.51314956],[-120.20551331,57.50629808],[-120.2072772,57.50114106],[-120.2266415,57.51368874],[-120.22945393,57.50582299],[-120.25297807,57.50265531],[-120.25061973,57.49820522],[-120.25311433,57.49719403],[-120.30398326,57.50319457],[-120.31489646,57.49678614],[-120.32705161,57.49719736],[-120.33600868,57.4910202],[-120.33624189,57.48402965],[-120.35174827,57.47992734],[-120.35099566,57.47595565],[-120.36241098,57.46993117],[-120.35869179,57.45658748],[-120.36955893,57.45570865],[-120.38264238,57.44480436],[-120.3919351,57.44915171],[-120.41530873,57.44357603],[-120.42710326,57.4540822],[-120.44764726,57.45525548],[-120.45928611,57.46447443],[-120.47383521,57.46398727],[-120.48493168,57.45784311],[-120.48580739,57.45241652],[-120.48156797,57.45070715],[-120.4803888,57.44558219],[-120.48518654,57.42964239],[-120.49777775,57.42982087],[-120.50005136,57.4341987],[-120.50451397,57.4349353],[-120.51483231,57.42738285],[-120.5237675,57.43345037],[-120.53399727,57.43543477],[-120.56949934,57.42567048],[-120.59641422,57.42620176],[-120.60442671,57.42900445],[-120.60387238,57.43972462],[-120.62048725,57.44399448],[-120.62878865,57.44014764],[-120.62982668,57.42901575],[-120.64498268,57.42282897],[-120.67047419,57.42593551],[-120.67289776,57.43079674],[-120.66711385,57.44214511],[-120.6711713,57.44497507],[-120.7050857,57.43145527],[-120.72245134,57.43203162],[-120.72700498,57.42856356],[-120.73649086,57.4322892],[-120.76541067,57.43073483],[-120.76852809,57.42495012],[-120.77301279,57.42411821],[-120.77400564,57.41938749],[-120.78735855,57.41734881],[-120.78861806,57.41132824],[-120.7918857,57.41009678],[-120.80328453,57.41208828],[-120.80984393,57.4222486],[-120.82573337,57.42571914],[-120.83636045,57.43339121],[-120.84463168,57.42681744],[-120.84058412,57.41266353],[-120.84508409,57.39944568],[-120.84322644,57.3944231],[-120.87035997,57.40315677],[-120.87281274,57.40645785],[-120.87077628,57.41378798],[-120.87431882,57.41858477],[-120.89313452,57.41259269],[-120.90090466,57.41310482],[-120.91246705,57.4075285],[-120.9401365,57.41074533],[-120.94877318,57.40216856],[-120.9585762,57.40597737],[-120.98910354,57.39500641],[-120.99813551,57.38754676],[-121.03120381,57.39909132],[-121.03749845,57.40357242],[-121.03058425,57.40982826],[-121.03637599,57.43016029],[-121.05396963,57.43581299],[-121.04682378,57.44483344],[-121.03387859,57.44841728],[-121.03558472,57.45383402],[-121.02648646,57.45410591],[-121.01836259,57.46036773],[-121.04304296,57.46513919],[-121.04613873,57.4576404],[-121.05150914,57.45498843],[-121.07597838,57.45425878],[-121.07881476,57.45782367],[-121.07483723,57.46249872],[-121.10589691,57.46996555],[-121.10481016,57.48081571],[-121.11953317,57.48581581],[-121.11634838,57.4925745],[-121.11931314,57.49771406],[-121.13530615,57.49492734],[-121.12896276,57.50407419],[-121.13036448,57.50932866],[-121.13844476,57.51096671],[-121.14475881,57.51690905],[-121.16643491,57.51431424],[-121.16847237,57.51034617],[-121.16330053,57.50811462],[-121.1715589,57.5046098],[-121.17194596,57.49985646],[-121.16724193,57.49585002],[-121.19709003,57.48731692],[-121.1981777,57.47977472],[-121.20951872,57.47766467],[-121.22204293,57.48026612],[-121.23010762,57.48688318],[-121.23015229,57.49030713],[-121.24678313,57.4991635],[-121.25030976,57.51022174],[-121.2573277,57.51493631],[-121.27301614,57.50729645],[-121.27656644,57.49571802],[-121.2830264,57.49162537],[-121.30207043,57.49027645],[-121.30851843,57.49379936],[-121.31597787,57.49228774],[-121.31786644,57.48855766],[-121.32694072,57.48832298],[-121.34080416,57.49575737],[-121.35191113,57.49528166],[-121.35683216,57.48872047],[-121.36210693,57.45745149],[-121.36842491,57.45514548],[-121.3792241,57.45730483],[-121.40812052,57.47226553],[-121.41096852,57.47710318],[-121.42009514,57.48024977],[-121.42340418,57.48669268],[-121.42706491,57.48001365],[-121.43515537,57.47636633],[-121.44415866,57.48285551],[-121.44975285,57.47401544],[-121.4632475,57.471361],[-121.47409122,57.47399455],[-121.48014813,57.47170014],[-121.48054884,57.47629124],[-121.49742879,57.47278359],[-121.50325027,57.47430027],[-121.50572427,57.46648055],[-121.51940271,57.4645098],[-121.53708799,57.4653986],[-121.54185877,57.47036882],[-121.55132885,57.47320424],[-121.57582049,57.47089197],[-121.60897923,57.47313613],[-121.61916067,57.47071713],[-121.62244564,57.47467432],[-121.63704794,57.46816796],[-121.65097405,57.47240044],[-121.67706135,57.46989095],[-121.6782372,57.47256094],[-121.69545682,57.47297382],[-121.70996537,57.48062957],[-121.72397383,57.47647318],[-121.7454728,57.47746877],[-121.76323326,57.47211238],[-121.76268427,57.46749718],[-121.76941693,57.464227],[-121.78202523,57.46197044],[-121.78494217,57.46399993],[-121.77315529,57.47019451],[-121.79075253,57.47458012],[-121.81003333,57.4732101],[-121.81019477,57.47782945],[-121.80198177,57.48126786],[-121.8208219,57.48700721],[-121.82396851,57.49618615],[-121.82940244,57.49508497],[-121.86289798,57.50319709],[-121.88222741,57.50244196],[-121.90019527,57.4870183],[-121.89884542,57.47681087],[-121.91053301,57.46393951],[-121.89782468,57.44693467],[-121.90344471,57.44184714],[-121.89831659,57.44028372],[-121.89899227,57.43723161],[-121.90604619,57.43123776],[-121.92502141,57.42560145],[-121.92595153,57.42001408],[-121.93677632,57.40924946],[-121.95308587,57.40682023],[-121.95541486,57.40215621],[-121.96541523,57.39926058],[-121.96863557,57.38887657],[-121.98086694,57.38004643],[-121.97897665,57.37690561],[-121.98301322,57.37400353],[-121.98381555,57.3688637],[-121.97745207,57.36173844],[-121.99619239,57.35920739],[-122.03130582,57.36577953],[-122.05234807,57.35948534],[-122.07884618,57.36725903],[-122.09604313,57.3586518],[-122.12551982,57.35521372],[-122.14189861,57.35880802],[-122.17178841,57.35510466],[-122.18408963,57.36237199],[-122.19960921,57.36233628],[-122.20275671,57.35901053],[-122.19997812,57.35773802],[-122.20072058,57.35223239],[-122.21056441,57.35086703],[-122.22979538,57.33649694],[-122.24782609,57.33902653],[-122.25767693,57.3446406],[-122.27250537,57.34411658],[-122.28969485,57.34796997],[-122.30265863,57.34338508],[-122.30711625,57.3369301],[-122.33092577,57.33034674],[-122.32881009,57.32112802],[-122.36817724,57.32759357],[-122.38853536,57.3171337],[-122.41752711,57.31376213],[-122.42518131,57.30903313],[-122.42170715,57.2991949],[-122.42592768,57.29444401],[-122.45113154,57.29382393],[-122.45900495,57.28717908],[-122.47468273,57.28542259],[-122.49294652,57.27648874],[-122.49404155,57.2720058],[-122.48706816,57.26697786],[-122.48777273,57.26457848],[-122.50868771,57.26207886],[-122.51060829,57.25287349],[-122.50606136,57.24343843],[-122.49432847,57.23706731],[-122.49789791,57.23329041],[-122.49800449,57.22546304],[-122.48970509,57.22274046],[-122.48671552,57.21514528],[-122.47156908,57.20707328],[-122.47960907,57.20535099],[-122.48628655,57.19011168],[-122.50134009,57.18865512],[-122.49491856,57.18357387],[-122.49561533,57.18082997],[-122.52174113,57.17817871],[-122.53432333,57.17272439],[-122.53846984,57.16572953],[-122.57782663,57.17693104],[-122.60922875,57.19255917],[-122.62837139,57.19060955],[-122.65218698,57.19507464],[-122.6556258,57.18402258],[-122.67021683,57.18206713],[-122.67510574,57.17287718],[-122.67429388,57.16521271],[-122.67739563,57.16463195],[-122.68762107,57.16675857],[-122.70515404,57.18211465],[-122.71278216,57.17765302],[-122.73536641,57.18363472],[-122.75115429,57.18065463],[-122.76674924,57.18248194],[-122.77337711,57.1745312],[-122.77925518,57.17388981],[-122.80164468,57.18035427],[-122.80971079,57.1893457],[-122.83940061,57.19385099],[-122.84060974,57.19160737],[-122.82610879,57.16850172],[-122.84986605,57.1632209],[-122.85078017,57.15867606],[-122.85668981,57.15712113],[-122.85214688,57.15320656],[-122.85394964,57.1509963],[-122.86736745,57.14830128],[-122.87100074,57.14307901],[-122.90658924,57.12837966],[-122.91240791,57.1297682],[-122.91275598,57.13431276],[-122.9234847,57.14411321],[-122.93281266,57.14731875],[-122.93415275,57.15593044],[-122.96316543,57.16123095],[-122.97059944,57.15592171],[-122.99120441,57.15006601],[-123.00845928,57.14636603],[-123.03896733,57.14583882],[-123.04866663,57.14149326],[-123.05575432,57.14568789],[-123.06252768,57.14381923],[-123.10122625,57.15366951],[-123.12237072,57.14528756],[-123.12307716,57.14012129],[-123.12135461,57.13406478],[-123.11452871,57.12924258],[-123.11342084,57.12183233],[-123.10928725,57.11931256],[-123.11152837,57.11586618],[-123.10987664,57.10926491],[-123.10348477,57.1003579],[-123.10637862,57.09408631],[-123.11414995,57.08983953],[-123.11371719,57.08209672],[-123.13256291,57.07623865],[-123.13620637,57.067638],[-123.14977775,57.07223437],[-123.17797651,57.06988494],[-123.19885123,57.07781348],[-123.20288138,57.08440814],[-123.22578478,57.08463283],[-123.2381118,57.09353453],[-123.26125492,57.09994631],[-123.28192218,57.09170405],[-123.29547841,57.09804181],[-123.30702729,57.09804528],[-123.31616644,57.09322077],[-123.31536535,57.08966162],[-123.3273547,57.08448688],[-123.33642713,57.08730229],[-123.33873542,57.09195403],[-123.3631208,57.1067644],[-123.37151516,57.10600751],[-123.37542529,57.10004401],[-123.38273181,57.09666173],[-123.39836938,57.09469591],[-123.39602306,57.0876022],[-123.39877068,57.08422782],[-123.4083862,57.08513026],[-123.41527396,57.09018538],[-123.4380598,57.08058866],[-123.44418077,57.07088231],[-123.45202459,57.06557267],[-123.44784581,57.04979097],[-123.47990166,57.04383626],[-123.48125461,57.04684512],[-123.50405569,57.05342427],[-123.51160294,57.04087104],[-123.52008643,57.03544659],[-123.52020818,57.02923925],[-123.51180824,57.01923527],[-123.52681633,57.01371648],[-123.55086588,57.01202628],[-123.5525625,57.00688139],[-123.55838217,57.00631685],[-123.57072158,57.00979936],[-123.59412043,57.0068625],[-123.60043898,57.01313242],[-123.60828981,57.0140315],[-123.6119126,57.01138467],[-123.60898302,56.99584246],[-123.62530463,56.99500675],[-123.63160058,56.99073877],[-123.63052432,56.98582294],[-123.63982252,56.97819195],[-123.63180211,56.96819885],[-123.64086097,56.96776596],[-123.65604356,56.97961547],[-123.66541723,56.97848017],[-123.68575203,56.98524654],[-123.692203,56.97189055],[-123.71030625,56.96190628],[-123.72044432,56.9472263],[-123.74290207,56.94802976],[-123.75101436,56.95460552],[-123.76755964,56.95305441],[-123.77766865,56.9472377],[-123.77554545,56.94243678],[-123.78341185,56.9325309],[-123.82171111,56.92382476],[-123.82334862,56.91311043],[-123.83458969,56.90675159],[-123.83458927,56.90210607],[-123.83833003,56.89978177],[-123.83600649,56.89531392],[-123.85290408,56.8935151],[-123.83754313,56.87563222],[-123.82796954,56.87221127],[-123.82535566,56.86401219],[-123.81388919,56.8621334],[-123.81735034,56.84842813],[-123.81261456,56.83832553],[-123.80383776,56.83014858],[-123.78432831,56.82291672],[-123.77202362,56.81435541],[-123.77070265,56.80894297],[-123.79508396,56.79274204],[-123.80776029,56.76999695],[-123.79222712,56.75473906],[-123.77954785,56.75263206],[-123.7728875,56.74802814],[-123.7725501,56.74385242],[-123.76408388,56.7410261],[-123.76311352,56.73024156],[-123.75327409,56.71892876],[-123.76261233,56.71275645],[-123.76245555,56.70621987],[-123.77069389,56.70191566],[-123.76536635,56.68925815],[-123.76019193,56.68222445],[-123.7501048,56.67935772],[-123.74528677,56.67083319],[-123.73704696,56.66576144],[-123.71510724,56.67052765],[-123.68822154,56.65843706],[-123.66511426,56.65277938],[-123.66799803,56.64551746],[-123.66219904,56.64005105],[-123.67466082,56.62727484],[-123.67113594,56.62098787],[-123.67390807,56.6157719],[-123.66962358,56.61322176],[-123.6705917,56.6097028],[-123.67973312,56.60456364],[-123.67400312,56.60119064],[-123.67239498,56.58943925],[-123.68818095,56.58874507],[-123.70804442,56.58066332],[-123.72599576,56.58321103],[-123.72771883,56.57888578],[-123.74156317,56.56889939],[-123.71985822,56.56089602],[-123.7247124,56.55522751],[-123.72434489,56.55046414],[-123.69808469,56.55078828],[-123.69091813,56.54020785],[-123.68053111,56.53633668],[-123.67890944,56.5285836],[-123.70526189,56.51960233],[-123.69713747,56.50989854],[-123.68264139,56.5029645],[-123.66214064,56.50656095],[-123.65188213,56.50365584],[-123.63237968,56.5075483],[-123.61493934,56.5059211],[-123.60542312,56.51275412],[-123.59504654,56.50081685],[-123.59987199,56.49747831],[-123.60000509,56.49373034],[-123.57461769,56.48485136],[-123.5675502,56.47718982],[-123.56689332,56.47027722],[-123.55485691,56.46186608],[-123.55389792,56.45627815],[-123.56165279,56.45007484],[-123.56361003,56.44372866],[-123.55728279,56.42672809],[-123.5593487,56.41428106],[-123.54510981,56.41440262],[-123.50967833,56.39664719],[-123.50019311,56.39784903],[-123.50589688,56.40411827],[-123.47717757,56.43212239],[-123.47642156,56.44369217],[-123.47091316,56.45079235],[-123.46321754,56.45082091],[-123.46119224,56.45686191],[-123.45347837,56.45849025],[-123.44118848,56.45299868],[-123.42356901,56.471328],[-123.40447478,56.4765337],[-123.38360005,56.46896374],[-123.37417904,56.46163405],[-123.35610329,56.45820042],[-123.35079378,56.45216423],[-123.36106405,56.44855553],[-123.36400694,56.43739836],[-123.35471052,56.43142383],[-123.34020344,56.42852982],[-123.33435464,56.42212636],[-123.31247557,56.41931217],[-123.30850873,56.40705043],[-123.29910639,56.400658],[-123.29740588,56.39612583],[-123.2903494,56.39337496],[-123.28000579,56.3778205],[-123.27050926,56.37024004],[-123.26169376,56.36909113],[-123.25302735,56.37018682],[-123.25630172,56.37518833],[-123.25267748,56.37790869],[-123.23635708,56.37650155],[-123.23365746,56.38253605],[-123.20989341,56.39671641],[-123.20693826,56.40363507],[-123.19547875,56.40746996],[-123.20079599,56.41238996],[-123.19662825,56.41748494],[-123.16561566,56.42474819],[-123.16110648,56.43451186],[-123.15377208,56.43724624],[-123.1627823,56.44260182],[-123.1543177,56.45183952],[-123.15021857,56.44911728],[-123.13483178,56.44943941],[-123.1234625,56.44117677],[-123.10292434,56.43762917],[-123.09560362,56.42473753],[-123.07696581,56.43098484],[-123.07174329,56.4299015],[-123.06613828,56.4199599],[-123.05959046,56.41618518],[-123.04842067,56.41641843],[-123.0277917,56.40248993],[-123.02616706,56.39774332],[-122.99205011,56.39775978],[-122.98200813,56.40324288],[-122.97005631,56.39678522],[-122.95474214,56.39434228],[-122.94430478,56.38532582],[-122.94292624,56.3712654],[-122.92364929,56.34137846],[-122.92413901,56.3290379],[-122.93111864,56.32680619],[-122.93371233,56.32058075],[-122.94022319,56.31768259],[-122.90577466,56.31947163],[-122.88961941,56.31291408],[-122.88080685,56.29402657],[-122.87016751,56.28055285],[-122.8535091,56.27904369],[-122.83309911,56.28619292],[-122.83535476,56.28992874],[-122.82884006,56.29252998],[-122.80460251,56.29175349],[-122.78935808,56.28326114],[-122.7810566,56.27340139],[-122.76836772,56.27323568],[-122.75890972,56.26788068],[-122.75630092,56.25609135],[-122.76029974,56.25204527],[-122.74886519,56.25001094],[-122.74141511,56.24371664],[-122.6821321,56.24274865],[-122.66321921,56.23601074],[-122.61768442,56.22743756],[-122.60801329,56.24064076],[-122.61791385,56.26127131],[-122.61017282,56.26075201],[-122.60942652,56.26423208],[-122.59700674,56.26814956],[-122.57578754,56.2700326],[-122.55499349,56.27948781],[-122.48896426,56.27986204],[-122.48254842,56.28489715],[-122.48362044,56.29048486],[-122.47516755,56.29030575],[-122.47739431,56.29653662],[-122.47012336,56.29925529],[-122.46887227,56.30304064],[-122.45712465,56.29812953],[-122.44035097,56.28092655],[-122.42569013,56.27709413],[-122.42049676,56.26957335],[-122.41178025,56.26495911],[-122.39746918,56.26815967],[-122.390649,56.27426357],[-122.38727692,56.28489838],[-122.36880061,56.29785499],[-122.35240274,56.28561319],[-122.35098197,56.28042665],[-122.33538515,56.26486399],[-122.319823,56.27137267],[-122.28274819,56.27087632],[-122.25849556,56.28239541],[-122.23806328,56.28423938],[-122.21623098,56.29287673],[-122.23875381,56.30710562],[-122.24161648,56.31779905],[-122.22094055,56.31784903],[-122.20701898,56.3236366],[-122.19984067,56.33065317],[-122.18322515,56.33540594],[-122.17426413,56.3330595],[-122.15716574,56.33586844],[-122.14788827,56.3290043],[-122.14711032,56.32185067],[-122.12603807,56.31284056],[-122.10733001,56.32142291],[-122.08455566,56.32635122],[-122.03496711,56.31408399],[-122.02717362,56.31538009],[-122.02855789,56.32039988],[-122.02467542,56.32146953],[-122.01634996,56.31717705],[-122.01421224,56.31117098],[-121.99213912,56.30652804],[-121.96541534,56.31080872],[-121.95789681,56.31472238],[-121.94007005,56.31088784],[-121.91515728,56.31786937],[-121.88440706,56.31899786],[-121.87131257,56.32431817],[-121.86342121,56.33140803],[-121.8523194,56.33137822],[-121.85470434,56.33609422],[-121.84640431,56.33909011],[-121.82241074,56.33900752],[-121.81104715,56.34480738],[-121.78858831,56.34511557],[-121.75236857,56.33893856],[-121.73079708,56.34193456],[-121.69845824,56.34104264],[-121.6823257,56.33584498],[-121.66456276,56.32143344],[-121.66139231,56.31000239],[-121.65594995,56.3074585],[-121.65313987,56.30093804],[-121.65758244,56.27728989],[-121.65083206,56.26357981],[-121.65412408,56.2477822],[-121.64718222,56.23997274],[-121.64960661,56.23627694],[-121.6340236,56.23079983],[-121.6320562,56.22041128],[-121.63509459,56.21909013],[-121.63972474,56.2056159],[-121.63278697,56.18912298],[-121.63780597,56.18221945],[-121.6363864,56.17666079],[-121.65160316,56.16826555],[-121.68460631,56.15880662],[-121.70284955,56.14331455],[-121.71402975,56.14189178],[-121.721682,56.13707292],[-121.72108642,56.13293813],[-121.72799286,56.12691571],[-121.73126467,56.11083831],[-121.72846108,56.10304888],[-121.71503161,56.09634004],[-121.70989218,56.08937346],[-121.71102476,56.07785525],[-121.70376298,56.04792602],[-121.70634918,56.03148304],[-121.71472203,56.02999548],[-121.73329179,56.03460574],[-121.74228525,56.03225195],[-121.74963965,56.02085517],[-121.76765753,56.00808436],[-121.78958207,55.98308373],[-121.78689536,55.98020407],[-121.75277904,55.97457488],[-121.74911763,55.97026585],[-121.7554265,55.96042982],[-121.75078613,55.95650651],[-121.72361372,55.95988365],[-121.71187488,55.95059005],[-121.67600646,55.94237408],[-121.67969387,55.93333155],[-121.68837252,55.93020634],[-121.6915355,55.92461066],[-121.67721084,55.91404708],[-121.6893364,55.89726432],[-121.72017005,55.9016676],[-121.73692931,55.89669993],[-121.74598887,55.8895595],[-121.76932985,55.89180237],[-121.77252349,55.88619503],[-121.7680079,55.87080542],[-121.7702356,55.86362317],[-121.80245369,55.86243017],[-121.81978695,55.87017047],[-121.82274499,55.88940365],[-121.82922689,55.89236856],[-121.83149101,55.89755352],[-121.85724998,55.89565807],[-121.86950991,55.8864469],[-121.87884905,55.8864095],[-121.89366392,55.88983078],[-121.9030538,55.90088826],[-121.91428079,55.90630082],[-121.91924872,55.8996999],[-121.91455324,55.87879106],[-121.92452978,55.87028776],[-121.94101728,55.86433771],[-121.93762466,55.85417174],[-121.9458703,55.84512464],[-121.94608162,55.83656433],[-121.96691066,55.83015406],[-122.01236081,55.82985338],[-122.02493585,55.82384941],[-122.10402934,55.84480529],[-122.11804755,55.82873765],[-122.1381075,55.81653052],[-122.14953435,55.8144491],[-122.17579637,55.8356367],[-122.19876388,55.83975198],[-122.20976211,55.85117919],[-122.22829488,55.83828541],[-122.22667343,55.82837528],[-122.25057058,55.82662764],[-122.25634744,55.82291526],[-122.30165463,55.83640732],[-122.34932538,55.83386018],[-122.3583923,55.82349417],[-122.35884599,55.81552943],[-122.36463832,55.80909346],[-122.38163953,55.80568174],[-122.3886561,55.80628417],[-122.40015876,55.81885499],[-122.43639901,55.82745343],[-122.43162075,55.81760073],[-122.45269166,55.79909687],[-122.45118356,55.79082381],[-122.47073212,55.78420127],[-122.47320716,55.77899131],[-122.46701234,55.77472959],[-122.47125283,55.76953773],[-122.46873325,55.76523421],[-122.47688385,55.75664084],[-122.49482586,55.74656381],[-122.50991882,55.74339008],[-122.52125155,55.74801809],[-122.5220694,55.75295858],[-122.53815119,55.75434537],[-122.54853148,55.75117655],[-122.5504339,55.75411585],[-122.5614954,55.75457953],[-122.56697163,55.75985511],[-122.56397442,55.76395907],[-122.5734405,55.767771],[-122.58430964,55.76563842],[-122.59109326,55.75996022],[-122.60515033,55.75918355],[-122.60534947,55.75061724],[-122.61297404,55.74585653],[-122.61499722,55.7413162],[-122.6126046,55.7377773],[-122.61934983,55.73176496],[-122.62749718,55.7292734],[-122.63239756,55.72324133],[-122.6600314,55.71995547],[-122.67255023,55.71494788],[-122.67803168,55.7003798],[-122.708403,55.69363912],[-122.7261662,55.70024379],[-122.74225283,55.6955287],[-122.75383631,55.70045354],[-122.7635277,55.69534653],[-122.75830846,55.68040499],[-122.79432541,55.69138128],[-122.79256443,55.68583876],[-122.80821071,55.67982192],[-122.8123875,55.67025322],[-122.82528548,55.65776938],[-122.83591718,55.66103602],[-122.84735909,55.65173421],[-122.85076315,55.645682],[-122.84240193,55.63432274],[-122.85469588,55.63307614],[-122.87278415,55.62300927],[-122.87131984,55.61404642],[-122.87927513,55.60407927],[-122.89621743,55.60180763],[-122.90598694,55.59711311],[-122.93010911,55.59559212],[-122.95855863,55.58413472],[-122.95626213,55.58029261],[-122.94969598,55.57876795],[-122.94952721,55.57546274],[-122.93274746,55.56927205],[-122.93008814,55.56440046],[-122.94525952,55.55840612],[-122.94475755,55.55577207],[-122.95651577,55.5477082],[-122.94719753,55.54079549],[-122.9469144,55.52943149],[-122.94098792,55.52498607],[-122.94776056,55.51228422],[-122.94663842,55.50909367],[-122.95321805,55.50846807],[-122.95518819,55.50332841],[-122.96673766,55.49992641],[-122.95558943,55.49444269],[-122.95497596,55.49069518],[-122.95937956,55.48555635],[-122.93447092,55.4713121],[-122.9327226,55.46188612],[-122.94772988,55.45851479],[-122.97460415,55.4623607],[-122.98052134,55.46580345],[-122.99951613,55.46271377],[-122.99873906,55.45232602],[-123.00681732,55.44443699],[-123.00006112,55.43239853],[-122.98365213,55.42285421],[-122.9944093,55.40377837],[-122.98704686,55.39730857],[-122.96734228,55.40420506],[-122.95871621,55.40259436],[-122.94883011,55.40877274],[-122.91895579,55.4106965],[-122.8919748,55.41740429],[-122.88970075,55.42181466],[-122.88825933,55.41798107],[-122.86901643,55.41293951],[-122.88093326,55.40814835],[-122.88144722,55.40109142],[-122.87464486,55.396913],[-122.84860644,55.3948029],[-122.84779271,55.38642562],[-122.85545242,55.38078523],[-122.85300971,55.37806929],[-122.84130603,55.37688605],[-122.82062635,55.38590644],[-122.81281185,55.38545397],[-122.80147201,55.38004456],[-122.78469183,55.37783245],[-122.77254864,55.36910269],[-122.75413767,55.36386559],[-122.75611642,55.3550363],[-122.75173126,55.35171501],[-122.75188705,55.34722825],[-122.74427843,55.3477239],[-122.7264775,55.34006789],[-122.70688287,55.34572032],[-122.69909854,55.33856632],[-122.67833911,55.33515214],[-122.6549496,55.34544103],[-122.6484507,55.35663684],[-122.64736905,55.37439631],[-122.64280001,55.38308097],[-122.62622132,55.38992154],[-122.62501816,55.3936975],[-122.61642536,55.39544611],[-122.60640205,55.4043687],[-122.60570687,55.41044322],[-122.60182498,55.41059784],[-122.57045028,55.39013392],[-122.57139617,55.3864623],[-122.56664115,55.37818754],[-122.55937286,55.37436052],[-122.55834008,55.36758149],[-122.54757409,55.36596014],[-122.5314933,55.35195362],[-122.52040747,55.35093082],[-122.5160792,55.34640263],[-122.51290833,55.33257822],[-122.50045755,55.3292942],[-122.48511563,55.31433178],[-122.46277965,55.30932054],[-122.45007197,55.3136439],[-122.43053367,55.31495183],[-122.4282146,55.31022992]]]}},{"type":"Feature","properties":{"name":"Penticton"},"geometry":{"type":"Polygon","coordinates":[[[-119.19118153,49.20060345],[-119.18311621,49.20382399],[-119.17833459,49.2158621],[-119.18154982,49.21868017],[-119.19546686,49.21593243],[-119.2031717,49.21780548],[-119.23827123,49.23936994],[-119.24084028,49.24787544],[-119.23710648,49.25549377],[-119.22716497,49.26242601],[-119.22231323,49.27755769],[-119.21243292,49.28512862],[-119.18601871,49.29651292],[-119.1759899,49.30970568],[-119.20772064,49.32265155],[-119.2029629,49.3381708],[-119.21098462,49.34418292],[-119.23544153,49.33967903],[-119.26230218,49.34779671],[-119.24991618,49.36615679],[-119.2629004,49.37765677],[-119.2633452,49.38233946],[-119.2794185,49.38824082],[-119.29422363,49.38228463],[-119.30712597,49.38707539],[-119.30917885,49.39603866],[-119.3235714,49.39657562],[-119.33534244,49.4066456],[-119.34138521,49.39685619],[-119.36252037,49.38840494],[-119.36092061,49.39616137],[-119.36619951,49.41161488],[-119.36307326,49.41921098],[-119.3663985,49.43017309],[-119.37644243,49.43988532],[-119.37848203,49.45124042],[-119.36206407,49.45465453],[-119.34528522,49.46643085],[-119.30703435,49.4686977],[-119.29952317,49.47656132],[-119.30395146,49.48931953],[-119.29751061,49.494457],[-119.29875792,49.50203488],[-119.30955449,49.5022122],[-119.30242808,49.52114687],[-119.30997777,49.52587664],[-119.31146817,49.53050315],[-119.32272243,49.53111901],[-119.32951066,49.54023817],[-119.33359932,49.55539951],[-119.33984191,49.55829137],[-119.33625038,49.5700003],[-119.34488031,49.5726312],[-119.3413355,49.57893057],[-119.34836871,49.59401665],[-119.34274641,49.60293869],[-119.35912716,49.61772266],[-119.35097261,49.63082161],[-119.37201465,49.63644819],[-119.37065536,49.64205641],[-119.37603539,49.65145013],[-119.37101944,49.65928124],[-119.3747784,49.6777058],[-119.3876979,49.67669423],[-119.39311718,49.68081177],[-119.40589127,49.67730663],[-119.42566485,49.67731541],[-119.43384574,49.68411174],[-119.4383949,49.69710893],[-119.44540671,49.70442838],[-119.44198293,49.71682497],[-119.44408007,49.72265886],[-119.47672813,49.74756688],[-119.48652342,49.74702378],[-119.49924592,49.73232861],[-119.50301077,49.73163048],[-119.51260005,49.73639485],[-119.54705697,49.74365051],[-119.54200479,49.71377264],[-119.54919324,49.70890889],[-119.55866328,49.71903368],[-119.56902839,49.72306167],[-119.57117703,49.72823416],[-119.57567058,49.72621184],[-119.57505209,49.71619429],[-119.57794444,49.71401752],[-119.60034981,49.72635242],[-119.62343727,49.73429633],[-119.63483474,49.75354392],[-119.6396504,49.75531295],[-119.64905536,49.75468001],[-119.65978461,49.74887091],[-119.68084123,49.75475628],[-119.70397744,49.73384008],[-119.71856359,49.72785539],[-119.77609245,49.72698523],[-119.79247773,49.73261003],[-119.80824698,49.74316538],[-119.82170649,49.74025376],[-119.82576801,49.74148115],[-119.82813638,49.74672408],[-119.84271376,49.74835945],[-119.84423696,49.75704323],[-119.84047864,49.76854289],[-119.8481156,49.77395854],[-119.8507342,49.7845102],[-119.85434078,49.78701833],[-119.89352904,49.7801882],[-119.91574392,49.77003053],[-119.94074922,49.76631596],[-119.95234743,49.75777883],[-119.96273582,49.75864666],[-119.98669273,49.76814],[-119.99937385,49.77671616],[-120.0015537,49.78412935],[-119.99940946,49.79247103],[-119.9842193,49.81284947],[-119.97100787,49.80965387],[-119.96578758,49.81314974],[-119.96965239,49.81636385],[-119.96804314,49.81922169],[-119.98272132,49.82675994],[-119.98196967,49.8303105],[-119.9868994,49.83272457],[-119.98476285,49.84012185],[-119.98855191,49.85658149],[-120.01779774,49.85396072],[-120.0376426,49.86327163],[-120.04498549,49.85676599],[-120.05503984,49.85533867],[-120.06922357,49.83744098],[-120.0787559,49.8339067],[-120.08681312,49.84403854],[-120.12003652,49.84412463],[-120.1241727,49.84860861],[-120.1378871,49.84966721],[-120.15209903,49.85851668],[-120.16744515,49.86185915],[-120.19442687,49.86011332],[-120.20165595,49.85358612],[-120.21406883,49.85390894],[-120.22230181,49.84695327],[-120.241999,49.84564004],[-120.2313949,49.83461327],[-120.23211063,49.8239696],[-120.2280842,49.81584894],[-120.23234699,49.80408485],[-120.21918478,49.80002763],[-120.21444838,49.7942916],[-120.21266088,49.7744883],[-120.19572615,49.76892213],[-120.18788688,49.7609154],[-120.18985311,49.75022153],[-120.1942805,49.74590274],[-120.18964283,49.73770023],[-120.1940686,49.73391998],[-120.18650491,49.72185772],[-120.18365598,49.71000088],[-120.18716959,49.70229384],[-120.18263854,49.69344558],[-120.20726024,49.68051229],[-120.19951942,49.67063504],[-120.1490727,49.66911923],[-120.11885771,49.65867326],[-120.10469805,49.65807778],[-120.09372551,49.64127503],[-120.08552201,49.63576047],[-120.08531541,49.63057364],[-120.0750319,49.6301464],[-120.06586724,49.62475532],[-120.06417477,49.61695895],[-120.05829594,49.61108751],[-120.039842,49.60610071],[-120.03156376,49.58730136],[-120.04788863,49.57494825],[-120.0417549,49.57110005],[-120.03953888,49.56538302],[-120.03177061,49.56518382],[-120.02145574,49.55379071],[-120.02869892,49.54826336],[-120.02769458,49.54217376],[-120.03349778,49.54050455],[-120.03389514,49.53630456],[-120.01622149,49.51902235],[-120.00182273,49.52025543],[-119.99079438,49.51375599],[-119.98985543,49.5227386],[-119.97621088,49.53076142],[-119.9627172,49.53234205],[-119.95942838,49.52724549],[-119.9554373,49.52672384],[-119.94352186,49.53419825],[-119.93966847,49.52273694],[-119.92757989,49.51560133],[-119.9201703,49.51776687],[-119.91681659,49.50604908],[-119.90871406,49.49988918],[-119.9054971,49.48018459],[-119.9133231,49.46846261],[-119.91219198,49.45665042],[-119.91883797,49.44537628],[-119.92223744,49.44529447],[-119.92427458,49.44084303],[-119.94511659,49.43808728],[-119.94280898,49.42374145],[-119.93028722,49.4087695],[-119.9124412,49.41148346],[-119.90572326,49.40475207],[-119.89077598,49.39763747],[-119.86100392,49.40081745],[-119.84539446,49.39775259],[-119.81127447,49.39861498],[-119.79443286,49.39422824],[-119.78518856,49.38732538],[-119.76292147,49.38976738],[-119.74651505,49.37503996],[-119.72929557,49.36896952],[-119.72526311,49.36207798],[-119.73080316,49.34837591],[-119.72394541,49.34292395],[-119.72752125,49.33691968],[-119.74368814,49.32890759],[-119.75357942,49.32926156],[-119.75684184,49.31928273],[-119.77165213,49.31404766],[-119.76192974,49.30824819],[-119.76006591,49.29943111],[-119.77316379,49.2928332],[-119.7910095,49.28920937],[-119.79832614,49.28201482],[-119.79879963,49.27521521],[-119.7908794,49.26555981],[-119.77961537,49.25811563],[-119.77131069,49.25674561],[-119.77123878,49.25125015],[-119.7624843,49.25602968],[-119.75249079,49.26859862],[-119.74173072,49.27003899],[-119.73685593,49.26143982],[-119.71806669,49.25646681],[-119.70927493,49.23611508],[-119.70343502,49.23914426],[-119.69172576,49.2380686],[-119.67767696,49.24765278],[-119.65356996,49.24389031],[-119.65288306,49.2398935],[-119.64613796,49.23550496],[-119.65787735,49.22999018],[-119.66444874,49.22316329],[-119.66424337,49.21935326],[-119.66931796,49.21660017],[-119.66104068,49.20916084],[-119.66820432,49.20304864],[-119.66670228,49.18549475],[-119.67836568,49.1732456],[-119.66278554,49.15239992],[-119.67209324,49.13246003],[-119.67762864,49.13124466],[-119.67324679,49.12351502],[-119.67983922,49.11655587],[-119.65859861,49.10772569],[-119.62938468,49.10578178],[-119.62293913,49.1007419],[-119.6139874,49.10105762],[-119.60579331,49.09717621],[-119.59835431,49.08637721],[-119.59383303,49.08650579],[-119.593727,49.08051368],[-119.58454185,49.07781985],[-119.58521371,49.07020264],[-119.58128646,49.06283235],[-119.58518258,49.05648773],[-119.57260897,49.05102105],[-119.56611748,49.03620372],[-119.56171381,49.03360725],[-119.547239,49.03406284],[-119.53409263,49.02379459],[-119.52056889,49.02087022],[-119.52024999,49.0047414],[-119.52346688,49.00000574],[-119.20371255,48.99999957],[-119.19526199,49.01426184],[-119.19553262,49.02248405],[-119.20125737,49.0253671],[-119.19971487,49.03199003],[-119.2039391,49.03877808],[-119.19844216,49.04370977],[-119.20230814,49.04999644],[-119.21119196,49.05698308],[-119.22025451,49.05924289],[-119.22128515,49.06408568],[-119.2310367,49.06451366],[-119.23106416,49.05750033],[-119.23373337,49.05610377],[-119.25282378,49.05735613],[-119.25334938,49.06514595],[-119.26627982,49.06592765],[-119.29983792,49.08233404],[-119.29723325,49.08752545],[-119.29008219,49.08893814],[-119.29242044,49.09595843],[-119.29029108,49.09970287],[-119.28233247,49.10243292],[-119.27316965,49.10082769],[-119.27723927,49.1084887],[-119.27075832,49.11619174],[-119.28502659,49.1336366],[-119.28323119,49.13932095],[-119.27413114,49.14498951],[-119.26382203,49.14490035],[-119.25493212,49.16541919],[-119.24218599,49.17002952],[-119.23726955,49.17793366],[-119.22389528,49.186074],[-119.22032921,49.1953729],[-119.1973991,49.20231706],[-119.19118153,49.20060345]]]}},{"type":"Feature","properties":{"name":"Prince George"},"geometry":{"type":"Polygon","coordinates":[[[-125.3459095,54.54526499],[-125.31013594,54.54616168],[-125.30326177,54.53978181],[-125.28901168,54.54608563],[-125.26231257,54.53721246],[-125.24487989,54.54129467],[-125.17501284,54.54591484],[-125.13721782,54.5424345],[-125.11863608,54.53693087],[-125.11319114,54.52831386],[-125.12371613,54.51592354],[-125.12305377,54.50825722],[-125.10185743,54.50215309],[-125.0952596,54.4942502],[-125.08221191,54.48867411],[-125.03484371,54.48030938],[-125.00393709,54.48938974],[-125.00343137,54.49284523],[-125.00942029,54.4987861],[-125.00683522,54.50142619],[-124.98936821,54.50551214],[-124.97599472,54.50449148],[-124.93410791,54.51361209],[-124.93236143,54.51519509],[-124.93479806,54.52503191],[-124.93825908,54.52550775],[-124.93675546,54.52793962],[-124.91833525,54.53273416],[-124.89990634,54.53631964],[-124.87026693,54.53137029],[-124.78735429,54.53392122],[-124.78315661,54.52457662],[-124.75229443,54.51644236],[-124.74364913,54.50439409],[-124.69836666,54.48570506],[-124.71375415,54.47510981],[-124.72026603,54.46269853],[-124.74607372,54.45944693],[-124.7528784,54.4547351],[-124.75429247,54.44903281],[-124.77064667,54.4473986],[-124.78391133,54.43938086],[-124.79906984,54.44152343],[-124.82092085,54.43205481],[-124.81669673,54.42854855],[-124.8174617,54.42546242],[-124.80224798,54.41836816],[-124.8036409,54.40979949],[-124.78093279,54.40351974],[-124.7936488,54.38918407],[-124.80597295,54.38437771],[-124.80635413,54.37789804],[-124.82044814,54.3648881],[-124.80125357,54.35559926],[-124.78026171,54.35253591],[-124.77002531,54.34752153],[-124.77059338,54.34386689],[-124.77887731,54.34325352],[-124.78409989,54.33664419],[-124.77427189,54.33518032],[-124.76159214,54.32789759],[-124.73984953,54.32511123],[-124.72755515,54.32678054],[-124.71292863,54.32295126],[-124.69351084,54.32685295],[-124.6585067,54.30322008],[-124.63308429,54.30136174],[-124.63262892,54.29489466],[-124.60945014,54.29702007],[-124.56790253,54.28966332],[-124.55336766,54.27687962],[-124.53874356,54.2722365],[-124.52743042,54.2523012],[-124.53593272,54.24194329],[-124.53463628,54.23551417],[-124.54287885,54.22757053],[-124.56843629,54.21820355],[-124.58410281,54.2204595],[-124.59345278,54.23377468],[-124.61368925,54.23064687],[-124.62024234,54.22652319],[-124.63380863,54.23902489],[-124.67083017,54.24224701],[-124.68505933,54.24992227],[-124.70084253,54.24214875],[-124.70778294,54.24734501],[-124.73495875,54.25217908],[-124.74699046,54.24493123],[-124.7761245,54.23863752],[-124.79104888,54.24092405],[-124.79888338,54.23000027],[-124.81547126,54.21680277],[-124.81476778,54.21393129],[-124.84222535,54.20678684],[-124.88433602,54.20899113],[-124.88871345,54.21324441],[-124.88720572,54.22205561],[-124.89522468,54.23271846],[-124.91581569,54.23372943],[-124.92381536,54.23990092],[-124.94243431,54.24367151],[-124.97583386,54.24254185],[-124.99382905,54.23428462],[-125.02018768,54.23281327],[-125.03407946,54.21980447],[-125.05117189,54.21752386],[-125.06434924,54.21181091],[-125.08732739,54.21377389],[-125.09374084,54.20827557],[-125.10651685,54.20649142],[-125.10667175,54.19933506],[-125.09682215,54.19371525],[-125.08916283,54.19321],[-125.08742025,54.18872407],[-125.07594189,54.18756367],[-125.07420092,54.18316603],[-125.05384929,54.18775074],[-125.03794438,54.18501319],[-124.98952834,54.18823691],[-124.98264997,54.18605135],[-124.99868629,54.16416],[-124.99162476,54.15468459],[-124.96271187,54.13747054],[-124.96480123,54.12679506],[-124.95725425,54.12268687],[-124.95739456,54.08175964],[-124.92809914,54.08168465],[-124.92797937,54.05502404],[-124.95236662,54.05641102],[-124.95235338,54.05254487],[-124.97577221,54.0525035],[-124.99029012,54.04597444],[-125.01575854,54.04624935],[-125.03338703,54.03929411],[-125.02162464,54.03147256],[-125.0214974,54.01628024],[-125.00920744,54.01626187],[-125.00931697,54.00615552],[-124.99817701,54.00075884],[-124.99719145,53.99740378],[-124.98896114,53.99597648],[-124.98194689,53.9896466],[-124.97959859,53.98193606],[-124.93711532,53.98237271],[-124.927351,53.98511749],[-124.86179893,53.97654421],[-124.8498213,53.98007624],[-124.84860051,53.98427133],[-124.83794608,53.98362992],[-124.81862125,53.99034536],[-124.79567846,53.97555774],[-124.79433804,53.96540347],[-124.79928498,53.94625638],[-124.79490993,53.93866275],[-124.80205617,53.92643155],[-124.82031465,53.91459202],[-124.83220827,53.91292786],[-124.84571453,53.91607794],[-124.83990306,53.90707024],[-124.85058252,53.89940636],[-124.86731271,53.89870224],[-124.88909558,53.88914832],[-124.9109502,53.88702462],[-124.91381513,53.875725],[-124.90471279,53.86978123],[-124.90841902,53.86760982],[-124.92726463,53.87041551],[-124.93998544,53.88527459],[-124.9607626,53.88579727],[-124.97003175,53.88808302],[-124.97484731,53.8937327],[-124.99043462,53.89451176],[-124.99111612,53.9042241],[-125.01381078,53.9036032],[-125.0412408,53.90856996],[-125.05113219,53.9016379],[-125.06091313,53.89944961],[-125.07045701,53.89963113],[-125.07751579,53.90421572],[-125.08760741,53.90208422],[-125.11177224,53.89088318],[-125.12137056,53.87973719],[-125.12034887,53.8759549],[-125.10530069,53.87169172],[-125.08866529,53.87670225],[-125.08062433,53.87575847],[-125.07919058,53.87104798],[-125.09027804,53.86230332],[-125.09018048,53.85831209],[-125.05210191,53.86002167],[-125.0328754,53.85198904],[-125.02966791,53.84176922],[-125.03425799,53.83360881],[-125.05009501,53.82241005],[-125.06316927,53.81970827],[-125.07404881,53.80016221],[-125.08201829,53.79590901],[-125.08235707,53.78890101],[-125.07828344,53.78261424],[-125.06549288,53.77814339],[-125.01201751,53.78580894],[-124.99785858,53.76541395],[-125.00960681,53.75623559],[-125.0292058,53.75491641],[-125.01217076,53.74016723],[-125.00048765,53.73636711],[-124.99783158,53.72998216],[-124.98366124,53.7298417],[-124.98394875,53.7274704],[-124.99859172,53.72441991],[-125.00096012,53.71908502],[-124.94681563,53.72664279],[-124.94597996,53.72318515],[-124.95244485,53.71444013],[-124.93927019,53.71260536],[-124.92690968,53.70535502],[-124.93085511,53.69996941],[-124.98185055,53.68937274],[-124.9852687,53.67776582],[-124.98318333,53.67140142],[-124.97741767,53.66923678],[-124.94694053,53.67055967],[-124.95821218,53.66292286],[-124.95083587,53.65582553],[-124.9388104,53.65082125],[-124.93568911,53.64698914],[-124.93679331,53.64157798],[-124.92203302,53.63364668],[-124.92251175,53.62756398],[-124.90288375,53.62467518],[-124.88229254,53.63085744],[-124.87768238,53.62881684],[-124.88471272,53.62450725],[-124.8876119,53.61835192],[-124.91829915,53.60824592],[-124.91377899,53.59838506],[-124.91632832,53.58773569],[-124.9139298,53.5867275],[-124.89221712,53.58841158],[-124.85106554,53.58024666],[-124.84855458,53.57493067],[-124.84080119,53.57708352],[-124.81785542,53.57101857],[-124.80355248,53.57329788],[-124.79457828,53.58098005],[-124.78281062,53.58078018],[-124.77236214,53.57734987],[-124.77199943,53.57177469],[-124.75374113,53.56678505],[-124.7201512,53.57275958],[-124.71531743,53.57649902],[-124.711467,53.58411298],[-124.72648619,53.58758282],[-124.71382322,53.59780773],[-124.70237633,53.59938984],[-124.69827636,53.59600216],[-124.68578373,53.59633219],[-124.68128078,53.60164745],[-124.66089915,53.61028476],[-124.6145452,53.59173635],[-124.60660168,53.59577828],[-124.59428532,53.59449418],[-124.56867207,53.60256813],[-124.56151074,53.59776147],[-124.54853716,53.59693979],[-124.5283159,53.58766895],[-124.53707109,53.5782305],[-124.54896646,53.57296109],[-124.5507773,53.56699895],[-124.55587177,53.5634512],[-124.55146112,53.55646414],[-124.535753,53.54705889],[-124.53543203,53.54249538],[-124.52162425,53.5380486],[-124.51023345,53.53935411],[-124.49900142,53.53614965],[-124.48774419,53.51953084],[-124.46755857,53.51956422],[-124.46617144,53.51413288],[-124.45933355,53.50983578],[-124.38149337,53.5063411],[-124.3798708,53.50119055],[-124.40924424,53.50006858],[-124.41213205,53.4977372],[-124.40073152,53.48832794],[-124.38488226,53.48475289],[-124.36402899,53.47320021],[-124.36432416,53.46561942],[-124.36992998,53.46241474],[-124.36756864,53.46130168],[-124.35028566,53.46366398],[-124.34238781,53.45836802],[-124.3315245,53.45965749],[-124.29408736,53.45440393],[-124.28913609,53.45837819],[-124.27988185,53.45945914],[-124.28263713,53.46731588],[-124.29116728,53.47289384],[-124.28272731,53.47873394],[-124.2763021,53.47867878],[-124.26371471,53.46530831],[-124.25133755,53.460365],[-124.24969903,53.45556787],[-124.23524507,53.45035303],[-124.23196569,53.44640142],[-124.21593415,53.44345402],[-124.21997913,53.43659316],[-124.2181598,53.43372077],[-124.14236931,53.43032068],[-124.12755296,53.43491249],[-124.11316921,53.42369595],[-124.09758171,53.42217268],[-124.09153297,53.42381517],[-124.09107405,53.42989577],[-124.0802133,53.43262878],[-124.04330172,53.42656211],[-124.01484722,53.43986168],[-124.00433784,53.44869978],[-124.00148748,53.4587992],[-123.99790716,53.46120966],[-123.97548197,53.46411172],[-123.95565742,53.47088309],[-123.90040417,53.47431276],[-123.85935206,53.46213114],[-123.84951428,53.46542502],[-123.8214213,53.46201161],[-123.81599026,53.4666934],[-123.80305168,53.46846239],[-123.79507741,53.46398116],[-123.80341796,53.45409136],[-123.79405742,53.45083128],[-123.78810667,53.44387523],[-123.75729076,53.43299786],[-123.75774226,53.42884761],[-123.74759288,53.4187195],[-123.72456855,53.42766084],[-123.69812174,53.42390892],[-123.68647515,53.41810252],[-123.68253258,53.41866754],[-123.68038756,53.42510822],[-123.65876317,53.42663648],[-123.64568645,53.42334395],[-123.64360575,53.41839953],[-123.63428349,53.41410386],[-123.60431946,53.41304849],[-123.59863305,53.40777666],[-123.59376763,53.41474402],[-123.57230698,53.41822818],[-123.56726378,53.42292163],[-123.55645272,53.42228723],[-123.55412082,53.41911759],[-123.51715188,53.41862259],[-123.49086308,53.40581828],[-123.49353151,53.38568476],[-123.48763444,53.37494919],[-123.47911948,53.37133544],[-123.48744204,53.36232451],[-123.47581659,53.35201172],[-123.44887897,53.35438325],[-123.41614356,53.35010799],[-123.3867196,53.34078215],[-123.38160157,53.33588535],[-123.36587689,53.33961513],[-123.35006822,53.35415324],[-123.33259917,53.35689708],[-123.31039867,53.35169332],[-123.30131103,53.35384838],[-123.29486699,53.36013649],[-123.28671888,53.3596554],[-123.26805077,53.34868765],[-123.20688043,53.33235822],[-123.20627455,53.2968025],[-123.19874584,53.29919653],[-123.18976346,53.2955853],[-123.16724642,53.29945196],[-123.16502094,53.29780222],[-123.17219907,53.29653997],[-123.16835244,53.29216913],[-123.15121128,53.29296707],[-123.14333408,53.28733133],[-123.11251104,53.28957462],[-123.09865851,53.29398701],[-123.07691002,53.28761768],[-123.06023977,53.29076879],[-123.05597957,53.30038925],[-123.04698307,53.29910111],[-123.04172101,53.29403526],[-123.0287691,53.2923398],[-123.02647753,53.29074677],[-123.02929951,53.28870826],[-123.02310491,53.29010941],[-123.02308469,53.286505],[-123.01717463,53.28484112],[-123.02268531,53.28121189],[-123.01399112,53.28058412],[-123.01326346,53.27630644],[-123.00366211,53.27538872],[-122.99225496,53.28464211],[-122.97191291,53.28383823],[-122.96883071,53.28132282],[-122.96878135,53.28703486],[-122.97375385,53.29264966],[-122.96620472,53.30089339],[-122.96027048,53.29552],[-122.95272248,53.2987051],[-122.94777569,53.29372474],[-122.9441247,53.29717374],[-122.93737487,53.29527958],[-122.91881045,53.30110629],[-122.91219355,53.29997164],[-122.90992418,53.30775554],[-122.897559,53.31488804],[-122.89289585,53.31332008],[-122.89031988,53.30428092],[-122.87831174,53.30765181],[-122.87449782,53.31142648],[-122.88397451,53.31956234],[-122.88327247,53.32813938],[-122.87204805,53.34073809],[-122.85114417,53.35037385],[-122.83329258,53.37566376],[-122.76641399,53.38616722],[-122.74624329,53.38284881],[-122.73880834,53.38670542],[-122.71540659,53.38871374],[-122.67861775,53.38550575],[-122.67201882,53.38166123],[-122.67051327,53.37504982],[-122.66186479,53.36679852],[-122.68515734,53.35309325],[-122.68381546,53.34094506],[-122.67787548,53.33300689],[-122.68206303,53.31862082],[-122.69060809,53.31389593],[-122.69338391,53.30747342],[-122.69944592,53.30713743],[-122.69948582,53.30251726],[-122.70774588,53.30313358],[-122.71354924,53.2844028],[-122.72123705,53.28401268],[-122.72570618,53.27853688],[-122.73852049,53.27346339],[-122.73590251,53.25934591],[-122.7271575,53.25146659],[-122.72518519,53.24355344],[-122.71816374,53.24049477],[-122.70999921,53.24261865],[-122.7101798,53.23241461],[-122.70595238,53.23107074],[-122.70333431,53.23221651],[-122.70435006,53.23624485],[-122.69639424,53.23562966],[-122.68940437,53.2416044],[-122.6731908,53.23498052],[-122.66372577,53.23478283],[-122.65759905,53.23041256],[-122.64802196,53.23040839],[-122.64490211,53.21708663],[-122.64047264,53.21747648],[-122.63732082,53.21311586],[-122.62478758,53.21440872],[-122.62327717,53.22294454],[-122.61906116,53.21347538],[-122.61399375,53.21008623],[-122.60689705,53.21362272],[-122.60628041,53.2178393],[-122.60203279,53.21799289],[-122.59891007,53.21674796],[-122.58504708,53.18805974],[-122.57337933,53.18610503],[-122.56226481,53.18961447],[-122.55383849,53.17412643],[-122.54376286,53.18064535],[-122.51749423,53.17891218],[-122.51781955,53.1609025],[-122.50640448,53.17095453],[-122.49463943,53.17486195],[-122.49594638,53.16903045],[-122.48739057,53.16549103],[-122.49017101,53.15682987],[-122.4741632,53.15560772],[-122.46863604,53.15059494],[-122.45725573,53.15369287],[-122.45685444,53.14733196],[-122.45408022,53.1529577],[-122.44519522,53.15294503],[-122.44676666,53.15741391],[-122.42014936,53.16203639],[-122.40759991,53.16001967],[-122.39687378,53.15272947],[-122.38142653,53.15365225],[-122.37875533,53.13976355],[-122.37381101,53.13588957],[-122.37153809,53.12533404],[-122.34433346,53.12537459],[-122.32366922,53.11435164],[-122.30954265,53.11117698],[-122.30457573,53.11168534],[-122.30214817,53.11551547],[-122.31135964,53.12848032],[-122.31160579,53.13456219],[-122.29688117,53.13721237],[-122.29349315,53.1412574],[-122.27858335,53.13317755],[-122.25878612,53.15409785],[-122.24104784,53.15323907],[-122.24551915,53.16476417],[-122.24155832,53.1679942],[-122.24061243,53.17757891],[-122.23276199,53.18273376],[-122.19650959,53.18372823],[-122.18939184,53.17916095],[-122.17087611,53.17543941],[-122.1637836,53.17986384],[-122.16144617,53.1900193],[-122.14314645,53.19869408],[-122.10714334,53.19678441],[-122.08612347,53.20270759],[-122.06990887,53.21322698],[-122.04268728,53.21602384],[-122.00485263,53.22670477],[-122.00603309,53.23474939],[-122.0288055,53.24592485],[-122.03459184,53.26038283],[-122.0485404,53.26176538],[-122.04754223,53.2681033],[-122.03676501,53.2767124],[-122.03119372,53.28954793],[-122.0425912,53.29823824],[-122.03916003,53.30478213],[-122.04503501,53.30858776],[-122.0389472,53.31379757],[-122.05773357,53.31716421],[-122.06689446,53.32208304],[-122.05721223,53.33487068],[-122.06156009,53.34184925],[-122.06901018,53.34533141],[-122.05418343,53.35406571],[-122.06078039,53.35735448],[-122.06631864,53.37916249],[-122.05287069,53.39709361],[-122.05790753,53.40469505],[-122.05536914,53.40936201],[-122.0606304,53.41360245],[-122.06117277,53.42072708],[-122.05651568,53.42486613],[-122.06056246,53.4293327],[-122.03481029,53.42581447],[-122.01554465,53.43023303],[-122.01158461,53.44495373],[-122.01303349,53.4504474],[-122.02415599,53.45655663],[-122.01632434,53.46148646],[-121.97781588,53.45661244],[-121.96681604,53.4526953],[-121.95425529,53.44205448],[-121.95619587,53.43094344],[-121.95185437,53.42294241],[-121.95138351,53.40932836],[-121.93177805,53.37691588],[-121.93921967,53.36192236],[-121.93280878,53.34996384],[-121.9348454,53.34283053],[-121.94048642,53.33545913],[-121.95243738,53.32855247],[-121.94317211,53.32086205],[-121.94712276,53.31703808],[-121.94990996,53.30174015],[-121.90868373,53.29721497],[-121.90030148,53.2986723],[-121.89486191,53.30544073],[-121.88723533,53.30796981],[-121.86696124,53.30598716],[-121.85915801,53.31489328],[-121.84197796,53.31338695],[-121.81334074,53.30529463],[-121.80096944,53.29322434],[-121.78837523,53.28718592],[-121.78611014,53.2744042],[-121.76456895,53.26879651],[-121.75877474,53.27363037],[-121.76082678,53.2775534],[-121.74923759,53.28619305],[-121.7469845,53.2938228],[-121.73411549,53.30102355],[-121.73574395,53.30716917],[-121.71158491,53.30983895],[-121.70150843,53.31413502],[-121.69199366,53.31302844],[-121.67621621,53.32487789],[-121.65661528,53.31649615],[-121.64032718,53.31619969],[-121.64078282,53.3131258],[-121.66192693,53.3090608],[-121.65866489,53.30510898],[-121.64269647,53.30657202],[-121.6552305,53.29777501],[-121.64689923,53.29367682],[-121.60740064,53.29387169],[-121.58298959,53.30320959],[-121.55378633,53.29560345],[-121.54126558,53.29994127],[-121.50307776,53.30140206],[-121.48937656,53.29574035],[-121.48712704,53.27963969],[-121.47085264,53.2754463],[-121.41548209,53.27495964],[-121.41541117,53.28376547],[-121.33841262,53.28370674],[-121.26978955,53.29095641],[-121.2585892,53.28043827],[-121.24098417,53.27884292],[-121.20878909,53.2933344],[-121.21443499,53.3013569],[-121.1821841,53.31265581],[-121.17644369,53.32155744],[-121.15249718,53.3334711],[-121.1594831,53.33921082],[-121.15184725,53.35831732],[-121.1323159,53.36166198],[-121.1225759,53.35965993],[-121.11747089,53.36451467],[-121.12052193,53.37640739],[-121.11355616,53.38334895],[-121.11586327,53.3907255],[-121.1115553,53.39628662],[-121.08476227,53.38854545],[-121.06716059,53.39572253],[-121.04798958,53.39659245],[-121.04330349,53.39869424],[-121.04975727,53.40542721],[-121.04909817,53.41001081],[-121.03875187,53.41253138],[-121.03535107,53.41954977],[-121.02089872,53.4282077],[-121.01092082,53.42754141],[-121.00406772,53.42104164],[-121.00046379,53.4060086],[-121.00702272,53.39100227],[-120.998734,53.38459421],[-121.00093662,53.36972419],[-120.99775081,53.36619948],[-121.00481273,53.36299326],[-121.00542291,53.34278942],[-121.01482247,53.32813807],[-121.00140065,53.3246775],[-120.99439135,53.31596482],[-120.98747336,53.31388805],[-120.98738178,53.30851339],[-120.97795075,53.30402169],[-120.97917288,53.29100287],[-120.98245264,53.28861634],[-120.97673755,53.28292251],[-120.97933204,53.27657656],[-120.93435422,53.28051432],[-120.93161778,53.28890504],[-120.94201817,53.2967449],[-120.91544599,53.30626085],[-120.90832153,53.3033448],[-120.90503767,53.29800716],[-120.88280993,53.29906554],[-120.8750307,53.28826858],[-120.86200057,53.28404931],[-120.84775535,53.28590553],[-120.83971447,53.28021269],[-120.80990631,53.28424064],[-120.8049143,53.27966669],[-120.80887713,53.27022222],[-120.80113421,53.26764384],[-120.79180428,53.25715789],[-120.78378819,53.25725559],[-120.76956155,53.25086282],[-120.74348452,53.25989938],[-120.72110185,53.26154121],[-120.71851468,53.26592759],[-120.67627286,53.24374245],[-120.66923362,53.22919776],[-120.61870498,53.20866063],[-120.60669015,53.19806698],[-120.58817326,53.1891368],[-120.55320716,53.18869121],[-120.54541903,53.18441203],[-120.54267613,53.17182667],[-120.53480436,53.17344065],[-120.52957018,53.16929964],[-120.49773843,53.16245048],[-120.47827215,53.16284699],[-120.46765584,53.14957345],[-120.46232471,53.14715964],[-120.46219978,53.13910928],[-120.45484393,53.13456023],[-120.45502385,53.12882124],[-120.46657404,53.1188361],[-120.4572614,53.11554838],[-120.44487914,53.11607707],[-120.42075936,53.10731221],[-120.41802038,53.09538195],[-120.42123451,53.08916358],[-120.42046354,53.08130731],[-120.41473526,53.07334323],[-120.42605462,53.06705275],[-120.45420818,53.06919619],[-120.47229059,53.0676146],[-120.48017908,53.06357195],[-120.48054054,53.0556054],[-120.47545189,53.05159011],[-120.4826311,53.04102371],[-120.47852893,53.02450238],[-120.48654643,53.01323729],[-120.44944641,53.00909072],[-120.44622517,53.00430469],[-120.44672214,52.99421812],[-120.43569991,52.98822808],[-120.43405191,52.98217221],[-120.43798059,52.97223094],[-120.43054906,52.96815427],[-120.42522511,52.96043179],[-120.414398,52.95651486],[-120.38792419,52.96403728],[-120.37358782,52.96198574],[-120.36633324,52.95737857],[-120.36390707,52.94996913],[-120.35517107,52.94678062],[-120.35642226,52.94357123],[-120.3518596,52.93870827],[-120.34158383,52.93532706],[-120.33853174,52.92701706],[-120.33417449,52.92498639],[-120.2960521,52.92075218],[-120.26426622,52.92681342],[-120.24642151,52.91971946],[-120.22878224,52.91815792],[-120.21897105,52.92159743],[-120.21726152,52.93104003],[-120.21202853,52.93467575],[-120.20309432,52.93341838],[-120.18846937,52.9234958],[-120.16087265,52.92350475],[-120.15388371,52.91835082],[-120.15528972,52.91413577],[-120.16786227,52.90634727],[-120.16014122,52.89204001],[-120.14154821,52.88301505],[-120.1395197,52.8759428],[-120.13007971,52.8747556],[-120.11348249,52.86507078],[-120.10255658,52.85506868],[-120.10160686,52.84717578],[-120.0940082,52.83871401],[-120.08324988,52.83523682],[-120.06802831,52.82447993],[-120.05242231,52.82462145],[-120.04554877,52.8213393],[-120.03738504,52.79814703],[-120.0233185,52.77947064],[-120.02485922,52.77254718],[-120.01670783,52.76786354],[-120.00855862,52.74928311],[-119.97668658,52.73408832],[-119.95874145,52.71690272],[-119.94955789,52.71670868],[-119.94313696,52.72202761],[-119.93203449,52.71974462],[-119.91750078,52.72271664],[-119.89817427,52.72174043],[-119.89147786,52.71727963],[-119.88445783,52.69888967],[-119.87825567,52.69726935],[-119.87742879,52.68720795],[-119.86594708,52.68431875],[-119.86212993,52.68987954],[-119.85505151,52.69232126],[-119.84079047,52.68971919],[-119.82663734,52.68243029],[-119.82007841,52.6751036],[-119.78433873,52.66253466],[-119.77370388,52.64494196],[-119.76541112,52.65582373],[-119.76842014,52.65935534],[-119.76478461,52.66819622],[-119.7478898,52.68203794],[-119.73679921,52.67879531],[-119.72105791,52.68021886],[-119.68707064,52.6891748],[-119.67029305,52.69650446],[-119.66789898,52.7014066],[-119.65094336,52.69860216],[-119.6213529,52.7049584],[-119.61565174,52.70411681],[-119.61367066,52.70010483],[-119.61862246,52.68768008],[-119.60586565,52.67758156],[-119.60338456,52.6709862],[-119.57889123,52.65842524],[-119.5766621,52.65118952],[-119.55644447,52.66217952],[-119.5413018,52.66414654],[-119.54093446,52.65394388],[-119.53491757,52.64716672],[-119.53540078,52.64109584],[-119.52895822,52.62902061],[-119.50117722,52.63225868],[-119.49769369,52.63843758],[-119.48943413,52.63856238],[-119.46565805,52.64934681],[-119.45116671,52.64581661],[-119.44409034,52.63743849],[-119.42613112,52.63696499],[-119.41695979,52.64208898],[-119.4155563,52.6473024],[-119.3987627,52.64799162],[-119.37030986,52.65645359],[-119.36489575,52.65558504],[-119.35920248,52.65140483],[-119.36370487,52.64850193],[-119.36233554,52.63933841],[-119.36528819,52.63673448],[-119.36736725,52.62254394],[-119.37756084,52.6158484],[-119.35492024,52.58628473],[-119.32709193,52.59472531],[-119.30722544,52.59632801],[-119.29720456,52.60313139],[-119.27723349,52.59676957],[-119.24671375,52.59850763],[-119.22519816,52.60488533],[-119.19372423,52.59876823],[-119.18889282,52.60170829],[-119.19473061,52.60818234],[-119.18363194,52.63964308],[-119.14507582,52.66543865],[-119.10583088,52.67257203],[-119.10290762,52.66677497],[-119.09198248,52.66467556],[-119.09162103,52.66067562],[-119.08337859,52.65730123],[-119.07950975,52.64712339],[-119.06699654,52.6368169],[-119.05423143,52.63297033],[-119.05467689,52.62477122],[-119.04440224,52.617527],[-119.04496304,52.61289122],[-119.03858373,52.60654946],[-119.04026126,52.59853639],[-119.03761191,52.59569413],[-119.02709246,52.59154937],[-119.0173214,52.59215176],[-119.01342796,52.59859975],[-119.00350587,52.60057905],[-118.99902501,52.5989733],[-118.9946199,52.58754767],[-118.98808818,52.58351625],[-118.9688363,52.58056525],[-118.95822029,52.57506626],[-118.94947645,52.57683956],[-118.92763427,52.5669579],[-118.9278533,52.56075497],[-118.93683593,52.55782531],[-118.93799954,52.54799127],[-118.9171134,52.53760349],[-118.90726649,52.51896375],[-118.90953253,52.5028364],[-118.89682832,52.49268602],[-118.88910791,52.4913206],[-118.88932357,52.48217316],[-118.8854829,52.47923909],[-118.88705931,52.47456073],[-118.91091405,52.4690984],[-118.91413555,52.46443359],[-118.92758762,52.46040021],[-118.92675403,52.45659129],[-118.93180388,52.45322214],[-118.93722549,52.45254023],[-118.93550183,52.44704712],[-118.94300057,52.4348174],[-118.92728661,52.42665781],[-118.92389621,52.41847878],[-118.93266351,52.41147204],[-118.93308316,52.40693001],[-118.92749122,52.40332004],[-118.94020025,52.38589509],[-118.9357263,52.37781226],[-118.93676797,52.37245019],[-118.92747036,52.36402055],[-118.92673047,52.35419128],[-118.91338027,52.3458834],[-118.90216778,52.34288692],[-118.86814243,52.34228476],[-118.85664176,52.33713857],[-118.84692193,52.33698403],[-118.83649248,52.32987306],[-118.80248498,52.31889583],[-118.78752701,52.30667957],[-118.81815687,52.29752716],[-118.82269257,52.29078543],[-118.83853987,52.2884397],[-118.84514425,52.28281263],[-118.84447016,52.27612887],[-118.88470094,52.26261897],[-118.89012136,52.24542555],[-118.87210962,52.23805623],[-118.83877526,52.23359304],[-118.84115619,52.22546343],[-118.83551689,52.22012405],[-118.84969755,52.21813621],[-118.85250106,52.21102937],[-118.84194114,52.20299436],[-118.82873581,52.19993565],[-118.80254675,52.17812458],[-118.78570788,52.17777184],[-118.77638205,52.18236048],[-118.76707696,52.17887632],[-118.75124923,52.18380141],[-118.73888348,52.17963257],[-118.73170435,52.16965765],[-118.73331439,52.16522775],[-118.72671031,52.15926887],[-118.71898923,52.15835656],[-118.69400146,52.16644207],[-118.69057181,52.16191304],[-118.69284003,52.15645439],[-118.68883689,52.15500546],[-118.68693585,52.14969179],[-118.67345755,52.15127294],[-118.66891424,52.1611382],[-118.63647143,52.16719902],[-118.62543663,52.18197649],[-118.61372185,52.18274894],[-118.59611719,52.19054995],[-118.57869733,52.18949015],[-118.57329863,52.19950644],[-118.57505747,52.20641529],[-118.56608766,52.21826371],[-118.56965563,52.22489686],[-118.55415052,52.22922566],[-118.55117919,52.23313167],[-118.55966275,52.24540109],[-118.56342292,52.2602505],[-118.55821608,52.27806825],[-118.5112697,52.28057033],[-118.49592564,52.28969915],[-118.49205238,52.29573652],[-118.49559121,52.30629265],[-118.49362259,52.31228749],[-118.46719254,52.32046832],[-118.43566618,52.32562079],[-118.43083757,52.33512932],[-118.42250601,52.33847551],[-118.39359947,52.33511598],[-118.38665857,52.33936929],[-118.3842577,52.34755258],[-118.36630319,52.35762441],[-118.36119332,52.3637975],[-118.32836235,52.36901726],[-118.30677533,52.36369276],[-118.30361354,52.35957344],[-118.3048337,52.35217831],[-118.29708483,52.34272446],[-118.29590088,52.33385191],[-118.28712149,52.33588661],[-118.27624673,52.34421036],[-118.25620564,52.3469166],[-118.25112829,52.35039215],[-118.25325228,52.35727443],[-118.24369569,52.36595416],[-118.2437684,52.37496239],[-118.2247699,52.37966543],[-118.219249,52.38532846],[-118.21995744,52.39709473],[-118.24320168,52.40381117],[-118.23794767,52.4169071],[-118.23854947,52.4272141],[-118.25241629,52.44263129],[-118.24888636,52.4505263],[-118.24049799,52.44994472],[-118.23031109,52.45424781],[-118.22843984,52.45812907],[-118.21157933,52.46364934],[-118.20814141,52.47033299],[-118.19855747,52.46883993],[-118.19432291,52.47791859],[-118.20226401,52.48878894],[-118.23615161,52.48846875],[-118.25259551,52.49821697],[-118.25637767,52.50444803],[-118.2623655,52.50427064],[-118.26960496,52.51396205],[-118.26900919,52.51962792],[-118.2771347,52.52504709],[-118.2856069,52.52614134],[-118.28402732,52.53386603],[-118.2887572,52.53993],[-118.28032056,52.5473052],[-118.28001474,52.55354211],[-118.2709273,52.56329218],[-118.28418691,52.57118746],[-118.29765185,52.57094956],[-118.32910255,52.57817359],[-118.3359678,52.58687557],[-118.33641145,52.59372615],[-118.33011419,52.59730547],[-118.3339615,52.60003597],[-118.3333355,52.60566214],[-118.34580934,52.60708545],[-118.35619493,52.61426963],[-118.35150144,52.6298163],[-118.35581866,52.63359459],[-118.34469607,52.63950049],[-118.33266559,52.64136162],[-118.32904074,52.65017116],[-118.31990832,52.65602356],[-118.30590059,52.65176089],[-118.2975679,52.655173],[-118.29692085,52.66337162],[-118.28878875,52.67743994],[-118.30084123,52.6922756],[-118.33305301,52.70822659],[-118.34432198,52.70924696],[-118.34030932,52.7267339],[-118.32881898,52.73806769],[-118.3420176,52.73880816],[-118.36709597,52.75227713],[-118.39738413,52.76058501],[-118.41464894,52.76821342],[-118.4177996,52.77308201],[-118.42236875,52.79799328],[-118.40275521,52.8134061],[-118.39676632,52.83122323],[-118.40250988,52.84150923],[-118.3904776,52.84681099],[-118.39934339,52.85277295],[-118.43838234,52.8502602],[-118.45255098,52.8552319],[-118.4634847,52.8685213],[-118.45316913,52.876364],[-118.45058235,52.88145018],[-118.45248969,52.88625232],[-118.47539293,52.89900514],[-118.49251353,52.90197836],[-118.49855781,52.9060813],[-118.51161969,52.90497044],[-118.52101758,52.89666666],[-118.54965,52.9076328],[-118.56360497,52.89995033],[-118.5661225,52.89336908],[-118.57413977,52.88644805],[-118.59243652,52.88078776],[-118.61437916,52.88069716],[-118.61639927,52.89926917],[-118.60787146,52.9059031],[-118.62030742,52.91299382],[-118.62293252,52.91995566],[-118.61766715,52.93193828],[-118.61123578,52.93658085],[-118.64937487,52.95317145],[-118.66235896,52.96412034],[-118.65836924,52.96810345],[-118.66206282,52.97439699],[-118.67220778,52.97803278],[-118.6688067,52.9844221],[-118.64819222,52.99340228],[-118.64990149,52.99951049],[-118.64129388,52.99942514],[-118.65803356,53.0201318],[-118.65276865,53.02632275],[-118.65590568,53.03339121],[-118.67273589,53.04185975],[-118.68565978,53.03966774],[-118.68985353,53.03263565],[-118.69687598,53.03211675],[-118.70220816,53.03646533],[-118.7029013,53.04546985],[-118.7306201,53.05804855],[-118.75764236,53.04601606],[-118.76247153,53.03669362],[-118.77740405,53.04596559],[-118.77805911,53.04941183],[-118.76521799,53.06310086],[-118.77126093,53.07350888],[-118.75004342,53.08611557],[-118.75175996,53.09731854],[-118.7426415,53.09879516],[-118.74066661,53.10541863],[-118.7293288,53.11307705],[-118.73701089,53.11994232],[-118.779738,53.13322464],[-118.78949537,53.14564861],[-118.7834223,53.15012901],[-118.79323218,53.16203176],[-118.81257358,53.16432891],[-118.81820465,53.17114402],[-118.82879291,53.17284714],[-118.83409633,53.18391789],[-118.86205807,53.1882494],[-118.86767888,53.19606862],[-118.87518723,53.19933486],[-118.87722487,53.20521145],[-118.92004793,53.21226095],[-118.92455831,53.21505059],[-118.92239788,53.22075211],[-118.92535009,53.22508997],[-118.94784213,53.23639281],[-118.96124614,53.2350666],[-118.98340949,53.24143898],[-118.99028402,53.23693465],[-119.01145564,53.23346422],[-119.02563825,53.22260353],[-119.01926964,53.21637765],[-119.00664213,53.21464575],[-118.99381621,53.20644714],[-118.99619173,53.1931827],[-119.00629249,53.19120595],[-119.02920986,53.16324638],[-119.00122108,53.14470946],[-119.02042077,53.13821993],[-119.02776147,53.12419005],[-119.04895603,53.12577826],[-119.04845156,53.14548279],[-119.07433026,53.15843467],[-119.09245852,53.16495949],[-119.12574455,53.16054341],[-119.14784756,53.17542302],[-119.15651442,53.1875548],[-119.1820353,53.18329894],[-119.20761625,53.1860823],[-119.2229122,53.19514098],[-119.20947684,53.20165274],[-119.21125599,53.20409388],[-119.20849442,53.20954151],[-119.2177084,53.21735464],[-119.24003998,53.22466905],[-119.27066423,53.22391914],[-119.28294126,53.22957382],[-119.30022746,53.25593504],[-119.33077506,53.27064126],[-119.34305121,53.28453339],[-119.33414105,53.29208865],[-119.3326147,53.29877874],[-119.34460102,53.29911485],[-119.35897435,53.30839274],[-119.36023221,53.31132197],[-119.34940718,53.31673379],[-119.35085011,53.3276162],[-119.35771644,53.33602823],[-119.36759718,53.34599013],[-119.40361257,53.36549233],[-119.41048043,53.36685068],[-119.44312712,53.35593472],[-119.44485057,53.34944361],[-119.44841377,53.34889403],[-119.48230415,53.36241324],[-119.50118699,53.36242945],[-119.52105301,53.37042135],[-119.53098734,53.36440201],[-119.54899263,53.36487458],[-119.60413915,53.38441836],[-119.60996649,53.3818408],[-119.59729445,53.36714474],[-119.60592242,53.3623361],[-119.67853964,53.36946298],[-119.68249245,53.38157899],[-119.69900207,53.38947426],[-119.72803783,53.38800719],[-119.73342545,53.40052585],[-119.73195989,53.40339906],[-119.7653608,53.42973724],[-119.75863919,53.43854325],[-119.77086189,53.44362767],[-119.78086455,53.46666187],[-119.78949991,53.47188677],[-119.79299457,53.47863479],[-119.78118224,53.48607374],[-119.78511299,53.49191306],[-119.81421947,53.49996828],[-119.8275866,53.50844798],[-119.83553615,53.51861845],[-119.84927766,53.51105016],[-119.85571633,53.50312242],[-119.86342156,53.50073909],[-119.9005965,53.5170768],[-119.89865163,53.5341705],[-119.86481442,53.54742361],[-119.86232699,53.5543141],[-119.8705765,53.56637375],[-119.87875266,53.56928986],[-119.9051668,53.58924709],[-119.90913454,53.59767243],[-119.93048008,53.60841983],[-119.92336997,53.61596133],[-119.90263436,53.62005691],[-119.88485742,53.61570617],[-119.87818116,53.61806809],[-119.85830621,53.60685537],[-119.84349184,53.60563791],[-119.83018452,53.60895483],[-119.81588828,53.60180791],[-119.79218955,53.60120552],[-119.78209679,53.59180217],[-119.7683557,53.58995228],[-119.75003709,53.59132632],[-119.73488652,53.60627328],[-119.71858133,53.611011],[-119.71660534,53.61595693],[-119.7296359,53.62913312],[-119.73710667,53.63133794],[-119.74116403,53.64459189],[-119.73712956,53.65015156],[-119.73891372,53.66301523],[-119.76619076,53.67129596],[-119.77457476,53.6711043],[-119.77577837,53.6865362],[-119.78940724,53.69523451],[-119.79260939,53.70359787],[-119.80503807,53.70698341],[-119.83013289,53.6954076],[-119.84005819,53.69496848],[-119.84641245,53.70090048],[-119.84465719,53.70824558],[-119.84854908,53.71990342],[-119.88240807,53.70998593],[-119.90121367,53.70851853],[-119.91160637,53.71173644],[-119.91614466,53.71880891],[-119.9030775,53.72248649],[-119.89655435,53.72798739],[-119.90350166,53.73654346],[-119.89118289,53.74895277],[-119.89527141,53.7523862],[-119.8876731,53.76107782],[-119.89420295,53.76634124],[-119.88939555,53.76992601],[-119.88877989,53.77645642],[-119.89922193,53.77822449],[-119.94553325,53.77460312],[-119.98168073,53.79094069],[-119.98139277,53.79876089],[-119.99057822,53.80300696],[-119.99830655,53.80394697],[-120.00132376,53.79834474],[-120.00821103,53.79654481],[-120.03105193,53.80657569],[-120.04068915,53.80382375],[-120.04425794,53.81989439],[-120.05294325,53.83108544],[-120.04977418,53.83912872],[-120.03935665,53.84793302],[-120.01891317,53.85161954],[-120.01511666,53.86200896],[-120.02713764,53.87170305],[-120.05120937,53.88138914],[-120.07061186,53.90541643],[-120.06906287,53.91384064],[-120.05511773,53.91939986],[-120.06384388,53.92712706],[-120.05795447,53.93727754],[-120.06715432,53.95055638],[-120.06410286,53.96224126],[-120.06810486,53.96353489],[-120.07822895,53.9795019],[-120.10472177,53.9836059],[-120.11466068,53.97676856],[-120.12653748,53.97402773],[-120.13703969,53.96812267],[-120.14025628,53.95937995],[-120.14733984,53.95508125],[-120.15090593,53.94620082],[-120.15720761,53.94219354],[-120.20075168,53.94327155],[-120.21284715,53.93991652],[-120.22008298,53.94872611],[-120.21268611,53.9597916],[-120.20826514,53.97443525],[-120.22155649,53.97450547],[-120.23391981,53.97931296],[-120.24574641,53.97609762],[-120.2625243,53.98167181],[-120.25773341,53.98771774],[-120.26110712,53.9961297],[-120.25485568,54.00769643],[-120.25525534,54.01787419],[-120.23470404,54.04159544],[-120.22992498,54.04292335],[-120.207051,54.0295651],[-120.19970883,54.03257175],[-120.19486098,54.04382227],[-120.17769713,54.04641443],[-120.17698911,54.05360842],[-120.1670735,54.07308754],[-120.17752756,54.09080593],[-120.18963624,54.09144959],[-120.18072469,54.10915981],[-120.18458585,54.11751306],[-120.22767686,54.11118201],[-120.24275534,54.11401365],[-120.26261047,54.11178333],[-120.28309592,54.1207406],[-120.28566604,54.11695753],[-120.31440174,54.11140006],[-120.32591961,54.10423187],[-120.34145453,54.10700561],[-120.34061703,54.11360601],[-120.34351187,54.11526783],[-120.37557874,54.11396692],[-120.40698205,54.12384077],[-120.43112977,54.11355293],[-120.45610043,54.12593061],[-120.46163199,54.13204366],[-120.47904832,54.13490068],[-120.51146089,54.12880552],[-120.53542266,54.13680605],[-120.5402002,54.14254948],[-120.54964479,54.14575765],[-120.55985117,54.16166853],[-120.58628774,54.17574383],[-120.58617496,54.18079498],[-120.57298307,54.19162451],[-120.57717964,54.19927798],[-120.56775676,54.20571775],[-120.56767982,54.21008482],[-120.57285569,54.22296313],[-120.58722149,54.2299762],[-120.58699065,54.23334451],[-120.57978112,54.23787926],[-120.58174119,54.24703902],[-120.58708089,54.25099914],[-120.58264988,54.25528351],[-120.58817742,54.26414456],[-120.59740137,54.26940151],[-120.59036202,54.27616858],[-120.59849462,54.28393753],[-120.60597871,54.28962439],[-120.62922865,54.29254737],[-120.62864576,54.28535145],[-120.63487853,54.28083795],[-120.65511202,54.28915075],[-120.68151958,54.2823795],[-120.70322782,54.29381941],[-120.72112886,54.29419109],[-120.73154901,54.30035182],[-120.70158123,54.30816701],[-120.68582021,54.32264681],[-120.69756401,54.32990139],[-120.69366625,54.33430326],[-120.70214718,54.343635],[-120.69971407,54.34752588],[-120.69171838,54.3508675],[-120.67812597,54.34941098],[-120.65865429,54.35853041],[-120.67399721,54.37768772],[-120.694797,54.39088559],[-120.69852421,54.39701913],[-120.73345844,54.40948423],[-120.74721055,54.40676191],[-120.75514362,54.39861529],[-120.76192141,54.39658025],[-120.7765434,54.39671427],[-120.78569274,54.40346891],[-120.78799489,54.41029715],[-120.78560632,54.41315721],[-120.79591431,54.41674328],[-120.80598726,54.4355494],[-120.80317776,54.44189419],[-120.80659848,54.44971945],[-120.80523027,54.45734403],[-120.79895741,54.46823606],[-120.81473524,54.46715605],[-120.82048088,54.47435299],[-120.81328529,54.48675383],[-120.83917803,54.50402051],[-120.85268681,54.49328832],[-120.87715105,54.49002274],[-120.87644408,54.47717733],[-120.88204143,54.47291091],[-120.87802329,54.46128964],[-120.91009907,54.45783249],[-120.934319,54.44993183],[-120.94050607,54.4532302],[-120.94274072,54.45913867],[-120.95258357,54.46261816],[-120.97938498,54.46121722],[-121.00727692,54.46640922],[-121.02779472,54.46036763],[-121.03029557,54.45737106],[-121.02841542,54.45292512],[-121.04320454,54.45287484],[-121.0593022,54.46262675],[-121.06472804,54.47043627],[-121.06833731,54.45747928],[-121.07990323,54.45515897],[-121.11701053,54.47009259],[-121.12348853,54.47635945],[-121.12968894,54.48376989],[-121.13011531,54.49136281],[-121.11931459,54.50174373],[-121.12710599,54.50202907],[-121.13920411,54.50959989],[-121.13082721,54.52091795],[-121.13253713,54.52816681],[-121.12219392,54.53930624],[-121.1259139,54.54851336],[-121.13141619,54.55053536],[-121.14656046,54.55325451],[-121.164407,54.54713584],[-121.18166324,54.54852881],[-121.18930936,54.54580267],[-121.20367312,54.55442163],[-121.20448096,54.54719118],[-121.22986643,54.54166647],[-121.24753687,54.54729996],[-121.25265045,54.55221151],[-121.25673104,54.54204625],[-121.26756542,54.53576339],[-121.2644036,54.52665298],[-121.2693911,54.52359242],[-121.270157,54.51722233],[-121.2827266,54.51453542],[-121.30110222,54.51754775],[-121.31904556,54.51232417],[-121.31643413,54.51895462],[-121.32182238,54.52269073],[-121.3382489,54.52566299],[-121.36176395,54.53519699],[-121.36276274,54.53893163],[-121.39936866,54.53276552],[-121.40096849,54.53756938],[-121.39627726,54.54721007],[-121.39822129,54.55242417],[-121.39271629,54.55737916],[-121.39587906,54.5616348],[-121.41367755,54.5693588],[-121.43186265,54.56934229],[-121.44636753,54.57559603],[-121.44747182,54.57879267],[-121.44193852,54.58623545],[-121.45341308,54.59296657],[-121.45956024,54.60183198],[-121.45343121,54.60925769],[-121.48655113,54.60875922],[-121.49702519,54.61688966],[-121.49854597,54.62271884],[-121.49272266,54.62475794],[-121.49409373,54.63012609],[-121.50370041,54.63217787],[-121.50240383,54.63631687],[-121.50843045,54.63784628],[-121.50782115,54.64180629],[-121.53075076,54.65098047],[-121.5209221,54.65367945],[-121.52758521,54.65933337],[-121.52532241,54.66464691],[-121.52905245,54.66600603],[-121.51500134,54.67603165],[-121.52200525,54.68342959],[-121.50429868,54.68702695],[-121.49129789,54.6941814],[-121.48046617,54.71062491],[-121.4832453,54.71975464],[-121.47659092,54.72422823],[-121.50032856,54.73957421],[-121.49382081,54.75507098],[-121.50196094,54.75496857],[-121.51083208,54.76252139],[-121.52911856,54.76923689],[-121.52779013,54.77850961],[-121.52352512,54.78377516],[-121.52710409,54.79705152],[-121.5462808,54.8030253],[-121.5510134,54.8067646],[-121.5528482,54.81535506],[-121.55934061,54.81913508],[-121.58965439,54.82391733],[-121.61094087,54.83095773],[-121.61851603,54.83761377],[-121.6457366,54.84405869],[-121.64839736,54.8463708],[-121.64710099,54.85176756],[-121.65109302,54.85521825],[-121.66683841,54.85608373],[-121.68242765,54.8640793],[-121.69851151,54.87890097],[-121.71550348,54.8798718],[-121.73051572,54.88777664],[-121.73269014,54.88098723],[-121.74563231,54.88113043],[-121.74054369,54.86800182],[-121.75707967,54.85695211],[-121.76503014,54.8564403],[-121.76606057,54.84918942],[-121.77918044,54.85053141],[-121.78380865,54.84130252],[-121.79775368,54.84377133],[-121.80446496,54.85462796],[-121.81217704,54.85724604],[-121.83909235,54.86045508],[-121.84853321,54.8648398],[-121.85657497,54.86257075],[-121.87259315,54.86812119],[-121.87321053,54.87631478],[-121.87736977,54.87907651],[-121.87451671,54.88324029],[-121.85728128,54.89322035],[-121.84787102,54.89366001],[-121.8390392,54.89917536],[-121.85005877,54.89899239],[-121.85352722,54.89625193],[-121.86641467,54.89783422],[-121.87280123,54.90193821],[-121.87391103,54.90943481],[-121.85510017,54.91590953],[-121.84801126,54.92778616],[-121.86524247,54.93487727],[-121.87717452,54.95312399],[-121.8982635,54.95552763],[-121.9039333,54.96216663],[-121.92253685,54.97190344],[-121.92153046,54.9791836],[-121.92496534,54.98374322],[-121.94412808,54.99264673],[-121.93811267,54.99824718],[-121.94005479,55.00193954],[-121.95246943,55.00993777],[-121.96733841,55.01223031],[-121.97721392,55.02556946],[-121.98766351,55.02431822],[-122.0140607,55.02899361],[-122.02359757,55.03651219],[-122.02260308,55.04180667],[-122.02983966,55.04607888],[-122.03015522,55.05034092],[-122.03862527,55.05289568],[-122.03715716,55.05618653],[-122.04113275,55.05995654],[-122.05802329,55.06642264],[-122.06984786,55.0667041],[-122.08843034,55.08364525],[-122.1074425,55.0932978],[-122.10287257,55.09542194],[-122.10937012,55.10062797],[-122.12756137,55.10226843],[-122.12798672,55.09779683],[-122.1368473,55.09315098],[-122.1729573,55.09851561],[-122.17290938,55.10733106],[-122.18130503,55.11736332],[-122.17733714,55.12165966],[-122.18075264,55.12965316],[-122.19264578,55.13790127],[-122.22327683,55.13627015],[-122.23392548,55.13898905],[-122.25053373,55.1314447],[-122.26590954,55.13193295],[-122.26544972,55.13511169],[-122.27540974,55.14232427],[-122.26953856,55.14680955],[-122.26987521,55.14984964],[-122.27950877,55.15537886],[-122.29423695,55.17214516],[-122.28944422,55.17713123],[-122.28982732,55.18126818],[-122.2792261,55.18900603],[-122.24786704,55.19205093],[-122.25939179,55.20072129],[-122.26235125,55.20964574],[-122.27547673,55.20957084],[-122.28304819,55.21737116],[-122.30444224,55.22207923],[-122.31732856,55.22138156],[-122.33441553,55.22800876],[-122.32722306,55.23279555],[-122.32757093,55.23669687],[-122.33457618,55.23909899],[-122.33769533,55.2454871],[-122.34729818,55.24846833],[-122.34387582,55.25005881],[-122.35048212,55.25828022],[-122.35544059,55.25499087],[-122.36144044,55.25557902],[-122.35958844,55.2621227],[-122.37402684,55.2696811],[-122.38665753,55.28347571],[-122.40318409,55.28960522],[-122.40511387,55.29843045],[-122.42749224,55.30944228],[-122.43053367,55.31495183],[-122.45007197,55.3136439],[-122.46277965,55.30932054],[-122.48511563,55.31433178],[-122.50045755,55.3292942],[-122.51290833,55.33257822],[-122.5160792,55.34640263],[-122.52040747,55.35093082],[-122.5314933,55.35195362],[-122.54757409,55.36596014],[-122.55834008,55.36758149],[-122.55937286,55.37436052],[-122.56664115,55.37818754],[-122.57139617,55.3864623],[-122.57045028,55.39013392],[-122.59527859,55.40819084],[-122.60570687,55.41044322],[-122.60640205,55.4043687],[-122.61210069,55.39837167],[-122.6402711,55.38531237],[-122.64736905,55.37439631],[-122.6484507,55.35663684],[-122.6549496,55.34544103],[-122.67833911,55.33515214],[-122.69909854,55.33856632],[-122.70688287,55.34572032],[-122.7264775,55.34006789],[-122.74427843,55.3477239],[-122.75188705,55.34722825],[-122.75173126,55.35171501],[-122.75611642,55.3550363],[-122.75413767,55.36386559],[-122.77254864,55.36910269],[-122.78469183,55.37783245],[-122.80147201,55.38004456],[-122.81281185,55.38545397],[-122.82062635,55.38590644],[-122.84130603,55.37688605],[-122.85300971,55.37806929],[-122.85545242,55.38078523],[-122.84779271,55.38642562],[-122.84860644,55.3948029],[-122.87464486,55.396913],[-122.88144722,55.40109142],[-122.88093326,55.40814835],[-122.86901643,55.41293951],[-122.88825933,55.41798107],[-122.88970075,55.42181466],[-122.8919748,55.41740429],[-122.91895579,55.4106965],[-122.94883011,55.40877274],[-122.95871621,55.40259436],[-122.96734228,55.40420506],[-122.98602733,55.39691298],[-122.99371972,55.40201773],[-122.98365213,55.42285421],[-123.00006112,55.43239853],[-123.0067409,55.44421323],[-122.99873906,55.45232602],[-122.99951613,55.46271377],[-122.98052134,55.46580345],[-122.97460415,55.4623607],[-122.94772988,55.45851479],[-122.9327226,55.46188612],[-122.93447092,55.4713121],[-122.95937956,55.48555635],[-122.95497596,55.49069518],[-122.95558943,55.49444269],[-122.96673766,55.49992641],[-122.95518819,55.50332841],[-122.95321805,55.50846807],[-122.94663842,55.50909367],[-122.94776056,55.51228422],[-122.94098792,55.52498607],[-122.9469144,55.52943149],[-122.94719753,55.54079549],[-122.95651577,55.5477082],[-122.94475755,55.55577207],[-122.94525952,55.55840612],[-122.93008814,55.56440046],[-122.93274746,55.56927205],[-122.94952721,55.57546274],[-122.94969598,55.57876795],[-122.95626213,55.58029261],[-122.95815619,55.58453411],[-122.93010911,55.59559212],[-122.90598694,55.59711311],[-122.89621743,55.60180763],[-122.87927513,55.60407927],[-122.87131984,55.61404642],[-122.87278415,55.62300927],[-122.85469588,55.63307614],[-122.84240193,55.63432274],[-122.85076315,55.645682],[-122.84735909,55.65173421],[-122.83591718,55.66103602],[-122.82528548,55.65776938],[-122.8123875,55.67025322],[-122.80821071,55.67982192],[-122.79256443,55.68583876],[-122.79432541,55.69138128],[-122.75830846,55.68040499],[-122.7635277,55.69534653],[-122.75383631,55.70045354],[-122.74225283,55.6955287],[-122.7261662,55.70024379],[-122.708403,55.69363912],[-122.67803168,55.7003798],[-122.67255023,55.71494788],[-122.6600314,55.71995547],[-122.63239756,55.72324133],[-122.62749718,55.7292734],[-122.61934983,55.73176496],[-122.6126046,55.7377773],[-122.61499722,55.7413162],[-122.61297404,55.74585653],[-122.60534947,55.75061724],[-122.60515033,55.75918355],[-122.59109326,55.75996022],[-122.58430964,55.76563842],[-122.5734405,55.767771],[-122.56397442,55.76395907],[-122.56697163,55.75985511],[-122.5614954,55.75457953],[-122.5504339,55.75411585],[-122.54853148,55.75117655],[-122.53815119,55.75434537],[-122.5220694,55.75295858],[-122.52125155,55.74801809],[-122.50991882,55.74339008],[-122.49482586,55.74656381],[-122.47688385,55.75664084],[-122.46873325,55.76523421],[-122.47125283,55.76953773],[-122.46701234,55.77472959],[-122.47320716,55.77899131],[-122.47073212,55.78420127],[-122.45118356,55.79082381],[-122.45269166,55.79909687],[-122.43162075,55.81760073],[-122.43639901,55.82745343],[-122.40015876,55.81885499],[-122.3886561,55.80628417],[-122.38163953,55.80568174],[-122.36463832,55.80909346],[-122.35884599,55.81552943],[-122.3583923,55.82349417],[-122.34932538,55.83386018],[-122.30165463,55.83640732],[-122.25634744,55.82291526],[-122.25057058,55.82662764],[-122.22667343,55.82837528],[-122.22829488,55.83828541],[-122.20976211,55.85117919],[-122.19876388,55.83975198],[-122.17579637,55.8356367],[-122.14953435,55.8144491],[-122.1381075,55.81653052],[-122.11804755,55.82873765],[-122.10402934,55.84480529],[-122.02493585,55.82384941],[-122.01236081,55.82985338],[-121.96691066,55.83015406],[-121.94608162,55.83656433],[-121.9458703,55.84512464],[-121.93762466,55.85417174],[-121.94101728,55.86433771],[-121.92452978,55.87028776],[-121.91455324,55.87879106],[-121.91924872,55.8996999],[-121.91428079,55.90630082],[-121.9030538,55.90088826],[-121.89366392,55.88983078],[-121.87884905,55.8864095],[-121.86950991,55.8864469],[-121.85724998,55.89565807],[-121.83149101,55.89755352],[-121.82922689,55.89236856],[-121.82274499,55.88940365],[-121.81978695,55.87017047],[-121.80245369,55.86243017],[-121.7702356,55.86362317],[-121.7680079,55.87080542],[-121.77252349,55.88619503],[-121.76932985,55.89180237],[-121.74598887,55.8895595],[-121.73692931,55.89669993],[-121.72017005,55.9016676],[-121.6893364,55.89726432],[-121.67721084,55.91404708],[-121.6915355,55.92461066],[-121.68837252,55.93020634],[-121.67969387,55.93333155],[-121.67600646,55.94237408],[-121.71187488,55.95059005],[-121.72361372,55.95988365],[-121.75078613,55.95650651],[-121.7554265,55.96042982],[-121.74911763,55.97026585],[-121.75277904,55.97457488],[-121.78689536,55.98020407],[-121.78958207,55.98308373],[-121.76765753,56.00808436],[-121.74963965,56.02085517],[-121.74228525,56.03225195],[-121.73329179,56.03460574],[-121.71472203,56.02999548],[-121.70634918,56.03148304],[-121.70376298,56.04792602],[-121.71102476,56.07785525],[-121.70989218,56.08937346],[-121.71503161,56.09634004],[-121.72846108,56.10304888],[-121.73126467,56.11083831],[-121.72799286,56.12691571],[-121.72108642,56.13293813],[-121.721682,56.13707292],[-121.71402975,56.14189178],[-121.70284955,56.14331455],[-121.68460631,56.15880662],[-121.65160316,56.16826555],[-121.6363864,56.17666079],[-121.63780597,56.18221945],[-121.63278697,56.18912298],[-121.63972474,56.2056159],[-121.63509459,56.21909013],[-121.6320562,56.22041128],[-121.6343704,56.23175662],[-121.64960661,56.23627694],[-121.64718222,56.23997274],[-121.65412408,56.2477822],[-121.65083206,56.26357981],[-121.65758244,56.27728989],[-121.65313987,56.30093804],[-121.65594995,56.3074585],[-121.66139231,56.31000239],[-121.66456276,56.32143344],[-121.68224762,56.33579857],[-121.70333575,56.34153432],[-121.7498472,56.33885477],[-121.78858831,56.34511557],[-121.81104715,56.34480738],[-121.82241074,56.33900752],[-121.84640431,56.33909011],[-121.85470434,56.33609422],[-121.8523194,56.33137822],[-121.86342121,56.33140803],[-121.87131257,56.32431817],[-121.88440706,56.31899786],[-121.91515728,56.31786937],[-121.94007005,56.31088784],[-121.95789681,56.31472238],[-121.96541534,56.31080872],[-121.99150516,56.30652273],[-122.01421224,56.31117098],[-122.01634996,56.31717705],[-122.02467542,56.32146953],[-122.02855789,56.32039988],[-122.02717362,56.31538009],[-122.03496711,56.31408399],[-122.08455566,56.32635122],[-122.10733001,56.32142291],[-122.12603807,56.31284056],[-122.14711032,56.32185067],[-122.14788827,56.3290043],[-122.15716574,56.33586844],[-122.17426413,56.3330595],[-122.18322515,56.33540594],[-122.19984067,56.33065317],[-122.20701898,56.3236366],[-122.22094055,56.31784903],[-122.24161648,56.31779905],[-122.23875381,56.30710562],[-122.21623098,56.29287673],[-122.23806328,56.28423938],[-122.25849556,56.28239541],[-122.28274819,56.27087632],[-122.319823,56.27137267],[-122.33538515,56.26486399],[-122.35098197,56.28042665],[-122.35240274,56.28561319],[-122.3685403,56.29782179],[-122.38727692,56.28489838],[-122.390649,56.27426357],[-122.39746918,56.26815967],[-122.41178025,56.26495911],[-122.42049676,56.26957335],[-122.42569013,56.27709413],[-122.44035097,56.28092655],[-122.45712465,56.29812953],[-122.46887227,56.30304064],[-122.47012336,56.29925529],[-122.47739431,56.29653662],[-122.47516755,56.29030575],[-122.48362044,56.29048486],[-122.48254842,56.28489715],[-122.48896426,56.27986204],[-122.55499349,56.27948781],[-122.57578754,56.2700326],[-122.59700674,56.26814956],[-122.60942652,56.26423208],[-122.61017282,56.26075201],[-122.61791385,56.26127131],[-122.60801329,56.24064076],[-122.61768442,56.22743756],[-122.66321921,56.23601074],[-122.6821321,56.24274865],[-122.74141511,56.24371664],[-122.74886519,56.25001094],[-122.76029974,56.25204527],[-122.75630092,56.25609135],[-122.75890972,56.26788068],[-122.76836772,56.27323568],[-122.7810566,56.27340139],[-122.78935808,56.28326114],[-122.80460251,56.29175349],[-122.82884006,56.29252998],[-122.83535476,56.28992874],[-122.83309911,56.28619292],[-122.8535091,56.27904369],[-122.87016751,56.28055285],[-122.88080685,56.29402657],[-122.88961941,56.31291408],[-122.90577466,56.31947163],[-122.94022319,56.31768259],[-122.93371233,56.32058075],[-122.93111864,56.32680619],[-122.92413901,56.3290379],[-122.92364929,56.34137846],[-122.94292624,56.3712654],[-122.94430478,56.38532582],[-122.95474214,56.39434228],[-122.97005631,56.39678522],[-122.98200813,56.40324288],[-122.99205011,56.39775978],[-123.02616706,56.39774332],[-123.0277917,56.40248993],[-123.04842067,56.41641843],[-123.05959046,56.41618518],[-123.06613828,56.4199599],[-123.07174329,56.4299015],[-123.07696581,56.43098484],[-123.09560362,56.42473753],[-123.10292434,56.43762917],[-123.1234625,56.44117677],[-123.13483178,56.44943941],[-123.15021857,56.44911728],[-123.1543177,56.45183952],[-123.1627823,56.44260182],[-123.15377208,56.43724624],[-123.16110648,56.43451186],[-123.16561566,56.42474819],[-123.19662825,56.41748494],[-123.20079599,56.41238996],[-123.19547875,56.40746996],[-123.20693826,56.40363507],[-123.20989341,56.39671641],[-123.23365746,56.38253605],[-123.23673409,56.37627764],[-123.25466787,56.37707361],[-123.25614726,56.37441153],[-123.25302735,56.37018682],[-123.25680738,56.36884978],[-123.27050926,56.37024004],[-123.28000579,56.3778205],[-123.2903494,56.39337496],[-123.29740588,56.39612583],[-123.29910639,56.400658],[-123.30850873,56.40705043],[-123.31247557,56.41931217],[-123.33435464,56.42212636],[-123.34020344,56.42852982],[-123.35471052,56.43142383],[-123.36319959,56.43665537],[-123.36506877,56.4389178],[-123.36071961,56.44388066],[-123.36106405,56.44855553],[-123.35069959,56.45244365],[-123.35610329,56.45820042],[-123.37417904,56.46163405],[-123.38360005,56.46896374],[-123.40287625,56.47665158],[-123.42356901,56.471328],[-123.44118848,56.45299868],[-123.45347837,56.45849025],[-123.46119224,56.45686191],[-123.46321754,56.45082091],[-123.47140787,56.45040417],[-123.47642156,56.44369217],[-123.47717757,56.43212239],[-123.50589688,56.40411827],[-123.50019311,56.39784903],[-123.50907815,56.39654137],[-123.51980683,56.40020286],[-123.53050248,56.40862534],[-123.54646379,56.41486344],[-123.5593487,56.41428106],[-123.55728279,56.42672809],[-123.56361003,56.44372866],[-123.56165279,56.45007484],[-123.55389792,56.45627815],[-123.55485691,56.46186608],[-123.56689332,56.47027722],[-123.5675502,56.47718982],[-123.57461769,56.48485136],[-123.60000509,56.49373034],[-123.59987199,56.49747831],[-123.59504654,56.50081685],[-123.60542312,56.51275412],[-123.61493934,56.5059211],[-123.63237968,56.5075483],[-123.65188213,56.50365584],[-123.66214064,56.50656095],[-123.68264139,56.5029645],[-123.69713747,56.50989854],[-123.70526189,56.51960233],[-123.67890944,56.5285836],[-123.68053111,56.53633668],[-123.69091813,56.54020785],[-123.69808469,56.55078828],[-123.72434489,56.55046414],[-123.7247124,56.55522751],[-123.71985822,56.56089602],[-123.74156317,56.56889939],[-123.72771883,56.57888578],[-123.72599576,56.58321103],[-123.70804442,56.58066332],[-123.68818095,56.58874507],[-123.67239498,56.58943925],[-123.67400312,56.60119064],[-123.67973312,56.60456364],[-123.67044561,56.61006333],[-123.66962358,56.61322176],[-123.67390807,56.6157719],[-123.67113594,56.62098787],[-123.67485045,56.62652836],[-123.66259946,56.63821662],[-123.66799803,56.64551746],[-123.66511426,56.65277938],[-123.68822154,56.65843706],[-123.71510724,56.67052765],[-123.73704696,56.66576144],[-123.74528677,56.67083319],[-123.7501048,56.67935772],[-123.76019193,56.68222445],[-123.76536635,56.68925815],[-123.77069389,56.70191566],[-123.76245555,56.70621987],[-123.76261233,56.71275645],[-123.75327409,56.71892876],[-123.76311352,56.73024156],[-123.76408388,56.7410261],[-123.7725501,56.74385242],[-123.7728875,56.74802814],[-123.77954785,56.75263206],[-123.79222712,56.75473906],[-123.80776029,56.76999695],[-123.79508396,56.79274204],[-123.77070265,56.80894297],[-123.77202362,56.81435541],[-123.78432831,56.82291672],[-123.80383776,56.83014858],[-123.81261456,56.83832553],[-123.81735034,56.84842813],[-123.81388919,56.8621334],[-123.82535566,56.86401219],[-123.82796954,56.87221127],[-123.83754313,56.87563222],[-123.85290408,56.8935151],[-123.83600649,56.89531392],[-123.83833003,56.89978177],[-123.83458927,56.90210607],[-123.83488493,56.90636416],[-123.82334862,56.91311043],[-123.82200768,56.92349118],[-123.81817185,56.92631012],[-123.83202493,56.93266859],[-123.84632752,56.9272307],[-123.85894838,56.93107485],[-123.86668404,56.9389036],[-123.88282843,56.93663529],[-123.88742761,56.93848025],[-123.89093196,56.94537206],[-123.90760329,56.95169284],[-123.90762019,56.95805493],[-123.90187591,56.95906768],[-123.89350865,56.96873023],[-123.89445757,56.97450553],[-123.9064605,56.97629119],[-123.89785381,56.98734828],[-123.90263783,56.9902741],[-123.89794121,56.99457939],[-123.91073731,56.99823611],[-123.93267738,56.99691393],[-123.94060027,57.00735319],[-123.94967938,57.00561879],[-123.95834801,57.01304409],[-123.98321951,57.01441046],[-123.98282822,57.02820666],[-123.97256115,57.04113668],[-123.9744969,57.0442654],[-123.95108559,57.05374684],[-123.92461093,57.05508574],[-123.92751665,57.06432498],[-123.92051657,57.06670346],[-123.91927453,57.07476908],[-123.92551257,57.08125435],[-123.925577,57.08992947],[-123.93214464,57.09891642],[-123.9722579,57.11786625],[-123.99629812,57.12390813],[-123.99662128,57.12936285],[-124.01221935,57.13526852],[-124.00787981,57.14733522],[-124.01473548,57.15139831],[-124.02648031,57.15301917],[-124.02947234,57.15850182],[-124.0537003,57.16905713],[-124.06900165,57.16745107],[-124.08362647,57.18344839],[-124.09908327,57.18852179],[-124.09460107,57.19435145],[-124.09918126,57.19831853],[-124.09305382,57.20454136],[-124.11433315,57.21445911],[-124.13365777,57.21757827],[-124.13816117,57.22816432],[-124.15298806,57.23340158],[-124.14878319,57.24453574],[-124.14979538,57.24994057],[-124.16613852,57.25189029],[-124.18193443,57.25984197],[-124.18239171,57.26921223],[-124.17263484,57.27619482],[-124.17082422,57.28479253],[-124.17879425,57.29192323],[-124.17617731,57.29584239],[-124.16123666,57.29762384],[-124.14873318,57.30506424],[-124.13773047,57.30404176],[-124.08241721,57.31329763],[-124.07569058,57.32500926],[-124.0776036,57.34489379],[-124.09330915,57.34620039],[-124.10471134,57.35682357],[-124.10566762,57.36144581],[-124.10272936,57.36990272],[-124.09312941,57.37002273],[-124.09820286,57.37616359],[-124.08624089,57.38619488],[-124.0895223,57.39379353],[-124.11537849,57.39377548],[-124.13307725,57.40256564],[-124.13229855,57.40833828],[-124.12243304,57.41048414],[-124.1149115,57.42397148],[-124.13790985,57.43443811],[-124.13133616,57.44583865],[-124.12236479,57.45130428],[-124.13615781,57.45123454],[-124.14320732,57.45866332],[-124.18268687,57.45544537],[-124.17795985,57.46482621],[-124.17955663,57.46816636],[-124.20516673,57.47242577],[-124.1898664,57.48029571],[-124.17997524,57.48095895],[-124.18070408,57.49133267],[-124.17801624,57.4936179],[-124.18003332,57.49544446],[-124.1728464,57.49788268],[-124.17268958,57.50192646],[-124.23952985,57.50500936],[-124.24277571,57.50269558],[-124.2409487,57.4976823],[-124.25330237,57.49297885],[-124.29114061,57.49450322],[-124.30826496,57.49918704],[-124.30101929,57.5083],[-124.29358204,57.50960113],[-124.30106007,57.51332078],[-124.30569019,57.52050539],[-124.32864273,57.5194953],[-124.36326007,57.5331579],[-124.37186191,57.54144566],[-124.37120231,57.54980504],[-124.37388404,57.55187225],[-124.39273249,57.5545589],[-124.40486443,57.55267195],[-124.40805101,57.56239328],[-124.40315107,57.58077608],[-124.41519022,57.58966109],[-124.43682872,57.59159984],[-124.4382386,57.59873502],[-124.45026778,57.60323321],[-124.45296164,57.61484533],[-124.44947768,57.61937756],[-124.45788197,57.63423016],[-124.44995405,57.64849279],[-124.45892085,57.65422487],[-124.48429255,57.66385717],[-124.49397294,57.66141643],[-124.50096796,57.66565521],[-124.51796776,57.66461645],[-124.52852599,57.67098842],[-124.55159278,57.67389272],[-124.55950548,57.6789391],[-124.57710528,57.67984823],[-124.5907588,57.68849909],[-124.59342663,57.68384776],[-124.59088662,57.67582956],[-124.60440642,57.666082],[-124.62167531,57.67490105],[-124.63337353,57.67715746],[-124.66203522,57.67461981],[-124.66645087,57.6775239],[-124.65921703,57.68466029],[-124.66565694,57.690283],[-124.66332149,57.70269365],[-124.67135847,57.70754051],[-124.68274322,57.70223214],[-124.69589381,57.70642286],[-124.69281771,57.71555228],[-124.69505679,57.72003201],[-124.72827567,57.71793262],[-124.73541156,57.71929613],[-124.74219535,57.7281638],[-124.77285683,57.7273331],[-124.78086177,57.72979219],[-124.79084891,57.72298588],[-124.79868677,57.72548834],[-124.80617019,57.73272732],[-124.8317521,57.73597625],[-124.84051811,57.73394382],[-124.83210061,57.73924598],[-124.83406235,57.74389467],[-124.82702617,57.74772283],[-124.82856716,57.75231072],[-124.82380933,57.76181201],[-124.83352262,57.77022106],[-124.84691493,57.77441565],[-124.8530582,57.78865411],[-124.86155742,57.79492443],[-124.86129741,57.8001931],[-124.8698751,57.80404683],[-124.87732697,57.81636551],[-124.88567119,57.82053253],[-124.90821858,57.81966997],[-124.92729413,57.82801997],[-124.94059142,57.84800282],[-124.93843299,57.8633638],[-124.97701233,57.86750386],[-124.99053635,57.87699315],[-124.99943767,57.88901925],[-124.99585125,57.89718736],[-124.98435795,57.90021586],[-124.94652832,57.8985918],[-124.94037297,57.90087357],[-124.94127261,57.90909397],[-124.93568474,57.9145205],[-124.94036601,57.92030145],[-124.93799259,57.92495734],[-124.9257048,57.93182735],[-124.92471387,57.94048491],[-124.93047602,57.94560434],[-124.92841089,57.95409416],[-124.9208544,57.96139676],[-124.92282536,57.97181821],[-124.91944147,57.97334209],[-124.92004196,57.98179306],[-124.9232697,57.98758451],[-124.93414082,57.98844909],[-124.94282937,57.99300936],[-124.95715614,57.99198581],[-124.96044419,57.98651867],[-124.98523199,57.99361438],[-124.98919231,58.00316964],[-124.99959912,58.00262437],[-125.00568283,58.00657212],[-125.01633269,58.00130063],[-125.02286201,58.008995],[-125.0447955,58.0133566],[-125.05827635,58.0202553],[-125.09121645,58.01487512],[-125.12088494,58.02499148],[-125.14619167,58.02835798],[-125.16493135,58.022102],[-125.19321775,58.02303519],[-125.20402989,58.0189017],[-125.20442328,58.01257796],[-125.22424825,58.00132235],[-125.22064715,57.99650868],[-125.23172305,57.98785122],[-125.24512003,57.98411197],[-125.25188459,57.98781657],[-125.25323192,57.99221633],[-125.27347372,58.00170247],[-125.32567342,57.99347342],[-125.34997869,57.99595047],[-125.44164501,57.97426359],[-125.44617114,57.9677965],[-125.45605782,57.96600793],[-125.45374463,57.95939594],[-125.46440866,57.94654605],[-125.47497844,57.9420392],[-125.48810337,57.94139154],[-125.49542139,57.93433037],[-125.52518316,57.92763445],[-125.55041844,57.92805281],[-125.58242737,57.91515672],[-125.60015143,57.91321487],[-125.60833812,57.91724509],[-125.60683687,57.91972138],[-125.61042491,57.92668399],[-125.62621937,57.93279087],[-125.64898399,57.92543526],[-125.64565631,57.91832189],[-125.65842286,57.91451083],[-125.66674202,57.90587197],[-125.66436276,57.89867972],[-125.64812295,57.88411513],[-125.65112998,57.88014869],[-125.67138727,57.87796748],[-125.68495245,57.88056947],[-125.68475019,57.87261587],[-125.70064175,57.86450102],[-125.74073088,57.86074774],[-125.74800693,57.86816186],[-125.7573796,57.86932873],[-125.76127758,57.87642423],[-125.75963522,57.88054473],[-125.7650895,57.88453665],[-125.76255495,57.8865025],[-125.76468197,57.89086415],[-125.7740375,57.89608719],[-125.78738623,57.91008913],[-125.78545295,57.91198914],[-125.79182693,57.91834784],[-125.79163877,57.92240165],[-125.7840794,57.93326456],[-125.80076602,57.94321347],[-125.80183787,57.96125221],[-125.7980974,57.9650306],[-125.80625344,57.972484],[-125.82130428,57.97274053],[-125.82586113,57.97648461],[-125.8444301,57.97934728],[-125.86845042,57.96894067],[-125.88496051,57.97616733],[-125.89515612,57.97390352],[-125.911071,57.9820058],[-125.92479681,57.97626639],[-125.94069313,57.98674617],[-125.96074025,57.99373407],[-125.96794224,57.99055416],[-125.96753307,57.98561479],[-125.97382469,57.97354737],[-125.98932662,57.9650125],[-125.98892269,57.95882397],[-125.99392581,57.95492145],[-125.99952356,57.95550253],[-126.01359722,57.96517261],[-126.01608938,57.97134629],[-126.02990239,57.96612436],[-126.04645558,57.96958624],[-126.06472985,57.96540321],[-126.067235,57.96232229],[-126.06307785,57.95509284],[-126.0671154,57.94505571],[-126.04691801,57.93708385],[-126.04903004,57.92999199],[-126.04554141,57.92421878],[-126.0567584,57.92071326],[-126.06491905,57.92201716],[-126.06539958,57.91612365],[-126.06881656,57.9137893],[-126.07800572,57.9128882],[-126.09336073,57.91829832],[-126.10966992,57.91314738],[-126.12764871,57.91567483],[-126.14507855,57.92929626],[-126.1593208,57.93609299],[-126.16836431,57.9391839],[-126.17286933,57.93443986],[-126.18847206,57.94791697],[-126.2120734,57.94787367],[-126.21535462,57.94025458],[-126.22062176,57.93952373],[-126.22426748,57.93484216],[-126.22170273,57.92890709],[-126.23392321,57.93080505],[-126.24507964,57.92411895],[-126.2402648,57.91675406],[-126.24028272,57.91063758],[-126.23162432,57.90619963],[-126.22856212,57.88996196],[-126.23113669,57.883839],[-126.2476185,57.87832111],[-126.24837901,57.87502497],[-126.25919142,57.87043683],[-126.25864938,57.86042037],[-126.28784498,57.85403348],[-126.29858688,57.85546874],[-126.311628,57.86472292],[-126.31342408,57.86792369],[-126.30985534,57.87483436],[-126.32254779,57.88055823],[-126.32107928,57.88811575],[-126.33987423,57.89095119],[-126.34714917,57.90276257],[-126.3558638,57.90207904],[-126.3702452,57.90806095],[-126.37134891,57.91694327],[-126.37669783,57.92121005],[-126.39149516,57.91937751],[-126.41107189,57.92498877],[-126.41589806,57.92089944],[-126.40173634,57.91953656],[-126.41671236,57.90799321],[-126.42647332,57.9115656],[-126.43183024,57.92450592],[-126.44468442,57.92492907],[-126.44700011,57.93050635],[-126.46365306,57.93171115],[-126.47630603,57.9377776],[-126.50411739,57.93812393],[-126.52551189,57.93465995],[-126.54083436,57.94222721],[-126.54700151,57.95128305],[-126.57067697,57.9490103],[-126.60380596,57.92775507],[-126.62478452,57.93471272],[-126.65660018,57.95566491],[-126.66126554,57.96197305],[-126.66110746,57.97424602],[-126.67148921,57.97839449],[-126.6798497,57.98849468],[-126.67014327,58.01872184],[-126.71453916,58.0193352],[-126.72434283,58.01555632],[-126.74226122,58.01607933],[-126.77745565,58.01020137],[-126.80936777,58.01165274],[-126.82520612,58.00508056],[-126.87210441,58.00284092],[-126.8756145,57.99600622],[-126.88116418,57.99295811],[-126.90928679,57.99372514],[-126.91936345,57.99731829],[-126.94668067,57.99366259],[-126.95348392,57.98753933],[-126.95276565,57.98115224],[-126.94934432,57.97863612],[-126.95231399,57.97272304],[-126.95073126,57.96919786],[-126.96321237,57.96872024],[-126.97369411,57.96414307],[-126.97656451,57.95988574],[-126.97383432,57.95393873],[-126.95732635,57.9449464],[-126.96056355,57.93568683],[-126.95793568,57.93168151],[-126.94243014,57.91800352],[-126.92880039,57.91172658],[-126.92762943,57.90412506],[-126.93548679,57.89086069],[-126.90132724,57.89082604],[-126.89604296,57.88691062],[-126.90177776,57.88229388],[-126.87950891,57.8680597],[-126.88118745,57.86515404],[-126.87563542,57.86117131],[-126.88172374,57.85344226],[-126.89517122,57.84537766],[-126.8830157,57.84302312],[-126.86621491,57.83458031],[-126.87062893,57.83173104],[-126.86664092,57.82755169],[-126.87641241,57.82128384],[-126.87462649,57.81686034],[-126.86076833,57.8068659],[-126.86405169,57.80039535],[-126.88000931,57.79660227],[-126.92000914,57.79321257],[-126.9448658,57.79490297],[-126.95757149,57.78564663],[-126.9621321,57.77786026],[-126.9744264,57.77272315],[-126.97819734,57.76118542],[-126.97297928,57.75430934],[-126.95151103,57.75113681],[-126.95361242,57.74809178],[-126.9487317,57.73950574],[-126.95173232,57.73356348],[-126.95022148,57.7250633],[-126.94702345,57.71703386],[-126.93417727,57.70528832],[-126.93529811,57.69994071],[-126.8790699,57.69763796],[-126.86095382,57.68748143],[-126.84225354,57.68357403],[-126.84849953,57.6644872],[-126.84451587,57.65781767],[-126.84573038,57.65419053],[-126.86773151,57.64134105],[-126.88194859,57.63862222],[-126.88739761,57.63129776],[-126.85847511,57.62683334],[-126.86004468,57.62395618],[-126.8526256,57.61555703],[-126.81148394,57.60876363],[-126.79262265,57.59740053],[-126.79171871,57.59139646],[-126.77524791,57.58629753],[-126.77378195,57.58048955],[-126.78786948,57.57130923],[-126.82554121,57.56894891],[-126.83405056,57.56049801],[-126.87021955,57.55527768],[-126.88424657,57.55925313],[-126.91301477,57.54218845],[-126.92488113,57.54190849],[-126.93306171,57.53639765],[-126.95817054,57.53533647],[-126.97623291,57.54162378],[-126.97740771,57.5373704],[-126.98468909,57.53236077],[-127.00356296,57.54037608],[-127.01660708,57.52569558],[-127.02993067,57.51865455],[-127.03327929,57.51352267],[-127.03093782,57.50823801],[-127.03556739,57.50674762],[-127.06433976,57.51176655],[-127.07116189,57.5174146],[-127.07176086,57.52261751],[-127.10084469,57.51869157],[-127.10765161,57.5240173],[-127.13070268,57.52669527],[-127.13453743,57.5278138],[-127.13444613,57.5316479],[-127.14861722,57.53548644],[-127.14350643,57.53887423],[-127.14343751,57.54231129],[-127.1360221,57.54570641],[-127.1433995,57.5515649],[-127.14227052,57.55538454],[-127.14517739,57.55748517],[-127.13778047,57.56790356],[-127.14209205,57.57259342],[-127.15227716,57.5752228],[-127.15206427,57.58043952],[-127.16038707,57.58410152],[-127.16443387,57.59412464],[-127.17043412,57.59598113],[-127.17130004,57.60165377],[-127.18740079,57.6037459],[-127.20633603,57.59317239],[-127.21969403,57.59398377],[-127.23606708,57.58716902],[-127.25499577,57.58707465],[-127.26581718,57.57950374],[-127.27800822,57.58176455],[-127.28569146,57.57609148],[-127.29283174,57.58067169],[-127.32223334,57.57886578],[-127.32468501,57.57445139],[-127.32120223,57.5680625],[-127.33122005,57.56389278],[-127.32992151,57.5589151],[-127.32461781,57.5594943],[-127.31738522,57.54878804],[-127.32998584,57.52303679],[-127.32053235,57.5156678],[-127.32844531,57.5056577],[-127.30610429,57.5030499],[-127.29632908,57.4916564],[-127.3064875,57.48740992],[-127.32575086,57.48716931],[-127.32609166,57.48452323],[-127.31714495,57.47356484],[-127.30173001,57.46537547],[-127.2974713,57.45836428],[-127.30350005,57.4533851],[-127.30448052,57.43952587],[-127.31709713,57.43145245],[-127.3345528,57.43657621],[-127.36733641,57.4279095],[-127.37206606,57.42473338],[-127.36968923,57.41339763],[-127.37806474,57.41159144],[-127.39091612,57.40272138],[-127.43306837,57.3974321],[-127.44155748,57.39246681],[-127.46544571,57.39005679],[-127.47417837,57.38612931],[-127.45258466,57.36948669],[-127.45990047,57.36159924],[-127.45706421,57.35528974],[-127.47354959,57.34686788],[-127.48986839,57.33454887],[-127.49277918,57.32884304],[-127.50588628,57.3247986],[-127.50770558,57.31084367],[-127.51895194,57.29107486],[-127.53704681,57.28647385],[-127.53067004,57.2767694],[-127.535249,57.26885609],[-127.53927224,57.26770017],[-127.5430222,57.25689844],[-127.52832037,57.24434926],[-127.50980305,57.2413669],[-127.50788509,57.23995521],[-127.51031859,57.23677485],[-127.4735177,57.22592812],[-127.46680749,57.22024943],[-127.47911711,57.21424025],[-127.48171644,57.210534],[-127.48104499,57.19938895],[-127.49034069,57.19517162],[-127.49970972,57.1825892],[-127.50716457,57.18183762],[-127.51719793,57.18591963],[-127.52817739,57.1798136],[-127.52893855,57.17151622],[-127.5585239,57.16280096],[-127.56731716,57.15739471],[-127.5835451,57.15521716],[-127.58940031,57.160566],[-127.61916512,57.16849593],[-127.63660424,57.17958635],[-127.66167965,57.17864226],[-127.67591157,57.16346692],[-127.69988984,57.16188372],[-127.72169045,57.14897106],[-127.71329314,57.13923897],[-127.73021892,57.13801252],[-127.73775784,57.13083433],[-127.7294054,57.11824761],[-127.73423402,57.10553648],[-127.71477518,57.1015754],[-127.70588427,57.09559721],[-127.69012162,57.09467357],[-127.67807346,57.08732094],[-127.67021551,57.07380119],[-127.69240631,57.07272589],[-127.70162808,57.07524458],[-127.70413463,57.06944007],[-127.69563334,57.05734723],[-127.68613098,57.05538222],[-127.66158464,57.04217811],[-127.66092218,57.03252546],[-127.68018731,57.02311831],[-127.68007432,57.01734376],[-127.68256118,57.01650011],[-127.6954927,57.01946192],[-127.69733517,57.02175371],[-127.69436856,57.02399605],[-127.69830879,57.02738929],[-127.72512591,57.02766788],[-127.7248788,57.01790234],[-127.71279386,57.01218495],[-127.72311589,57.00876446],[-127.73390028,56.99807687],[-127.7300263,56.99407525],[-127.70920648,56.9904822],[-127.69120184,56.99275076],[-127.67692222,56.98915934],[-127.67093167,56.99179426],[-127.67084773,56.99600871],[-127.64637183,56.98852617],[-127.63248091,56.99702473],[-127.58743678,57.00274353],[-127.58804333,56.99701306],[-127.57635956,56.99025857],[-127.57690737,56.98119669],[-127.59967989,56.98145439],[-127.60436127,56.97844332],[-127.57209022,56.96403688],[-127.58662465,56.95119059],[-127.57020013,56.94605164],[-127.54698944,56.94711342],[-127.53978062,56.94388036],[-127.54050833,56.93549271],[-127.5602229,56.928229],[-127.56114377,56.9243501],[-127.54004772,56.90284106],[-127.55049197,56.90134044],[-127.58865,56.91151643],[-127.60827283,56.90916554],[-127.61575733,56.90036296],[-127.57460208,56.88000003],[-127.57435932,56.87568358],[-127.56736464,56.87333176],[-127.56054695,56.86524821],[-127.56501262,56.85979691],[-127.5643117,56.85519017],[-127.55690804,56.85187897],[-127.58952332,56.8478722],[-127.60736534,56.8540203],[-127.61479276,56.85139736],[-127.61158604,56.84458164],[-127.57160698,56.82251793],[-127.57255399,56.80822409],[-127.56081425,56.80736868],[-127.53626797,56.79447503],[-127.53633966,56.78169507],[-127.52191801,56.78328198],[-127.5107058,56.7806464],[-127.49225947,56.77172369],[-127.48853178,56.76308831],[-127.50366771,56.7588016],[-127.50552991,56.74846328],[-127.53860355,56.7454909],[-127.53320661,56.74305484],[-127.53116398,56.73275791],[-127.53453439,56.72414057],[-127.54911481,56.70893777],[-127.53546545,56.70515724],[-127.51401698,56.71035681],[-127.51440461,56.71635432],[-127.47740286,56.71812742],[-127.46260062,56.7057484],[-127.44792319,56.71122201],[-127.43746682,56.70664348],[-127.42401139,56.69759361],[-127.42868756,56.69059436],[-127.41673762,56.68682642],[-127.41520509,56.68191047],[-127.39695609,56.68227842],[-127.39538379,56.69331957],[-127.38343503,56.69490373],[-127.37635855,56.69126691],[-127.37194027,56.69336568],[-127.37279578,56.6983319],[-127.36845873,56.70342832],[-127.35063795,56.70714005],[-127.34803395,56.71103992],[-127.35252522,56.71425273],[-127.35196235,56.72019765],[-127.34746218,56.72463506],[-127.32632368,56.73375218],[-127.30367039,56.73567803],[-127.29739318,56.72598666],[-127.29737145,56.71885675],[-127.29111539,56.71430944],[-127.27564875,56.72443485],[-127.2610303,56.7256193],[-127.25038648,56.73155405],[-127.22568972,56.73626268],[-127.18857567,56.70353233],[-127.18236492,56.6959082],[-127.18322636,56.69066865],[-127.16393097,56.66753994],[-127.15463305,56.66262274],[-127.11972816,56.6556282],[-127.12131996,56.64946637],[-127.11274099,56.63854894],[-127.11834493,56.63348195],[-127.11525045,56.62697427],[-127.09064162,56.61827727],[-127.07149056,56.63160191],[-127.04878582,56.63187484],[-127.0341908,56.63991869],[-127.034948,56.64688512],[-127.02149728,56.64999399],[-127.00720286,56.64667784],[-126.98714816,56.66561141],[-126.95373492,56.66421],[-126.94980193,56.67637336],[-126.94453931,56.67986294],[-126.91971278,56.68304272],[-126.90821066,56.68155664],[-126.88703785,56.6896186],[-126.85783423,56.67588112],[-126.84554803,56.67777165],[-126.81785455,56.67073906],[-126.80975544,56.67198896],[-126.8174717,56.68195574],[-126.81412031,56.69014703],[-126.83611601,56.6951504],[-126.84257523,56.70066354],[-126.83284688,56.71042402],[-126.83745257,56.71653429],[-126.83524208,56.71979341],[-126.8173365,56.71687485],[-126.79862134,56.71885515],[-126.79519663,56.72043032],[-126.79551827,56.72658517],[-126.78034985,56.72950451],[-126.78245169,56.73353214],[-126.77626642,56.73985626],[-126.79112933,56.76025603],[-126.77335818,56.76509073],[-126.75781428,56.77819695],[-126.71602133,56.76901964],[-126.67392125,56.76834154],[-126.64075052,56.78016386],[-126.60789154,56.78304057],[-126.59578597,56.7800044],[-126.58258502,56.77095975],[-126.5828845,56.76105485],[-126.58905083,56.75590989],[-126.56444728,56.74500916],[-126.56806454,56.73987075],[-126.55901839,56.73291094],[-126.54862888,56.73011408],[-126.52862786,56.73525831],[-126.50641611,56.72840629],[-126.48778672,56.73006666],[-126.48713989,56.72760309],[-126.49882824,56.71908269],[-126.49002182,56.71256767],[-126.48403646,56.69526458],[-126.47205389,56.691717],[-126.46061615,56.68265863],[-126.45785461,56.67593392],[-126.45973882,56.66889135],[-126.43886652,56.65936031],[-126.42822058,56.65776708],[-126.41994237,56.66561435],[-126.39455424,56.6685536],[-126.39571639,56.67825234],[-126.39316185,56.68003143],[-126.32780442,56.67802809],[-126.31970441,56.68022301],[-126.30159171,56.67354896],[-126.28053852,56.6737824],[-126.26758234,56.66741497],[-126.26867794,56.65615103],[-126.24285388,56.6546808],[-126.22079287,56.64705288],[-126.21396516,56.6499526],[-126.17424776,56.63655389],[-126.17346227,56.63228878],[-126.17873032,56.6297351],[-126.17563255,56.62320905],[-126.18123925,56.61656681],[-126.17047435,56.60412819],[-126.1454802,56.59047218],[-126.13131347,56.59021853],[-126.11593615,56.58388013],[-126.1166586,56.58077069],[-126.1125419,56.57810584],[-126.1309412,56.56774938],[-126.12312945,56.56035543],[-126.13304289,56.55672148],[-126.13756868,56.55030655],[-126.11699584,56.54312471],[-126.10902907,56.53546241],[-126.10949092,56.5310146],[-126.10187299,56.52526836],[-126.12132954,56.51456654],[-126.16236907,56.51483718],[-126.17205322,56.51179432],[-126.1720239,56.5076853],[-126.17935874,56.51032129],[-126.18230114,56.50651392],[-126.19211816,56.50660605],[-126.19766157,56.50999759],[-126.20980584,56.50156307],[-126.20249152,56.4992391],[-126.20259095,56.49430317],[-126.20607468,56.49334879],[-126.20200699,56.48227166],[-126.20969741,56.48348487],[-126.21800021,56.47831687],[-126.19815956,56.4722897],[-126.17904887,56.47253844],[-126.15671208,56.45552911],[-126.13696219,56.44590781],[-126.10547887,56.4442057],[-126.10854512,56.43995756],[-126.10681772,56.435439],[-126.12485081,56.43363712],[-126.13011434,56.42858763],[-126.12164595,56.42460243],[-126.12136391,56.41844275],[-126.11508068,56.41078084],[-126.1353384,56.39848158],[-126.13764286,56.39412274],[-126.15544828,56.38612111],[-126.15173057,56.37062349],[-126.14081514,56.36590213],[-126.14866167,56.36431047],[-126.15430303,56.35851927],[-126.14810843,56.35095542],[-126.17466164,56.34700252],[-126.18586106,56.34179595],[-126.21871087,56.34945073],[-126.23778295,56.34727275],[-126.22450768,56.33832313],[-126.24331195,56.32281947],[-126.24717751,56.31580442],[-126.25799301,56.31335907],[-126.26408994,56.3017666],[-126.27528284,56.30131846],[-126.29350884,56.30643059],[-126.29982609,56.32038978],[-126.32117528,56.33152496],[-126.32625038,56.33005144],[-126.32674644,56.3233662],[-126.3564769,56.31781935],[-126.34895804,56.31102844],[-126.35696654,56.30945606],[-126.36294339,56.29882696],[-126.38130512,56.28614615],[-126.40486864,56.28416722],[-126.410109,56.28119894],[-126.42062113,56.28284276],[-126.42606156,56.27896025],[-126.43370071,56.28051956],[-126.44078308,56.28962004],[-126.46007458,56.29947438],[-126.48333434,56.30410893],[-126.50313162,56.30332464],[-126.5096158,56.31646651],[-126.52424436,56.30948028],[-126.53986667,56.31359914],[-126.55580033,56.30832323],[-126.57010025,56.31053649],[-126.62009615,56.30358172],[-126.6162582,56.29427035],[-126.6234279,56.28497963],[-126.6414003,56.29147397],[-126.65250731,56.28889178],[-126.66452127,56.29061098],[-126.66767695,56.28030798],[-126.68551781,56.27261654],[-126.74380784,56.27512575],[-126.75688053,56.26636759],[-126.75934958,56.25416207],[-126.77983774,56.25014042],[-126.7704783,56.23791455],[-126.75129239,56.22913927],[-126.75256095,56.22334281],[-126.74304803,56.21118103],[-126.71499158,56.19965486],[-126.70494914,56.18253908],[-126.69654071,56.17388973],[-126.68512632,56.1695999],[-126.67877455,56.15737193],[-126.63442505,56.13822933],[-126.63159227,56.13256673],[-126.62320046,56.12778718],[-126.6256041,56.12328605],[-126.62217689,56.11879895],[-126.62840373,56.11460386],[-126.61500056,56.11092038],[-126.62727349,56.09827743],[-126.62005318,56.09331389],[-126.61885571,56.08647827],[-126.62356302,56.08085937],[-126.62268698,56.069104],[-126.63058427,56.06293828],[-126.62299426,56.05519795],[-126.63889187,56.05277025],[-126.65182801,56.03978682],[-126.64983173,56.03343957],[-126.67082071,56.03442029],[-126.67488763,56.03245768],[-126.67216172,56.026771],[-126.69745713,56.02431384],[-126.70644304,56.02853612],[-126.71819708,56.02632638],[-126.71778829,56.02224828],[-126.72773718,56.02192845],[-126.74311722,56.03173748],[-126.74314006,56.0378048],[-126.73866543,56.03979888],[-126.7451755,56.04983152],[-126.75979421,56.04987265],[-126.75688793,56.03748059],[-126.76630146,56.03233899],[-126.76846637,56.02429942],[-126.77458205,56.0223335],[-126.78381153,56.02486313],[-126.78501443,56.02067893],[-126.81497318,56.01813914],[-126.82619798,56.02461912],[-126.8330778,56.03875118],[-126.83962568,56.03994466],[-126.84904274,56.04906914],[-126.85126055,56.0557682],[-126.86111968,56.06015422],[-126.86234398,56.06596265],[-126.8672906,56.06993116],[-126.86724249,56.0857565],[-126.87631734,56.09523215],[-126.87466172,56.104218],[-126.89378376,56.1147813],[-126.89611671,56.12396124],[-126.91043338,56.1431755],[-126.92094787,56.14802636],[-126.9309049,56.15945356],[-126.9449487,56.16116151],[-126.9520595,56.16899906],[-126.96599365,56.17279691],[-126.9757944,56.16629917],[-126.98525722,56.16519469],[-126.98378057,56.15502594],[-127.00744377,56.13997857],[-127.01158944,56.12671874],[-127.0073463,56.12117732],[-127.00008633,56.11921939],[-126.99605338,56.10978791],[-127.00786743,56.11056975],[-127.01917699,56.10394355],[-127.02349955,56.09736265],[-127.01836998,56.09169886],[-127.03075168,56.07951268],[-127.0176774,56.0516872],[-127.01135881,56.04922181],[-126.99939808,56.05121282],[-126.99488769,56.03197863],[-126.95843571,56.03834226],[-126.934465,56.02826844],[-126.93868822,56.02166226],[-126.9322582,56.01193782],[-126.92247882,56.00722641],[-126.92275528,56.00367145],[-126.91616072,55.99936764],[-126.95135067,55.980393],[-126.94957389,55.97804515],[-126.91830757,55.97100149],[-126.90357955,55.96255993],[-126.88268643,55.9661614],[-126.87680224,55.95921183],[-126.87050264,55.95698597],[-126.86946525,55.94981903],[-126.88151478,55.94058261],[-126.87929328,55.93789644],[-126.88244724,55.93357346],[-126.90182112,55.93223858],[-126.91068392,55.92610105],[-126.92107465,55.92428311],[-126.92395738,55.91691222],[-126.9073426,55.89959631],[-126.88445912,55.89461719],[-126.88003725,55.88438163],[-126.88326146,55.87577287],[-126.87489893,55.86499231],[-126.87670693,55.85900661],[-126.86648362,55.85236692],[-126.86464549,55.84634587],[-126.84477219,55.83631931],[-126.84598736,55.83252998],[-126.84210145,55.82724925],[-126.83195841,55.82796044],[-126.82044112,55.8239779],[-126.81742263,55.81930459],[-126.80809807,55.81776743],[-126.78527955,55.80243503],[-126.75920897,55.80063779],[-126.73396898,55.78841105],[-126.75788199,55.77766789],[-126.75075716,55.77480185],[-126.74832987,55.7476252],[-126.75239021,55.7445894],[-126.7509668,55.74196592],[-126.73038565,55.73654514],[-126.7101874,55.72427137],[-126.68278884,55.71754616],[-126.67074011,55.70290128],[-126.65370608,55.70785367],[-126.64557192,55.70082196],[-126.63301789,55.69712934],[-126.63135759,55.68757776],[-126.62446826,55.68223187],[-126.61557277,55.6808735],[-126.61468068,55.67541812],[-126.60383375,55.67167512],[-126.5937419,55.67355535],[-126.58594291,55.66306445],[-126.57886739,55.66460575],[-126.56782873,55.65828248],[-126.54910706,55.6683912],[-126.53343122,55.66798599],[-126.52792984,55.66251816],[-126.53164152,55.65729934],[-126.52960045,55.64814357],[-126.52465798,55.64459283],[-126.51394173,55.64696426],[-126.49359257,55.63976065],[-126.48142009,55.64016731],[-126.47773775,55.63588198],[-126.48118184,55.6291751],[-126.47947176,55.62379707],[-126.48626323,55.61425954],[-126.47129468,55.60099632],[-126.44376845,55.59365139],[-126.43517975,55.58714118],[-126.40798166,55.58143473],[-126.407231,55.57282066],[-126.40160907,55.56616306],[-126.40735157,55.55816306],[-126.38563361,55.54244342],[-126.386607,55.53645797],[-126.39060566,55.53412518],[-126.40758288,55.53141256],[-126.41499723,55.5138911],[-126.41064516,55.5112289],[-126.40867186,55.50118662],[-126.4020404,55.49066772],[-126.3961935,55.48896172],[-126.39577509,55.48474669],[-126.36096894,55.47609099],[-126.36076566,55.4692637],[-126.36537826,55.46377974],[-126.35548052,55.45719426],[-126.36248308,55.44371668],[-126.35412144,55.44095214],[-126.35268471,55.43228617],[-126.34294461,55.43266936],[-126.34540519,55.42575077],[-126.34246005,55.4153654],[-126.30811068,55.40568616],[-126.3019996,55.39260431],[-126.29709202,55.39144582],[-126.29113323,55.39636593],[-126.28479829,55.39616215],[-126.26797845,55.38104768],[-126.25373858,55.37527768],[-126.23343738,55.372381],[-126.24327447,55.36709893],[-126.24546774,55.35956028],[-126.25679706,55.35832359],[-126.25576052,55.3528866],[-126.26428112,55.35151048],[-126.27442352,55.35335876],[-126.27481396,55.36175679],[-126.27907474,55.36586617],[-126.28774399,55.36592601],[-126.29620255,55.37197698],[-126.30854738,55.36823367],[-126.30640899,55.36425896],[-126.31861541,55.35967958],[-126.32217433,55.35535229],[-126.33196789,55.35507804],[-126.33906938,55.36138167],[-126.36579496,55.36794816],[-126.37835168,55.37731873],[-126.39728915,55.38442933],[-126.4171409,55.38039698],[-126.42266586,55.36882812],[-126.40602944,55.36443071],[-126.3926686,55.35653248],[-126.39178543,55.35087884],[-126.3806431,55.34764107],[-126.3769189,55.33310542],[-126.36505808,55.32879226],[-126.36239375,55.32075163],[-126.34947705,55.31030666],[-126.34497086,55.29638937],[-126.32573007,55.28854394],[-126.32772818,55.28525307],[-126.32541043,55.27805965],[-126.33879414,55.27099695],[-126.32338684,55.2630881],[-126.32293498,55.25861885],[-126.31598165,55.2547441],[-126.3137257,55.24853691],[-126.29892386,55.24697081],[-126.27367224,55.22786391],[-126.26354658,55.22584205],[-126.2548212,55.21463161],[-126.25325446,55.20706248],[-126.23905035,55.20074335],[-126.22780262,55.18499832],[-126.21797933,55.1791648],[-126.21429362,55.16955745],[-126.20106199,55.16527828],[-126.19402083,55.16923463],[-126.1901309,55.16245223],[-126.17860911,55.1566574],[-126.17846731,55.13883666],[-126.17445425,55.13046605],[-126.19652638,55.12744987],[-126.19611003,55.12304064],[-126.19973942,55.12122185],[-126.18682785,55.11125085],[-126.1748462,55.10733323],[-126.1702612,55.09929925],[-126.15561359,55.08871933],[-126.16076065,55.08017299],[-126.17168486,55.07602507],[-126.17364721,55.06850607],[-126.15634699,55.05354584],[-126.16133924,55.0439739],[-126.16904256,55.03942499],[-126.16799942,55.02995157],[-126.16136367,55.02675769],[-126.15618984,55.01617415],[-126.10238863,55.02136805],[-126.10643143,55.01544302],[-126.10580287,55.00922518],[-126.08055036,55.0021042],[-126.07323317,54.99425207],[-126.06324197,54.99308513],[-126.05786954,54.98832515],[-126.06990599,54.97270975],[-126.06883484,54.96664203],[-126.06479997,54.96385249],[-126.03729022,54.95490751],[-126.02516006,54.954279],[-126.00913491,54.94808636],[-125.99476979,54.93768009],[-125.9840717,54.93788634],[-125.97049507,54.92838439],[-125.9637644,54.92852034],[-125.96461204,54.92170535],[-125.95570994,54.91801714],[-125.95432806,54.91189457],[-125.95002387,54.91012246],[-125.94131822,54.896898],[-125.93391745,54.89419212],[-125.94016082,54.89085375],[-125.93428996,54.88491234],[-125.90891839,54.88734977],[-125.9006011,54.88485846],[-125.90036318,54.87795567],[-125.92570395,54.86808547],[-125.92222318,54.86499708],[-125.90317821,54.86231171],[-125.90536939,54.85681954],[-125.92710404,54.8537559],[-125.92115015,54.84657863],[-125.92287586,54.84253155],[-125.92014388,54.83984558],[-125.90313309,54.84154001],[-125.89884365,54.83733498],[-125.89853284,54.82977925],[-125.88318104,54.82748793],[-125.88143104,54.82401815],[-125.85523714,54.82235298],[-125.8522524,54.81892276],[-125.83320024,54.81581556],[-125.83440418,54.81007693],[-125.81948926,54.81131916],[-125.80960044,54.80297273],[-125.77776091,54.79651396],[-125.77939031,54.78264214],[-125.76871162,54.77646457],[-125.76899115,54.77182897],[-125.76245804,54.76695644],[-125.75992542,54.75557062],[-125.76348775,54.74357284],[-125.78915216,54.74660163],[-125.81155845,54.74341733],[-125.8436788,54.74766844],[-125.85653759,54.74505585],[-125.84526574,54.72600049],[-125.84872297,54.7207046],[-125.82474144,54.71356962],[-125.81442627,54.70582646],[-125.81945904,54.70044752],[-125.81320922,54.69687261],[-125.8144776,54.69454638],[-125.79662888,54.69133778],[-125.80881189,54.68544905],[-125.81490797,54.67510431],[-125.78600854,54.66605828],[-125.77787742,54.65971783],[-125.75134905,54.65873189],[-125.72486468,54.65111193],[-125.73140313,54.63986854],[-125.75443512,54.62776191],[-125.74433622,54.62112294],[-125.74042404,54.6081804],[-125.73501427,54.60826849],[-125.7263496,54.6154255],[-125.69961563,54.60807714],[-125.69475081,54.60323518],[-125.69370074,54.59324116],[-125.6838915,54.58348465],[-125.67761795,54.58152198],[-125.64858815,54.58780077],[-125.62570811,54.60584239],[-125.59533845,54.60194845],[-125.56914226,54.60936344],[-125.56358234,54.60792379],[-125.55729673,54.60224255],[-125.55882288,54.59535076],[-125.57711368,54.58861424],[-125.57896334,54.57647784],[-125.57521424,54.56316527],[-125.57023991,54.56392399],[-125.55608947,54.55338698],[-125.53976249,54.54923355],[-125.52146391,54.53068754],[-125.51156167,54.52789574],[-125.50418196,54.52840921],[-125.49604892,54.53820526],[-125.50337367,54.54253443],[-125.5062034,54.54966835],[-125.49749144,54.55975667],[-125.49341466,54.5603155],[-125.47262384,54.55613791],[-125.45482628,54.54629229],[-125.44933801,54.5496722],[-125.42452533,54.54335836],[-125.40864743,54.55112982],[-125.40193109,54.55120471],[-125.39495928,54.54687341],[-125.38506111,54.54733813],[-125.37277543,54.5425487],[-125.36994743,54.53873099],[-125.35324015,54.53996983],[-125.3459095,54.54526499]]]}},{"type":"Feature","properties":{"name":"Prince Rupert"},"geometry":{"type":"Polygon","coordinates":[[[-128.04950034,54.22696159],[-128.07114266,54.23742091],[-128.07218327,54.24750696],[-128.0775147,54.25720096],[-128.070147,54.26229059],[-128.07608228,54.27146795],[-128.08319955,54.27703167],[-128.11187588,54.28464487],[-128.13706607,54.29734457],[-128.1312346,54.3033649],[-128.12171942,54.3051754],[-128.11465323,54.31139677],[-128.11976376,54.31788633],[-128.13006866,54.32152087],[-128.1215771,54.32590373],[-128.12698244,54.33280075],[-128.12265276,54.34144683],[-128.10643039,54.3492889],[-128.10711082,54.35665827],[-128.09946374,54.36129704],[-128.09797953,54.36689372],[-128.10052616,54.37166863],[-128.11839522,54.38225853],[-128.14818368,54.37427536],[-128.16220278,54.37992364],[-128.17151038,54.38809297],[-128.17826672,54.40061804],[-128.19256589,54.40458973],[-128.19689656,54.41121474],[-128.20097839,54.40721072],[-128.20034078,54.40183577],[-128.21278378,54.39829866],[-128.24723837,54.40049161],[-128.26195098,54.40545944],[-128.27786923,54.40365058],[-128.30617248,54.41333019],[-128.32531077,54.42420033],[-128.33708115,54.42097032],[-128.37590418,54.43691727],[-128.3817129,54.43409803],[-128.39978715,54.43951245],[-128.40776115,54.44526844],[-128.41220902,54.45333022],[-128.41012546,54.45749041],[-128.42146337,54.46164852],[-128.41600305,54.47292827],[-128.42377284,54.4729066],[-128.42777591,54.47632765],[-128.42911012,54.48016696],[-128.42600862,54.48343776],[-128.43327241,54.48783037],[-128.43995523,54.49982802],[-128.44522825,54.50013278],[-128.44836796,54.50898604],[-128.46284606,54.51364696],[-128.46979556,54.51976842],[-128.48203426,54.52027928],[-128.49574395,54.51031419],[-128.51558862,54.5105586],[-128.51529516,54.52496396],[-128.54053953,54.52502609],[-128.55279117,54.515339],[-128.56099867,54.51550694],[-128.55684484,54.52292478],[-128.57340753,54.53421712],[-128.57697849,54.55017104],[-128.58684985,54.54852059],[-128.58817441,54.55553223],[-128.5837924,54.56231816],[-128.57366516,54.56752148],[-128.54882398,54.56331221],[-128.5353028,54.55643135],[-128.53167588,54.55654451],[-128.52791345,54.56213434],[-128.51935527,54.56137843],[-128.51199796,54.5706039],[-128.51306453,54.58675841],[-128.51064463,54.59157935],[-128.52891411,54.59905767],[-128.52058836,54.60519955],[-128.52540065,54.61188437],[-128.5472857,54.61872536],[-128.55139559,54.6235357],[-128.54664208,54.62777054],[-128.52563929,54.62748549],[-128.51504581,54.63640654],[-128.52102143,54.64110674],[-128.52474342,54.64963271],[-128.57254339,54.68643701],[-128.56765264,54.69450441],[-128.57466541,54.69883657],[-128.57629597,54.70579705],[-128.58708887,54.72000003],[-128.57659777,54.7279423],[-128.57808096,54.740948],[-128.56289998,54.75139189],[-128.56222524,54.76097334],[-128.57530667,54.77127282],[-128.60271915,54.7809663],[-128.60303299,54.78861216],[-128.61091193,54.79656961],[-128.6122727,54.80328671],[-128.62352082,54.80825615],[-128.61281556,54.82501017],[-128.61378075,54.8310196],[-128.62295879,54.83931424],[-128.61900629,54.85326673],[-128.62108749,54.86555575],[-128.62663636,54.87322474],[-128.64255473,54.88383983],[-128.65969433,54.88240703],[-128.6471086,54.89154166],[-128.65672,54.89774954],[-128.66127503,54.91143722],[-128.65195404,54.91862586],[-128.67649537,54.92525838],[-128.68007057,54.93071563],[-128.66338062,54.93856339],[-128.6628651,54.9543774],[-128.63323503,54.97415525],[-128.62679048,54.98575484],[-128.62581247,55.00146725],[-128.61885703,55.00521619],[-128.62747978,55.01921679],[-128.59396013,55.03601722],[-128.58963791,55.04882054],[-128.57636981,55.05449487],[-128.57686142,55.06941841],[-128.56881638,55.07522738],[-128.57213511,55.0785931],[-128.5629999,55.08759431],[-128.52419948,55.09828321],[-128.52505842,55.10177525],[-128.51940451,55.10579972],[-128.50237541,55.11014457],[-128.49511658,55.11558629],[-128.49931197,55.12104623],[-128.48928443,55.13395325],[-128.46632024,55.13783125],[-128.46169764,55.14381568],[-128.41217255,55.14032225],[-128.3833802,55.1449745],[-128.38471585,55.15656581],[-128.38107466,55.16146594],[-128.38568231,55.16652833],[-128.39819409,55.16873462],[-128.40490502,55.17437763],[-128.39623842,55.17947954],[-128.39910766,55.18728318],[-128.38546367,55.18678376],[-128.35793252,55.19818732],[-128.38417162,55.20814216],[-128.39310604,55.21898035],[-128.39819249,55.23362562],[-128.39356911,55.23262886],[-128.38246196,55.23724872],[-128.37427013,55.23605842],[-128.36339721,55.24340821],[-128.36873326,55.2494178],[-128.36509332,55.25421307],[-128.3663923,55.25936267],[-128.3583253,55.26811739],[-128.36818562,55.27423632],[-128.39157511,55.27429831],[-128.39773563,55.28121876],[-128.38787182,55.2961009],[-128.39163031,55.30960567],[-128.37895572,55.31078479],[-128.37276732,55.31629548],[-128.37037396,55.33530378],[-128.35382245,55.34463339],[-128.35282555,55.35339963],[-128.36602852,55.35123749],[-128.39311352,55.35834616],[-128.3908947,55.38689379],[-128.36828393,55.39534471],[-128.34369387,55.39884804],[-128.32841315,55.39509213],[-128.32469256,55.39901238],[-128.30958164,55.4010191],[-128.30487993,55.40760669],[-128.29258954,55.40876038],[-128.2852605,55.40529908],[-128.22779501,55.41762658],[-128.2066082,55.42984367],[-128.1999696,55.4390033],[-128.18570568,55.4432553],[-128.17489074,55.45234294],[-128.16338671,55.45702494],[-128.1584577,55.46365416],[-128.14342525,55.46808579],[-128.17164999,55.48066209],[-128.17890099,55.49949212],[-128.1580735,55.49827053],[-128.17553671,55.50801292],[-128.18909947,55.52152638],[-128.19202408,55.52732381],[-128.19099583,55.53999343],[-128.19622469,55.54892244],[-128.20584715,55.55639826],[-128.22957833,55.5662499],[-128.23066268,55.56897346],[-128.22682806,55.57086561],[-128.23269485,55.57149417],[-128.24076983,55.58094576],[-128.26660543,55.5886939],[-128.28226459,55.59825697],[-128.31131518,55.60310975],[-128.3190167,55.6141884],[-128.3453797,55.62643482],[-128.35783752,55.62896383],[-128.35875694,55.63712859],[-128.38210021,55.64164574],[-128.39326458,55.65150739],[-128.39304446,55.65659322],[-128.38823774,55.66145805],[-128.39125794,55.66553547],[-128.40682419,55.67268473],[-128.42267841,55.67337335],[-128.43755453,55.68045047],[-128.44538508,55.680953],[-128.4520727,55.69215979],[-128.49028154,55.70940339],[-128.50220338,55.70816866],[-128.51409122,55.71200539],[-128.52157986,55.70578979],[-128.56014975,55.7182196],[-128.57101331,55.71432152],[-128.59446566,55.7236723],[-128.60163499,55.71965144],[-128.62059327,55.71995335],[-128.62079201,55.72446445],[-128.63052696,55.73245496],[-128.64877563,55.74008241],[-128.65803807,55.75266914],[-128.6779739,55.76173874],[-128.67243771,55.76672572],[-128.67164929,55.77348919],[-128.76283161,55.82896454],[-128.77979224,55.84741538],[-128.79338827,55.85690152],[-128.79588345,55.86508557],[-128.78578296,55.87035559],[-128.77789859,55.86513341],[-128.78173147,55.87099622],[-128.77900063,55.87250212],[-128.75372361,55.86147601],[-128.75216866,55.86480615],[-128.76473097,55.87361627],[-128.7640648,55.87770387],[-128.75337849,55.88242019],[-128.74354286,55.87685279],[-128.74761697,55.88298706],[-128.7364023,55.88421085],[-128.74162924,55.8883175],[-128.73886997,55.89000131],[-128.72683641,55.88002838],[-128.71092406,55.87826222],[-128.72896542,55.89059416],[-128.72568792,55.8975521],[-128.72935658,55.90640582],[-128.71796871,55.91529333],[-128.72604018,55.929094],[-128.71190924,55.93122764],[-128.70248969,55.92727308],[-128.69931887,55.92977955],[-128.69973421,55.93458338],[-128.71725004,55.95002791],[-128.68579022,55.95039602],[-128.67328494,55.94220976],[-128.6623805,55.94822595],[-128.65293356,55.94889818],[-128.65204392,55.95195521],[-128.65839955,55.95787535],[-128.64594778,55.96573699],[-128.65079826,55.97830941],[-128.64392956,55.98357925],[-128.64250832,55.99183203],[-128.63102544,56.00315967],[-128.6360846,56.00664341],[-128.63793899,56.0128398],[-128.61617332,56.02134646],[-128.61944454,56.02964001],[-128.60556771,56.03138478],[-128.60123231,56.03781276],[-128.58096451,56.0462913],[-128.57070668,56.05617596],[-128.55105907,56.05924272],[-128.55117991,56.07001523],[-128.55402656,56.07236209],[-128.55085976,56.07663637],[-128.52078527,56.08067474],[-128.49868233,56.09188131],[-128.49665023,56.09653754],[-128.47211393,56.09831349],[-128.46375954,56.1058701],[-128.44665437,56.09897611],[-128.43994282,56.10412132],[-128.41462213,56.10852352],[-128.39753944,56.09465871],[-128.39346914,56.09946913],[-128.37558472,56.10108196],[-128.35140937,56.08611537],[-128.33873602,56.08406185],[-128.31241152,56.08910317],[-128.31177649,56.09361967],[-128.32052167,56.10110656],[-128.30450256,56.1078291],[-128.26632836,56.10661088],[-128.26418349,56.11173779],[-128.27940399,56.12135112],[-128.2779925,56.12454217],[-128.28243129,56.12798929],[-128.27731389,56.13231918],[-128.27573181,56.14150979],[-128.29296408,56.15111503],[-128.2895874,56.15554407],[-128.30665325,56.16878499],[-128.29873037,56.17129276],[-128.2955284,56.18251452],[-128.30986595,56.19364606],[-128.29799452,56.19993238],[-128.30583897,56.20426117],[-128.30239551,56.21099815],[-128.28195629,56.20949839],[-128.26892772,56.21357357],[-128.28431274,56.2298458],[-128.29453937,56.2339288],[-128.29658506,56.23902589],[-128.27258018,56.24655166],[-128.26568316,56.25284471],[-128.26285053,56.26121152],[-128.25501081,56.26576455],[-128.2283714,56.27455976],[-128.21653204,56.28430596],[-128.2179116,56.29636292],[-128.20884754,56.30480278],[-128.12667983,56.30431535],[-128.09173264,56.31203468],[-128.10350901,56.32444754],[-128.10146228,56.33024574],[-128.10457637,56.33768942],[-128.1128452,56.33950982],[-128.12323018,56.35357366],[-128.14971972,56.35746861],[-128.17715758,56.3515618],[-128.18706295,56.35913022],[-128.20047371,56.36046606],[-128.20952062,56.36592838],[-128.22429356,56.36389742],[-128.23021776,56.36936884],[-128.25002945,56.37452174],[-128.2583351,56.38669251],[-128.2827274,56.40099601],[-128.28105129,56.40695134],[-128.25875799,56.41432393],[-128.25381586,56.41920102],[-128.21693246,56.42201711],[-128.17296692,56.44871559],[-128.15817756,56.45248762],[-128.15177419,56.45054869],[-128.15012166,56.44573037],[-128.15396449,56.44033913],[-128.15117949,56.43666282],[-128.13763892,56.42766572],[-128.12865931,56.42593228],[-128.12189101,56.41832732],[-128.11436942,56.4173488],[-128.10127139,56.40631022],[-128.08109193,56.41411316],[-128.05889441,56.41205985],[-128.04425116,56.42193069],[-128.04510296,56.42867695],[-128.03358704,56.43088731],[-128.03514905,56.4350964],[-128.02427251,56.44198572],[-127.97840758,56.45116308],[-127.97760589,56.45896394],[-127.98387958,56.46811927],[-127.97639605,56.47346254],[-127.98278115,56.48248855],[-127.98191835,56.49092368],[-127.97442361,56.5041711],[-127.98391182,56.51151],[-127.98812807,56.52182242],[-127.98097534,56.52104973],[-127.97589295,56.52715387],[-127.95629626,56.53028321],[-127.94650769,56.52851091],[-127.94243237,56.53198499],[-127.94335466,56.53636859],[-127.9185541,56.53974544],[-127.91148756,56.5376306],[-127.8923386,56.5399724],[-127.83228101,56.52701218],[-127.82151863,56.53073875],[-127.81955173,56.54024373],[-127.84049714,56.55785923],[-127.88070964,56.57318349],[-127.88647527,56.58511843],[-127.8960312,56.58983515],[-127.89307237,56.59832645],[-127.9021908,56.60934199],[-127.90227886,56.61848006],[-127.95019379,56.60569484],[-127.97147137,56.60496195],[-127.97614648,56.60148778],[-128.00079598,56.60236591],[-128.0110265,56.61607705],[-128.00103613,56.61967663],[-127.99829187,56.62487468],[-128.00764455,56.63193474],[-128.01403734,56.64294748],[-128.04432424,56.6462222],[-128.05561571,56.66103342],[-128.07688825,56.66857769],[-128.086967,56.67675627],[-128.10067852,56.6722926],[-128.10097619,56.66714426],[-128.11757418,56.66316746],[-128.11227264,56.65075824],[-128.09828261,56.64659634],[-128.1133308,56.63424355],[-128.12225709,56.63445111],[-128.14271996,56.64408918],[-128.15563406,56.64349512],[-128.16647257,56.64807821],[-128.17530353,56.64411194],[-128.18486813,56.64731955],[-128.1919746,56.65126545],[-128.18925721,56.66086025],[-128.16722088,56.67049061],[-128.17532962,56.68193614],[-128.1622899,56.68749057],[-128.16997902,56.70514434],[-128.15951006,56.71614196],[-128.19015202,56.71884313],[-128.18603791,56.7267031],[-128.19082904,56.73348308],[-128.18950158,56.73988023],[-128.20016146,56.74534983],[-128.20965383,56.74306378],[-128.21072971,56.73602725],[-128.22491272,56.73039333],[-128.2409036,56.73423762],[-128.27080762,56.74844175],[-128.29547886,56.74517899],[-128.30517729,56.74966187],[-128.3195112,56.75104441],[-128.33604707,56.73789113],[-128.36784287,56.74760683],[-128.37487405,56.75507279],[-128.42019257,56.75707105],[-128.42332023,56.75992497],[-128.42276032,56.76998461],[-128.43557239,56.76942339],[-128.45816142,56.78344912],[-128.45540013,56.78740965],[-128.46037614,56.79366391],[-128.46110996,56.80735879],[-128.47399949,56.81439367],[-128.48607789,56.82619657],[-128.48467608,56.83028309],[-128.49714139,56.83928726],[-128.5257733,56.84136484],[-128.55342927,56.84981251],[-128.55909859,56.85463395],[-128.57434968,56.8458243],[-128.59913275,56.8477167],[-128.62004473,56.86115516],[-128.62559665,56.87354358],[-128.63502922,56.87873541],[-128.65597335,56.87528753],[-128.65696719,56.87178116],[-128.68621458,56.87607191],[-128.686978,56.88069149],[-128.69851861,56.88673342],[-128.69151702,56.89610043],[-128.69165866,56.90034163],[-128.67335296,56.90346607],[-128.67117847,56.91008165],[-128.66113224,56.9152744],[-128.66412587,56.91773481],[-128.6638616,56.92384236],[-128.67103548,56.9256315],[-128.67596941,56.93088197],[-128.6675776,56.93835213],[-128.67489896,56.94158685],[-128.67647583,56.94840345],[-128.67349912,56.95840088],[-128.66877185,56.9623487],[-128.67551646,56.96510199],[-128.6747817,56.969561],[-128.68521608,56.97956819],[-128.69551227,56.98132765],[-128.71487958,56.99354593],[-128.71647853,56.99628014],[-128.71353729,56.99920108],[-128.72120873,57.00430806],[-128.71846844,57.00890926],[-128.7232962,57.01136737],[-128.72036987,57.01953973],[-128.72862251,57.02434946],[-128.72920824,57.03151318],[-128.72470094,57.03590488],[-128.74171239,57.04451823],[-128.75905519,57.04335914],[-128.78877861,57.05436701],[-128.77939386,57.06695994],[-128.80715428,57.07302441],[-128.81204234,57.07773819],[-128.80749748,57.08509685],[-128.81517518,57.08992208],[-128.83159103,57.09312975],[-128.84310992,57.10842946],[-128.85637899,57.11903568],[-128.87063613,57.1139942],[-128.87958435,57.11494664],[-128.8776654,57.12369365],[-128.89409929,57.12418489],[-128.93747064,57.14177114],[-128.96909922,57.13603845],[-128.9803213,57.1434561],[-128.98230687,57.15348124],[-128.9957333,57.1594476],[-128.99437097,57.16130609],[-129.00015213,57.16933724],[-129.03959798,57.17319844],[-129.05590747,57.17184431],[-129.06843881,57.18674831],[-129.11215444,57.17634987],[-129.12446821,57.16932182],[-129.13095506,57.16056343],[-129.12836933,57.15670697],[-129.13318746,57.15597672],[-129.14125989,57.14832734],[-129.13917092,57.13678728],[-129.14237922,57.13051336],[-129.13892281,57.12483174],[-129.14751154,57.11920668],[-129.14927593,57.11341951],[-129.15822011,57.11243823],[-129.1592842,57.10811606],[-129.17657535,57.10855988],[-129.1877701,57.11378916],[-129.19913439,57.10807695],[-129.20613731,57.11278823],[-129.23312843,57.10925801],[-129.23125169,57.10216412],[-129.24672182,57.09201102],[-129.24810289,57.08287306],[-129.24219541,57.07727983],[-129.25073924,57.06793099],[-129.27432548,57.07636998],[-129.30170044,57.07930737],[-129.30358956,57.07270116],[-129.3106121,57.06677345],[-129.32310205,57.06383146],[-129.35574616,57.06650056],[-129.3619277,57.07216941],[-129.37179525,57.07511859],[-129.38925239,57.06819005],[-129.43497665,57.07148482],[-129.46161985,57.05637373],[-129.4710037,57.06272563],[-129.46416863,57.06892242],[-129.46912017,57.07272094],[-129.46724249,57.07801952],[-129.48354335,57.07853287],[-129.4936893,57.08231056],[-129.51474128,57.08029375],[-129.52897619,57.08362073],[-129.52729321,57.09057239],[-129.50039344,57.09239818],[-129.50137094,57.09772957],[-129.48452679,57.11140486],[-129.48469929,57.12225469],[-129.47676439,57.12773765],[-129.47749756,57.13255854],[-129.46066094,57.13917049],[-129.47644588,57.14856098],[-129.46931643,57.15410276],[-129.47837824,57.16152415],[-129.4986649,57.16202013],[-129.50556335,57.16402319],[-129.50483316,57.16707015],[-129.52015671,57.16743902],[-129.53437431,57.17105312],[-129.53818869,57.17478298],[-129.55182509,57.17203627],[-129.55285169,57.16739868],[-129.5681746,57.17444426],[-129.57623824,57.16643162],[-129.56826459,57.15585824],[-129.57460752,57.15018858],[-129.63014685,57.14632861],[-129.66976286,57.15859184],[-129.67518747,57.15692765],[-129.67751796,57.14463561],[-129.69261432,57.14204689],[-129.69844884,57.13765768],[-129.68912502,57.12467404],[-129.69334642,57.12005235],[-129.69047278,57.11490204],[-129.69534993,57.10453523],[-129.70284532,57.09810568],[-129.71813952,57.1040916],[-129.74118327,57.10766657],[-129.76382419,57.10515883],[-129.77126036,57.1127391],[-129.79550345,57.09971329],[-129.7998034,57.10009081],[-129.80806016,57.09191432],[-129.80236478,57.08523145],[-129.80358246,57.08060589],[-129.82762203,57.07617264],[-129.82351243,57.0713935],[-129.81275644,57.067727],[-129.81307674,57.06443729],[-129.80421863,57.05745114],[-129.8069416,57.05255606],[-129.81779898,57.04881982],[-129.80919063,57.04371106],[-129.81162253,57.03543977],[-129.83238033,57.02154967],[-129.82762199,57.0159765],[-129.81865769,57.01343777],[-129.81793231,57.00810725],[-129.83967767,56.99761512],[-129.85194376,56.98603345],[-129.86067361,56.99187715],[-129.88359344,56.99573514],[-129.90345159,56.98353734],[-129.9062616,56.97236948],[-129.90202056,56.96850056],[-129.90270214,56.96404833],[-129.9180652,56.9501929],[-129.91372914,56.94298417],[-129.90808544,56.94276025],[-129.89638316,56.93434851],[-129.89493694,56.92988508],[-129.90145375,56.9247359],[-129.89094313,56.91042688],[-129.88282252,56.90510187],[-129.89611453,56.89998675],[-129.88785607,56.88870749],[-129.87484143,56.87873612],[-129.8910583,56.86581],[-129.89272579,56.85875426],[-129.88741642,56.84781333],[-129.86868935,56.84168271],[-129.86663129,56.83839912],[-129.86735523,56.83303956],[-129.87200152,56.83001573],[-129.86722511,56.82386004],[-129.87689175,56.81866275],[-129.85760075,56.80352412],[-129.86638595,56.79737202],[-129.91062082,56.81626898],[-129.94300981,56.80883493],[-129.951861,56.81610486],[-129.95754426,56.81649005],[-129.96326807,56.81424558],[-129.97519923,56.79507165],[-130.00562997,56.79161465],[-130.03394268,56.78219337],[-130.05865511,56.7842908],[-130.11044385,56.78147765],[-130.12026434,56.77533918],[-130.14173151,56.77569362],[-130.15964789,56.76682765],[-130.16878282,56.77131567],[-130.1797521,56.76868081],[-130.18057975,56.77147902],[-130.19357177,56.77544331],[-130.19731498,56.7728178],[-130.22451648,56.77075317],[-130.23189368,56.76714126],[-130.21806492,56.75587444],[-130.21860761,56.74488992],[-130.22209022,56.73984215],[-130.23691144,56.73079746],[-130.25220264,56.73094693],[-130.27654863,56.71663458],[-130.31016081,56.70947107],[-130.3231428,56.70387243],[-130.32539433,56.69887502],[-130.34603142,56.69390937],[-130.35442284,56.69366119],[-130.36863384,56.70101794],[-130.37187034,56.69428334],[-130.38355403,56.6942337],[-130.38280535,56.69623362],[-130.38729345,56.69746849],[-130.38628154,56.70529313],[-130.39253436,56.7100386],[-130.41048894,56.71091807],[-130.41499926,56.71886753],[-130.42138376,56.71821681],[-130.43057698,56.72543176],[-130.4326447,56.72831876],[-130.42868483,56.73673814],[-130.44273895,56.73463548],[-130.46124337,56.73741245],[-130.49822152,56.70781445],[-130.46598374,56.68096834],[-130.46785693,56.67337208],[-130.45844861,56.66534591],[-130.46032463,56.65649585],[-130.4673665,56.65218601],[-130.48910509,56.65567387],[-130.51304529,56.65072442],[-130.55488701,56.65717119],[-130.56236009,56.65605361],[-130.56567795,56.65080104],[-130.60419682,56.64121777],[-130.62869581,56.64056314],[-130.6348422,56.63231017],[-130.6316909,56.62591405],[-130.65307685,56.62502619],[-130.66223926,56.61689842],[-130.65931735,56.61336992],[-130.66354052,56.60348736],[-130.68552601,56.59654275],[-130.69211048,56.58639672],[-130.6683243,56.58732171],[-130.63848576,56.5729035],[-130.6277538,56.56387881],[-130.63115628,56.55282596],[-130.62440138,56.54579885],[-130.64785124,56.53265835],[-130.66093992,56.53079869],[-130.68149694,56.52243129],[-130.69505749,56.52296575],[-130.69514139,56.526991],[-130.69945264,56.52960869],[-130.71649334,56.53349075],[-130.72943297,56.53288137],[-130.73630028,56.53704418],[-130.73880599,56.53032855],[-130.75377241,56.52168921],[-130.75468043,56.5156914],[-130.76758735,56.50965384],[-130.76426091,56.50174384],[-130.7737957,56.49785276],[-130.77172781,56.49221583],[-130.77669219,56.48844718],[-130.77557185,56.47590477],[-130.8219207,56.45670851],[-130.85500702,56.45841617],[-130.86631236,56.45026335],[-130.86571282,56.44243509],[-130.85026064,56.42321073],[-130.85557194,56.41494531],[-130.85555139,56.40590509],[-130.82620731,56.38659893],[-130.81472574,56.37127452],[-130.78172706,56.36690087],[-130.62275229,56.26716791],[-130.54004104,56.24729951],[-130.46695857,56.24287083],[-130.42575125,56.14161375],[-130.34981221,56.12861997],[-130.24557072,56.09644374],[-130.10285197,56.12207514],[-130.00365516,56.00836275],[-130.01729397,55.91250603],[-130.00579552,55.91338325],[-130.01074199,55.91725147],[-130.00782734,55.92232673],[-130.00090786,55.92455027],[-129.98580375,55.91997112],[-129.99030496,55.90883607],[-130.00285546,55.8913978],[-130.00336039,55.88492274],[-130.01545617,55.88191086],[-130.01359386,55.87615702],[-130.0302391,55.86520723],[-130.05536445,55.83896788],[-130.05476908,55.8360883],[-130.06559187,55.82675698],[-130.06946036,55.81853297],[-130.08778659,55.8095171],[-130.09987486,55.79964668],[-130.10789922,55.79805965],[-130.10946943,55.78950957],[-130.132652,55.76656768],[-130.13718478,55.74975406],[-130.1321072,55.7341253],[-130.13223469,55.71745863],[-130.12123661,55.70777891],[-130.11867082,55.70146297],[-130.10489968,55.6993541],[-130.10026399,55.6911019],[-130.08723966,55.68784401],[-130.08611029,55.6826824],[-130.09204544,55.67142426],[-130.09257339,55.66451713],[-130.08896789,55.65771536],[-130.09120949,55.65295567],[-130.08792407,55.64650135],[-130.09431126,55.63673033],[-130.09219344,55.62947083],[-130.09995686,55.62583555],[-130.10556467,55.61860314],[-130.10428379,55.60104664],[-130.1085631,55.59910285],[-130.10555885,55.59153608],[-130.11136496,55.58179636],[-130.11106824,55.56271242],[-130.09790753,55.55492291],[-130.0896992,55.53089053],[-130.07819451,55.52299829],[-130.0756077,55.50410958],[-130.0716319,55.49686584],[-130.03571792,55.46626688],[-130.02517295,55.46104868],[-130.02012515,55.43277903],[-130.01674046,55.43061871],[-130.01657994,55.42547545],[-130.009598,55.42392965],[-130.0173377,55.41744358],[-130.01892615,55.4077799],[-130.01425437,55.39785204],[-130.01608939,55.37946862],[-130.00398395,55.36225554],[-130.00568711,55.34075965],[-130.00323693,55.33622279],[-129.96976303,55.3191407],[-129.95940001,55.2978841],[-129.94588515,55.29473162],[-129.94352894,55.28885065],[-130.00953726,55.24932813],[-130.03237217,55.2277366],[-130.07285144,55.20300473],[-130.09526268,55.18460828],[-130.1067265,55.16677378],[-130.12732442,55.15012419],[-130.13415356,55.13748829],[-130.13520736,55.12177466],[-130.14326426,55.10979481],[-130.17882057,55.07726042],[-130.1865375,55.05335274],[-130.19637491,55.04422829],[-130.20192362,55.02858734],[-130.19994653,55.0261708],[-130.21557945,55.02120249],[-130.22904963,55.01066438],[-130.24357144,54.99044294],[-130.26554993,54.9680617],[-130.26632439,54.96348807],[-130.27664862,54.95713364],[-130.27698718,54.95308544],[-130.29540717,54.9404791],[-130.30056506,54.94149326],[-130.30969419,54.93562495],[-130.34781229,54.90409827],[-130.36070493,54.89650761],[-130.39218576,54.88578867],[-130.41016783,54.87206881],[-130.41946503,54.87094032],[-130.45382341,54.84491427],[-130.47842588,54.83567405],[-130.51297173,54.81137268],[-130.54460601,54.79723555],[-130.54554257,54.79127716],[-130.55085973,54.78834253],[-130.57948326,54.77779663],[-130.62500789,54.77572578],[-130.64715115,54.76478278],[-130.65088273,54.75452566],[-130.62079227,54.72853548],[-130.61249685,54.70809863],[-130.61826045,54.70124734],[-130.62999226,54.69663397],[-131.87902456,54.67606673],[-132.68268432,54.65587427],[-133.1270943,54.62880228],[-133.76156247,53.9623901],[-131.44972216,51.70459532],[-130.77227505,51.69381957],[-129.69703357,51.83362871],[-128.996443,52.09508471],[-128.78198415,52.1520506],[-128.59304917,52.21733758],[-128.45589316,52.280487],[-128.39656401,52.31209193],[-128.37699685,52.32706621],[-128.37493249,52.33311717],[-128.37719151,52.35118649],[-128.37189828,52.36098283],[-128.34266722,52.37335099],[-128.31719496,52.39785587],[-128.30720824,52.40264682],[-128.27342369,52.40769737],[-128.2646851,52.41653286],[-128.24756328,52.45158103],[-128.24528128,52.46894228],[-128.2604628,52.55025824],[-128.25543908,52.57285515],[-128.24863386,52.58291406],[-128.23116473,52.59532807],[-128.20674797,52.6242611],[-128.19581894,52.64075403],[-128.17294358,52.69110562],[-128.13236859,52.75283126],[-128.11215548,52.76541025],[-128.08282254,52.76723006],[-128.01804287,52.75189548],[-127.96841457,52.74777702],[-127.95759792,52.74452876],[-127.94879836,52.73454173],[-127.90365079,52.74240365],[-127.88906054,52.7509543],[-127.87653967,52.75188305],[-127.85067267,52.73867964],[-127.82682546,52.73470925],[-127.82163911,52.72749022],[-127.8228276,52.71722457],[-127.81179027,52.70883256],[-127.80034299,52.70718461],[-127.78469605,52.69942257],[-127.77122891,52.70496174],[-127.76030698,52.70470497],[-127.74425376,52.71886029],[-127.7303022,52.71485497],[-127.72152768,52.71785192],[-127.71938399,52.73047987],[-127.71262641,52.73677754],[-127.71445759,52.74832073],[-127.71073888,52.75798265],[-127.7125685,52.7609518],[-127.72509654,52.76190479],[-127.7273573,52.76703652],[-127.73610792,52.77111829],[-127.70625566,52.78553128],[-127.67645972,52.7905967],[-127.64618873,52.77968304],[-127.60511616,52.78024231],[-127.5999952,52.76007184],[-127.62314538,52.74364854],[-127.62470121,52.73517141],[-127.60560209,52.7307597],[-127.57733364,52.71882985],[-127.58081294,52.70789087],[-127.57037233,52.7016978],[-127.57057027,52.69564963],[-127.5656329,52.69052053],[-127.55088435,52.69533989],[-127.54404101,52.69587877],[-127.53269987,52.6908545],[-127.51490536,52.69589239],[-127.50124534,52.68988568],[-127.46863772,52.68677513],[-127.46531407,52.68810031],[-127.47457234,52.69651287],[-127.4687448,52.69980947],[-127.46460295,52.71070546],[-127.4303331,52.71929233],[-127.4161257,52.72646573],[-127.41081005,52.73378501],[-127.39434409,52.73527119],[-127.38595735,52.74656683],[-127.36731683,52.75096897],[-127.36532174,52.75637191],[-127.37961076,52.7646768],[-127.37987361,52.77554902],[-127.37296741,52.78816697],[-127.36064765,52.79708738],[-127.35472434,52.80702889],[-127.34374754,52.80658963],[-127.34082113,52.79654225],[-127.33620594,52.79350304],[-127.33478634,52.79804014],[-127.31217728,52.79772354],[-127.30457273,52.80178785],[-127.28994269,52.81769097],[-127.27409885,52.81002896],[-127.25563109,52.8173227],[-127.22838209,52.8191084],[-127.21935127,52.82401916],[-127.21802121,52.82568109],[-127.22388664,52.83035375],[-127.22322994,52.83805814],[-127.21833718,52.84296758],[-127.21610095,52.85735792],[-127.22870496,52.86047703],[-127.24188664,52.85921712],[-127.25175547,52.86310572],[-127.26180113,52.87476134],[-127.26105231,52.8809375],[-127.28166976,52.88520041],[-127.27040361,52.8935894],[-127.27158059,52.89868003],[-127.29268216,52.90436872],[-127.29615575,52.90825538],[-127.28878126,52.91708384],[-127.28600163,52.936178],[-127.27929582,52.94264313],[-127.25906731,52.94930922],[-127.24813076,52.95806071],[-127.23131217,52.96042421],[-127.23157976,52.96322485],[-127.24578192,52.97025247],[-127.25104442,52.98154877],[-127.25863251,52.98594682],[-127.25771571,52.99475792],[-127.23607433,53.00550994],[-127.24860973,53.02561712],[-127.25039691,53.02973007],[-127.24801872,53.03480661],[-127.25464649,53.04641856],[-127.2751092,53.05945657],[-127.29198487,53.0748826],[-127.32191233,53.07455145],[-127.35488739,53.08466266],[-127.36542528,53.08061624],[-127.38697889,53.08303064],[-127.41601426,53.08034453],[-127.44202788,53.08514463],[-127.45176488,53.09074478],[-127.45370627,53.09823393],[-127.4448898,53.10913634],[-127.43348482,53.11653651],[-127.43051604,53.12355246],[-127.46671228,53.12240639],[-127.46976279,53.12393856],[-127.47279597,53.13457906],[-127.46699691,53.14684832],[-127.43794614,53.15522254],[-127.42485439,53.16349311],[-127.41573045,53.16081672],[-127.40905347,53.1630267],[-127.40810435,53.17527961],[-127.40241975,53.17982616],[-127.38179894,53.18398005],[-127.36570004,53.17923281],[-127.35596691,53.17990552],[-127.35520624,53.19048364],[-127.36455646,53.20631886],[-127.35851624,53.22348374],[-127.33620178,53.2247935],[-127.32239524,53.21534456],[-127.31692851,53.20503349],[-127.30429816,53.20728602],[-127.29972041,53.21242086],[-127.29971025,53.21913926],[-127.28813135,53.23460145],[-127.27739005,53.24255412],[-127.27820088,53.25806023],[-127.28285904,53.26747389],[-127.26543351,53.27780107],[-127.26655585,53.28342581],[-127.27088792,53.28562558],[-127.26901983,53.28827987],[-127.25339663,53.2966826],[-127.26504603,53.29907291],[-127.2678896,53.30226962],[-127.26619272,53.30755852],[-127.27700885,53.3072388],[-127.27859985,53.31217932],[-127.29239616,53.31776249],[-127.3001092,53.32810341],[-127.31982552,53.33222183],[-127.32058879,53.3419325],[-127.32368876,53.34410707],[-127.31546843,53.35655891],[-127.32595769,53.35643682],[-127.33977361,53.36402004],[-127.35360083,53.36626133],[-127.35657767,53.37379965],[-127.36358936,53.37592796],[-127.36340964,53.38494877],[-127.37078389,53.39319705],[-127.36266628,53.39626288],[-127.3664951,53.40360233],[-127.36584625,53.4111634],[-127.37567372,53.41624139],[-127.37191803,53.42490163],[-127.37726372,53.42973971],[-127.39516244,53.42980987],[-127.39581273,53.43903318],[-127.40870326,53.44660426],[-127.40853501,53.45320967],[-127.40355407,53.45641521],[-127.41433324,53.46526097],[-127.41308292,53.47118504],[-127.43638077,53.49086583],[-127.44686086,53.49312184],[-127.48234196,53.48528061],[-127.48975355,53.48109521],[-127.4954128,53.46959726],[-127.51731796,53.45850729],[-127.52876324,53.46160658],[-127.53550786,53.4700586],[-127.55457173,53.48194148],[-127.55432107,53.48611297],[-127.56203287,53.49262087],[-127.56089537,53.49598713],[-127.57120516,53.50449804],[-127.57165458,53.50751967],[-127.55417305,53.51415938],[-127.55489672,53.52764769],[-127.58674583,53.54466777],[-127.59815305,53.54156942],[-127.60648573,53.54344874],[-127.60401646,53.54635313],[-127.61469443,53.55471146],[-127.61692361,53.56341652],[-127.62429842,53.55494377],[-127.63552883,53.55021789],[-127.63590401,53.53981239],[-127.64533366,53.5363819],[-127.65360809,53.52871994],[-127.66641214,53.52694074],[-127.67096413,53.53190149],[-127.67824313,53.53337373],[-127.67858379,53.53987852],[-127.67140265,53.54361917],[-127.68091374,53.54946415],[-127.69478977,53.54969727],[-127.71205723,53.54529565],[-127.72707013,53.55570878],[-127.7389317,53.5557939],[-127.74452253,53.55238278],[-127.75718778,53.55460351],[-127.7675406,53.54977539],[-127.78001268,53.55242349],[-127.77810644,53.55836663],[-127.75432865,53.57623741],[-127.75465864,53.58567738],[-127.76579049,53.58926387],[-127.76690931,53.59155113],[-127.76355769,53.59313738],[-127.76566148,53.59547846],[-127.74670858,53.60197218],[-127.74451021,53.60666217],[-127.74937353,53.60712732],[-127.74913292,53.6100727],[-127.7594469,53.61476764],[-127.76575569,53.62228067],[-127.75928025,53.62757121],[-127.75867057,53.63301679],[-127.77622598,53.63228363],[-127.78051653,53.63660104],[-127.79131224,53.63909391],[-127.77761661,53.65417873],[-127.78080634,53.66091197],[-127.79639973,53.66233693],[-127.80893547,53.65813858],[-127.82206245,53.66195383],[-127.8171188,53.67013013],[-127.81898091,53.67366785],[-127.81043878,53.67781699],[-127.80839017,53.68337417],[-127.82176655,53.68678743],[-127.8236537,53.69702634],[-127.83693593,53.70149324],[-127.81179951,53.70798396],[-127.81864962,53.72877997],[-127.82457942,53.72987204],[-127.84417702,53.72471011],[-127.84970389,53.72990923],[-127.85944612,53.72952168],[-127.89307061,53.74406998],[-127.90482816,53.75446091],[-127.9055994,53.76125457],[-127.91161711,53.76875644],[-127.89983811,53.77584442],[-127.90148009,53.78605742],[-127.91227795,53.79258263],[-127.91375434,53.79726516],[-127.94309932,53.80792305],[-127.96071093,53.81861124],[-127.95974447,53.82378462],[-127.95553137,53.82651212],[-127.96972988,53.84223904],[-127.98789478,53.8428378],[-127.99026821,53.84923077],[-128.01021412,53.85692875],[-128.01414861,53.86290247],[-128.01225346,53.87169534],[-128.01708857,53.87627346],[-128.00282334,53.88832656],[-128.02596942,53.89270437],[-128.02719315,53.89797084],[-128.0362923,53.89377575],[-128.04442113,53.89835258],[-128.0659355,53.90126251],[-128.05847204,53.91164847],[-128.06311804,53.92104118],[-128.06174574,53.93123263],[-128.04686114,53.93872849],[-128.04489801,53.94463594],[-128.05660293,53.95866822],[-128.04894285,53.96842346],[-128.05052432,53.97399953],[-128.0429406,53.98086945],[-128.04450394,53.99717716],[-128.03458828,53.99912894],[-128.02261821,53.9956353],[-128.01388018,54.00316677],[-128.03918594,54.01170811],[-128.03226351,54.02820575],[-128.03622093,54.03578789],[-128.03397837,54.04306764],[-128.03901543,54.04930883],[-128.06799886,54.05150518],[-128.06376861,54.07140776],[-128.04706723,54.07298896],[-128.03656876,54.06936057],[-128.02694522,54.07135969],[-128.00243779,54.06685865],[-127.9998929,54.09333418],[-127.98786841,54.09615118],[-127.99546734,54.10526506],[-127.98946422,54.11439149],[-127.99351231,54.12116218],[-128.01283518,54.12397307],[-128.02129139,54.12919625],[-128.0077487,54.14355643],[-127.99932193,54.14670006],[-127.99979067,54.15864582],[-128.00426657,54.16275379],[-128.00635816,54.17178655],[-127.99905564,54.1762996],[-127.99624604,54.19268051],[-127.97689379,54.20361844],[-127.98106985,54.20713162],[-127.9852563,54.22180954],[-128.00111332,54.22729792],[-128.03177527,54.2323118],[-128.04950034,54.22696159]]]}},{"type":"Feature","properties":{"name":"Princeton"},"geometry":{"type":"Polygon","coordinates":[[[-120.72673748,49.20692131],[-120.71084562,49.19276162],[-120.70208384,49.19020374],[-120.67739265,49.19365899],[-120.65698631,49.20110934],[-120.62059905,49.20322593],[-120.61073455,49.20192473],[-120.5825533,49.18746517],[-120.5713582,49.18624967],[-120.55991959,49.18907913],[-120.56162277,49.18439811],[-120.58042464,49.17675574],[-120.60854377,49.17419537],[-120.63488666,49.18001616],[-120.64260816,49.17710819],[-120.6435868,49.1450496],[-120.64026835,49.14042967],[-120.63190951,49.13541823],[-120.61500415,49.13456635],[-120.59613868,49.1271844],[-120.61127025,49.11355412],[-120.61174423,49.10881386],[-120.61896024,49.10178362],[-120.61442034,49.09816331],[-120.60770873,49.07960827],[-120.61013331,49.06992409],[-120.62283177,49.06920814],[-120.64566928,49.05392128],[-120.63671511,49.04440867],[-120.63689335,49.03779094],[-120.62719159,49.03606224],[-120.62386699,49.02570163],[-120.61557483,49.02060024],[-120.6306561,49.00980027],[-120.64705279,49.0066273],[-120.64509692,48.99986532],[-119.52346688,49.00000574],[-119.52031493,49.00434864],[-119.52100156,49.02133292],[-119.53409263,49.02379459],[-119.547239,49.03406284],[-119.56409021,49.03484537],[-119.57260897,49.05102105],[-119.58518258,49.05648773],[-119.58128646,49.06283235],[-119.58521371,49.07020264],[-119.58454185,49.07781985],[-119.593727,49.08051368],[-119.59383303,49.08650579],[-119.59835431,49.08637721],[-119.60579331,49.09717621],[-119.6139874,49.10105762],[-119.62293913,49.1007419],[-119.62938468,49.10578178],[-119.65859861,49.10772569],[-119.67983922,49.11655587],[-119.67324679,49.12351502],[-119.67762864,49.13124466],[-119.67209324,49.13246003],[-119.66278554,49.15239992],[-119.67836568,49.1732456],[-119.66670228,49.18549475],[-119.66820432,49.20304864],[-119.66104068,49.20916084],[-119.66931796,49.21660017],[-119.66424337,49.21935326],[-119.66444874,49.22316329],[-119.65787735,49.22999018],[-119.64613796,49.23550496],[-119.65288306,49.2398935],[-119.65356996,49.24389031],[-119.67767696,49.24765278],[-119.69172576,49.2380686],[-119.70343502,49.23914426],[-119.70927493,49.23611508],[-119.71806669,49.25646681],[-119.73685593,49.26143982],[-119.74173072,49.27003899],[-119.75249079,49.26859862],[-119.7624843,49.25602968],[-119.77123878,49.25125015],[-119.77131069,49.25674561],[-119.77961537,49.25811563],[-119.7908794,49.26555981],[-119.79879963,49.27521521],[-119.79832614,49.28201482],[-119.7910095,49.28920937],[-119.77316379,49.2928332],[-119.76006591,49.29943111],[-119.76192974,49.30824819],[-119.77165213,49.31404766],[-119.75684184,49.31928273],[-119.75357942,49.32926156],[-119.74368814,49.32890759],[-119.72752125,49.33691968],[-119.72394541,49.34292395],[-119.73080316,49.34837591],[-119.72526311,49.36207798],[-119.72929557,49.36896952],[-119.74651505,49.37503996],[-119.76292147,49.38976738],[-119.78518856,49.38732538],[-119.79443286,49.39422824],[-119.81127447,49.39861498],[-119.84539446,49.39775259],[-119.86100392,49.40081745],[-119.89077598,49.39763747],[-119.90572326,49.40475207],[-119.9124412,49.41148346],[-119.93006945,49.4085995],[-119.94280898,49.42374145],[-119.94511659,49.43808728],[-119.92427458,49.44084303],[-119.92223744,49.44529447],[-119.91883797,49.44537628],[-119.91219198,49.45665042],[-119.9133231,49.46846261],[-119.9054971,49.48018459],[-119.90871406,49.49988918],[-119.91681659,49.50604908],[-119.9201703,49.51776687],[-119.92757989,49.51560133],[-119.93966847,49.52273694],[-119.94352186,49.53419825],[-119.9554373,49.52672384],[-119.95942838,49.52724549],[-119.9627172,49.53234205],[-119.97621088,49.53076142],[-119.98985543,49.5227386],[-119.99079438,49.51375599],[-120.00182273,49.52025543],[-120.01622149,49.51902235],[-120.03389514,49.53630456],[-120.03349778,49.54050455],[-120.02769458,49.54217376],[-120.02869892,49.54826336],[-120.02145574,49.55379071],[-120.03177061,49.56518382],[-120.03953888,49.56538302],[-120.0417549,49.57110005],[-120.04788863,49.57494825],[-120.03156376,49.58730136],[-120.039842,49.60610071],[-120.05829594,49.61108751],[-120.06417477,49.61695895],[-120.06586724,49.62475532],[-120.0750319,49.6301464],[-120.08531541,49.63057364],[-120.08552201,49.63576047],[-120.09372551,49.64127503],[-120.10469805,49.65807778],[-120.11885771,49.65867326],[-120.1490727,49.66911923],[-120.1927066,49.66850255],[-120.19951942,49.67063504],[-120.20634793,49.67856176],[-120.20402343,49.68264679],[-120.18263854,49.69344558],[-120.18716959,49.70229384],[-120.18365598,49.71000088],[-120.18650491,49.72185772],[-120.1940686,49.73391998],[-120.18964283,49.73770023],[-120.1942805,49.74590274],[-120.18985311,49.75022153],[-120.18788688,49.7609154],[-120.19572615,49.76892213],[-120.21266088,49.7744883],[-120.21444838,49.7942916],[-120.21918478,49.80002763],[-120.23296757,49.80508929],[-120.22809451,49.81564309],[-120.23211063,49.8239696],[-120.2313949,49.83461327],[-120.23785294,49.84325091],[-120.24753614,49.84692601],[-120.24554991,49.85079221],[-120.24985663,49.86050228],[-120.24876009,49.86939142],[-120.25699112,49.88358127],[-120.26815757,49.88406824],[-120.2771667,49.89643487],[-120.28978271,49.89866816],[-120.28998723,49.90798396],[-120.29859861,49.91628133],[-120.30843217,49.91234518],[-120.33759538,49.91249573],[-120.36847703,49.90324293],[-120.40818856,49.90340245],[-120.42208364,49.89632305],[-120.44421066,49.89430408],[-120.44959851,49.88806285],[-120.46059984,49.88652328],[-120.47406974,49.87932437],[-120.48514948,49.88095051],[-120.48555793,49.8847468],[-120.49599337,49.89063119],[-120.50123245,49.89866914],[-120.50993352,49.89304513],[-120.51262875,49.8836125],[-120.5319697,49.87884461],[-120.53601378,49.87434354],[-120.5440397,49.87819247],[-120.54961486,49.88602879],[-120.56445793,49.88681233],[-120.55744604,49.89364441],[-120.54131936,49.89852948],[-120.54256039,49.90850773],[-120.57165139,49.90323067],[-120.58233617,49.90885509],[-120.58564709,49.91804479],[-120.59186513,49.92030638],[-120.58928681,49.92439976],[-120.59801331,49.92919262],[-120.59366086,49.93629317],[-120.59595502,49.94285338],[-120.59198435,49.95175754],[-120.59448948,49.9626129],[-120.60020214,49.96565507],[-120.61633378,49.96247947],[-120.637391,49.96594199],[-120.63865015,49.9692147],[-120.63438399,49.9775491],[-120.64611785,49.98305007],[-120.65109392,49.97475734],[-120.66293697,49.97218821],[-120.67092235,49.96403],[-120.65530744,49.95767938],[-120.65192119,49.94817158],[-120.66012854,49.94009754],[-120.66702396,49.91983407],[-120.68551358,49.91099827],[-120.68858004,49.89442516],[-120.7236168,49.88142778],[-120.75817235,49.9085694],[-120.76569923,49.91089759],[-120.77947993,49.90712973],[-120.78058325,49.90239369],[-120.79631272,49.89574098],[-120.79348067,49.89018355],[-120.78726662,49.89325561],[-120.77392546,49.88373265],[-120.77656181,49.87763616],[-120.80631398,49.86334002],[-120.8417514,49.86860339],[-120.8701332,49.85305309],[-120.8705503,49.82304961],[-120.86491032,49.82132668],[-120.86478403,49.81409183],[-120.87596404,49.81401873],[-120.87588972,49.80342884],[-120.88161648,49.7998312],[-120.87858874,49.78792871],[-120.89203644,49.782615],[-120.89529146,49.77712297],[-120.89360128,49.76906858],[-120.92593402,49.75397324],[-120.91497601,49.74757863],[-120.91600063,49.73290744],[-120.93212347,49.72615309],[-120.93314169,49.71646885],[-120.95258663,49.71311344],[-120.96290074,49.69227203],[-120.97032292,49.68831295],[-120.9689353,49.68122447],[-120.95700983,49.67767653],[-120.9599042,49.66927456],[-120.95903809,49.65713971],[-120.96238831,49.65068616],[-120.95774436,49.6420946],[-120.96884138,49.62903859],[-120.96177638,49.62019726],[-120.96131141,49.61389236],[-120.96994587,49.60811614],[-120.98242067,49.61149191],[-120.99204084,49.60303165],[-120.98993719,49.59776873],[-121.01569077,49.59390967],[-121.03667872,49.58662064],[-121.03571676,49.58221346],[-121.04168403,49.5754736],[-121.03404726,49.56514302],[-121.03750425,49.55469495],[-121.03517349,49.5503554],[-121.04856945,49.54308024],[-121.04721667,49.5297246],[-121.05269433,49.52541805],[-121.07027385,49.52396231],[-121.07730243,49.52040909],[-121.0809399,49.51436506],[-121.07246668,49.5032855],[-121.07198511,49.49394906],[-121.06370929,49.48890828],[-121.05875127,49.47856558],[-121.04984024,49.47342822],[-121.05821559,49.46848825],[-121.08863256,49.47148056],[-121.08687679,49.46635994],[-121.07866259,49.46169647],[-121.09655253,49.43455735],[-121.0917082,49.43233659],[-121.08766782,49.42319753],[-121.09247081,49.41485261],[-121.10010273,49.41021953],[-121.09744971,49.39574761],[-121.10139086,49.39264135],[-121.11221892,49.39276836],[-121.11662592,49.38834238],[-121.10870381,49.37897061],[-121.09898352,49.37502856],[-121.08192913,49.36904773],[-121.06051485,49.36680668],[-121.06174708,49.35991862],[-121.07320687,49.35501855],[-121.07563531,49.35097053],[-121.0867285,49.34779845],[-121.09879052,49.34941878],[-121.08151202,49.32871795],[-121.04980746,49.33258589],[-121.04231935,49.32729788],[-121.04214856,49.31919855],[-121.03501426,49.31574441],[-121.02855926,49.3053657],[-121.02204748,49.30308267],[-120.99665261,49.31375956],[-120.99868147,49.3017401],[-120.99375283,49.29513267],[-120.99807969,49.28890604],[-121.00015047,49.27705813],[-120.9750075,49.2718207],[-120.96008699,49.27839081],[-120.94190223,49.27122218],[-120.93440159,49.27480368],[-120.92086364,49.29732301],[-120.89885849,49.31065961],[-120.8655639,49.30177027],[-120.85837488,49.2954054],[-120.84998352,49.29873875],[-120.81337001,49.29269982],[-120.81158708,49.28387675],[-120.82115262,49.28066617],[-120.81782901,49.25754994],[-120.82424226,49.25169382],[-120.8372875,49.25321191],[-120.84724195,49.24616491],[-120.84877649,49.21928012],[-120.85528151,49.21804318],[-120.85522135,49.21435554],[-120.84921267,49.21089526],[-120.85050561,49.20486696],[-120.83336307,49.19360455],[-120.82621641,49.19479653],[-120.81603707,49.20638542],[-120.77572232,49.22240102],[-120.75838966,49.22019778],[-120.72673748,49.20692131]]]}},{"type":"Feature","properties":{"name":"Quesnel"},"geometry":{"type":"Polygon","coordinates":[[[-121.41596794,52.89796853],[-121.41590735,52.91470497],[-121.3889911,52.92255621],[-121.37785319,52.93222184],[-121.38259559,52.9416157],[-121.38086068,52.94783428],[-121.38436042,52.95176493],[-121.37439632,52.9558388],[-121.37474997,52.96062234],[-121.38377074,52.97045069],[-121.38013666,52.98344609],[-121.38305057,52.99294449],[-121.39491154,53.00915402],[-121.38790622,53.01646269],[-121.3589253,53.02683863],[-121.3394363,53.02324462],[-121.33462551,53.02744035],[-121.32338027,53.03029429],[-121.3127999,53.02882898],[-121.29840335,53.03562311],[-121.27926605,53.02513696],[-121.26187796,53.02224121],[-121.24702421,53.04063803],[-121.23008736,53.04685361],[-121.23322353,53.05756657],[-121.22874414,53.06672266],[-121.23360749,53.07410429],[-121.22919552,53.08504307],[-121.23036943,53.09079646],[-121.21355407,53.09955049],[-121.2115369,53.10501743],[-121.20050806,53.1128416],[-121.19376093,53.11220044],[-121.19022621,53.10483207],[-121.18067016,53.10222371],[-121.1684033,53.09299828],[-121.15536066,53.09356524],[-121.15422407,53.09961347],[-121.14450124,53.09466031],[-121.14260066,53.09999872],[-121.11477912,53.11071257],[-121.10406009,53.11978518],[-121.09401286,53.11718364],[-121.08525589,53.12003832],[-121.07286367,53.11459177],[-121.05976976,53.11429837],[-120.99567543,53.12334925],[-120.98346187,53.12250465],[-120.96129594,53.12900014],[-120.93653546,53.12200155],[-120.92683034,53.12295198],[-120.91882231,53.12626793],[-120.91444986,53.13449051],[-120.93457877,53.16594028],[-120.93188537,53.17853013],[-120.9585639,53.19046729],[-120.98122263,53.18895663],[-120.99074475,53.19240366],[-120.99371261,53.20242459],[-120.9819154,53.20588905],[-120.99921891,53.23012568],[-121.0669105,53.22953645],[-121.08294005,53.23295092],[-121.08855303,53.24265239],[-121.09641253,53.24776788],[-121.10867323,53.24982408],[-121.13328734,53.24022677],[-121.17786193,53.23689814],[-121.19705614,53.25345377],[-121.19441684,53.27845081],[-121.20878909,53.2933344],[-121.23650209,53.27999797],[-121.2467723,53.2782594],[-121.2585892,53.28043827],[-121.26978955,53.29095641],[-121.33841262,53.28370674],[-121.41541117,53.28376547],[-121.41548209,53.27495964],[-121.47085264,53.2754463],[-121.48712704,53.27963969],[-121.48688447,53.29189381],[-121.49735761,53.30083706],[-121.54126558,53.29994127],[-121.55378633,53.29560345],[-121.58298959,53.30320959],[-121.60740064,53.29387169],[-121.64689923,53.29367682],[-121.6552305,53.29777501],[-121.64269647,53.30657202],[-121.65866489,53.30510898],[-121.66192693,53.3090608],[-121.64078282,53.3131258],[-121.64032718,53.31619969],[-121.65661528,53.31649615],[-121.67621621,53.32487789],[-121.69199366,53.31302844],[-121.70150843,53.31413502],[-121.71158491,53.30983895],[-121.73574395,53.30716917],[-121.73411549,53.30102355],[-121.7469845,53.2938228],[-121.74923759,53.28619305],[-121.76082678,53.2775534],[-121.75877474,53.27363037],[-121.76456895,53.26879651],[-121.78611014,53.2744042],[-121.78837523,53.28718592],[-121.80096944,53.29322434],[-121.81334074,53.30529463],[-121.84197796,53.31338695],[-121.86122258,53.31435423],[-121.86847708,53.30579588],[-121.88723533,53.30796981],[-121.90470206,53.29767797],[-121.94591488,53.30058255],[-121.95148197,53.303486],[-121.94349071,53.32228741],[-121.95243738,53.32855247],[-121.94048642,53.33545913],[-121.9348454,53.34283053],[-121.93280878,53.34996384],[-121.93921967,53.36192236],[-121.93177805,53.37691588],[-121.95138351,53.40932836],[-121.95185437,53.42294241],[-121.95619587,53.43094344],[-121.95425529,53.44205448],[-121.96681604,53.4526953],[-121.97781588,53.45661244],[-122.01452213,53.46177736],[-122.02415599,53.45655663],[-122.01303349,53.4504474],[-122.01158461,53.44495373],[-122.01554465,53.43023303],[-122.03481029,53.42581447],[-122.06056246,53.4293327],[-122.05651568,53.42486613],[-122.06117277,53.42072708],[-122.0606304,53.41360245],[-122.05536914,53.40936201],[-122.05790753,53.40469505],[-122.05287069,53.39709361],[-122.06631864,53.37916249],[-122.06078039,53.35735448],[-122.05418343,53.35406571],[-122.06901018,53.34533141],[-122.06156009,53.34184925],[-122.05721223,53.33487068],[-122.06689446,53.32208304],[-122.05773357,53.31716421],[-122.0389472,53.31379757],[-122.04503501,53.30858776],[-122.03916003,53.30478213],[-122.0425912,53.29823824],[-122.03119372,53.28954793],[-122.03676501,53.2767124],[-122.04754223,53.2681033],[-122.0485404,53.26176538],[-122.03459184,53.26038283],[-122.0288055,53.24592485],[-122.00603309,53.23474939],[-122.00485263,53.22670477],[-122.04268728,53.21602384],[-122.06990887,53.21322698],[-122.08612347,53.20270759],[-122.10714334,53.19678441],[-122.14314645,53.19869408],[-122.16144617,53.1900193],[-122.1637836,53.17986384],[-122.17087611,53.17543941],[-122.18939184,53.17916095],[-122.19650959,53.18372823],[-122.23276199,53.18273376],[-122.24061243,53.17757891],[-122.24155832,53.1679942],[-122.24551915,53.16476417],[-122.24104784,53.15323907],[-122.25878612,53.15409785],[-122.27858335,53.13317755],[-122.29349315,53.1412574],[-122.29688117,53.13721237],[-122.31160579,53.13456219],[-122.31135964,53.12848032],[-122.30214817,53.11551547],[-122.30457573,53.11168534],[-122.30954265,53.11117698],[-122.32366922,53.11435164],[-122.34433346,53.12537459],[-122.37153809,53.12533404],[-122.37381101,53.13588957],[-122.37875533,53.13976355],[-122.38142653,53.15365225],[-122.39687378,53.15272947],[-122.40759991,53.16001967],[-122.42014936,53.16203639],[-122.44676666,53.15741391],[-122.44519522,53.15294503],[-122.45408022,53.1529577],[-122.45685444,53.14733196],[-122.45725573,53.15369287],[-122.46863604,53.15059494],[-122.4741632,53.15560772],[-122.49017101,53.15682987],[-122.48739057,53.16549103],[-122.49594638,53.16903045],[-122.49463943,53.17486195],[-122.50640448,53.17095453],[-122.51781955,53.1609025],[-122.51749423,53.17891218],[-122.54376286,53.18064535],[-122.55383849,53.17412643],[-122.56226481,53.18961447],[-122.57337933,53.18610503],[-122.58504708,53.18805974],[-122.59891007,53.21674796],[-122.60203279,53.21799289],[-122.60628041,53.2178393],[-122.60689705,53.21362272],[-122.61399375,53.21008623],[-122.61906116,53.21347538],[-122.62327717,53.22294454],[-122.62478758,53.21440872],[-122.63732082,53.21311586],[-122.64047264,53.21747648],[-122.64490211,53.21708663],[-122.64802196,53.23040839],[-122.65759905,53.23041256],[-122.66372577,53.23478283],[-122.6731908,53.23498052],[-122.68940437,53.2416044],[-122.69639424,53.23562966],[-122.70435006,53.23624485],[-122.70333431,53.23221651],[-122.70595238,53.23107074],[-122.7101798,53.23241461],[-122.70999921,53.24261865],[-122.71816374,53.24049477],[-122.72518519,53.24355344],[-122.7271575,53.25146659],[-122.73590251,53.25934591],[-122.73852049,53.27346339],[-122.72570618,53.27853688],[-122.72123705,53.28401268],[-122.71354924,53.2844028],[-122.70774588,53.30313358],[-122.69948582,53.30251726],[-122.69944592,53.30713743],[-122.69338391,53.30747342],[-122.69060809,53.31389593],[-122.68206303,53.31862082],[-122.67787548,53.33300689],[-122.68381546,53.34094506],[-122.68515734,53.35309325],[-122.66186479,53.36679852],[-122.67051327,53.37504982],[-122.67201882,53.38166123],[-122.67861775,53.38550575],[-122.71540659,53.38871374],[-122.73880834,53.38670542],[-122.74624329,53.38284881],[-122.76641399,53.38616722],[-122.83329258,53.37566376],[-122.85114417,53.35037385],[-122.87204805,53.34073809],[-122.88327247,53.32813938],[-122.88397451,53.31956234],[-122.87449782,53.31142648],[-122.87944375,53.30687528],[-122.89031988,53.30428092],[-122.89289585,53.31332008],[-122.897559,53.31488804],[-122.90992418,53.30775554],[-122.91219355,53.29997164],[-122.91881045,53.30110629],[-122.93737487,53.29527958],[-122.9441247,53.29717374],[-122.94777569,53.29372474],[-122.95272248,53.2987051],[-122.96027048,53.29552],[-122.96620472,53.30089339],[-122.97375385,53.29264966],[-122.96788181,53.28162601],[-122.99225496,53.28464211],[-123.00590161,53.27528099],[-123.01430699,53.27659902],[-123.01399112,53.28058412],[-123.0221776,53.28062559],[-123.01717463,53.28484112],[-123.02308469,53.286505],[-123.02310491,53.29010941],[-123.02929951,53.28870826],[-123.02647753,53.29074677],[-123.0287691,53.2923398],[-123.04172101,53.29403526],[-123.04698307,53.29910111],[-123.05597957,53.30038925],[-123.06023977,53.29076879],[-123.07691002,53.28761768],[-123.09865851,53.29398701],[-123.11251104,53.28957462],[-123.14333408,53.28733133],[-123.15121128,53.29296707],[-123.16835244,53.29216913],[-123.17210628,53.29688589],[-123.16500311,53.29806752],[-123.16891633,53.29965606],[-123.18976346,53.2955853],[-123.19874584,53.29919653],[-123.20578723,53.29657744],[-123.20688043,53.33235822],[-123.26805077,53.34868765],[-123.28671888,53.3596554],[-123.29486699,53.36013649],[-123.30131103,53.35384838],[-123.31039867,53.35169332],[-123.33259917,53.35689708],[-123.35006822,53.35415324],[-123.36587689,53.33961513],[-123.38160157,53.33588535],[-123.3867196,53.34078215],[-123.41614356,53.35010799],[-123.44887897,53.35438325],[-123.47581659,53.35201172],[-123.48744204,53.36232451],[-123.47911948,53.37133544],[-123.48763444,53.37494919],[-123.49353151,53.38568476],[-123.49086308,53.40581828],[-123.49790921,53.40712175],[-123.50155359,53.41278177],[-123.51438497,53.41779253],[-123.55412082,53.41911759],[-123.55645272,53.42228723],[-123.56726378,53.42292163],[-123.57230698,53.41822818],[-123.59376763,53.41474402],[-123.59863305,53.40777666],[-123.60431946,53.41304849],[-123.63428349,53.41410386],[-123.64360575,53.41839953],[-123.64568645,53.42334395],[-123.65876317,53.42663648],[-123.68038756,53.42510822],[-123.68253258,53.41866754],[-123.68647515,53.41810252],[-123.69812174,53.42390892],[-123.72456855,53.42766084],[-123.74590531,53.41839672],[-123.75774226,53.42884761],[-123.75819414,53.43356911],[-123.78810667,53.44387523],[-123.79405742,53.45083128],[-123.80341796,53.45409136],[-123.79507741,53.46398116],[-123.80305168,53.46846239],[-123.81599026,53.4666934],[-123.8214213,53.46201161],[-123.84951428,53.46542502],[-123.85935206,53.46213114],[-123.90040417,53.47431276],[-123.95565742,53.47088309],[-123.97548197,53.46411172],[-123.99790716,53.46120966],[-124.00148748,53.4587992],[-124.00433784,53.44869978],[-124.01484722,53.43986168],[-124.0449881,53.42602891],[-124.06095425,53.43107627],[-124.0802133,53.43262878],[-124.09107405,53.42989577],[-124.09153297,53.42381517],[-124.09758171,53.42217268],[-124.11316921,53.42369595],[-124.12755296,53.43491249],[-124.14236931,53.43032068],[-124.2181598,53.43372077],[-124.21997913,53.43659316],[-124.21593415,53.44345402],[-124.23196569,53.44640142],[-124.23524507,53.45035303],[-124.24969903,53.45556787],[-124.25133755,53.460365],[-124.26371471,53.46530831],[-124.2763021,53.47867878],[-124.28272731,53.47873394],[-124.29116728,53.47289384],[-124.28263713,53.46731588],[-124.27988185,53.45945914],[-124.28913609,53.45837819],[-124.29408736,53.45440393],[-124.3315245,53.45965749],[-124.34238781,53.45836802],[-124.35028566,53.46366398],[-124.36756864,53.46130168],[-124.36992998,53.46241474],[-124.36432416,53.46561942],[-124.36402899,53.47320021],[-124.38488226,53.48475289],[-124.40073152,53.48832794],[-124.41213205,53.4977372],[-124.40924424,53.50006858],[-124.3798708,53.50119055],[-124.38149337,53.5063411],[-124.45933355,53.50983578],[-124.46617144,53.51413288],[-124.46755857,53.51956422],[-124.48774419,53.51953084],[-124.49688971,53.5349315],[-124.51438912,53.53957618],[-124.539012,53.53309176],[-124.5343627,53.5307267],[-124.53460811,53.51953374],[-124.51739578,53.50683159],[-124.49531506,53.50114007],[-124.49804152,53.49320568],[-124.49528928,53.48747063],[-124.49971336,53.48040408],[-124.48758985,53.46959242],[-124.49227462,53.46108286],[-124.48596208,53.45494159],[-124.49995218,53.4456425],[-124.51431839,53.44479274],[-124.50781071,53.44210966],[-124.50762421,53.42764736],[-124.50113505,53.41230744],[-124.48585276,53.40811107],[-124.48413877,53.40362793],[-124.51630831,53.39402143],[-124.55816655,53.39552244],[-124.56608313,53.38809337],[-124.58446458,53.39152475],[-124.600937,53.38983654],[-124.60709333,53.38558704],[-124.60486867,53.38126166],[-124.59678917,53.38122045],[-124.58773951,53.36994986],[-124.57857107,53.37032135],[-124.5762277,53.3652729],[-124.56945389,53.36385597],[-124.56181943,53.36664867],[-124.55327205,53.35750357],[-124.53811678,53.35647784],[-124.53108759,53.35257974],[-124.50725007,53.3540819],[-124.50464403,53.34699368],[-124.49345301,53.34714038],[-124.48985529,53.34401323],[-124.48004423,53.31030163],[-124.50151886,53.29053871],[-124.51995222,53.28369017],[-124.53428777,53.28282535],[-124.49562253,53.27951497],[-124.47883624,53.28232046],[-124.47553889,53.27657436],[-124.46493335,53.27358182],[-124.46345477,53.27037795],[-124.4657058,53.26540808],[-124.46196409,53.26281923],[-124.4665167,53.25249463],[-124.4588666,53.24830358],[-124.46015037,53.24533381],[-124.46979942,53.24150574],[-124.47883656,53.23235902],[-124.49673345,53.22711198],[-124.50153206,53.22019076],[-124.51275512,53.21524341],[-124.51620669,53.2088521],[-124.52761312,53.20340363],[-124.49632647,53.20473758],[-124.4841429,53.2008635],[-124.48289874,53.18582207],[-124.48665168,53.18249079],[-124.48700078,53.17676595],[-124.47184549,53.17092547],[-124.47382392,53.16190673],[-124.46982517,53.15573011],[-124.49456704,53.13829279],[-124.51169399,53.13378312],[-124.55814009,53.12905718],[-124.58850441,53.13083716],[-124.59322958,53.13594418],[-124.60745023,53.13813798],[-124.63844607,53.13538347],[-124.65687715,53.14158387],[-124.68143391,53.13429153],[-124.71868873,53.14373296],[-124.73308803,53.15038688],[-124.75177363,53.14551707],[-124.76892984,53.14929779],[-124.77670023,53.14806058],[-124.78589978,53.15536677],[-124.80167032,53.15790534],[-124.81052861,53.16557975],[-124.81396644,53.15899007],[-124.82776172,53.15629979],[-124.83111198,53.15085731],[-124.84685282,53.15231664],[-124.8535551,53.15932525],[-124.86547632,53.15991579],[-124.88997354,53.15123864],[-124.89707294,53.14319676],[-124.89288379,53.13866087],[-124.90043752,53.12289509],[-124.87973138,53.11466685],[-124.88498632,53.11177727],[-124.90483615,53.11415576],[-124.91218587,53.11219483],[-124.91358477,53.10807281],[-124.9079987,53.10146434],[-124.91259855,53.09304643],[-124.90368094,53.08928237],[-124.90339473,53.08610062],[-124.92052442,53.07174852],[-124.93353149,53.0662038],[-124.95458269,53.06603008],[-124.9563791,53.06033659],[-124.9678032,53.05852138],[-124.98536605,53.06109069],[-124.99461736,53.06628468],[-125.00747569,53.06628532],[-125.01145447,53.06120832],[-125.0183378,53.05988465],[-125.049751,53.06783708],[-125.0684901,53.06669717],[-125.1117735,53.05949101],[-125.12253402,53.0532622],[-125.14904828,53.06190072],[-125.18224496,53.06205124],[-125.19912889,53.06754663],[-125.23263583,53.06659645],[-125.24548231,53.073757],[-125.29107198,53.07745024],[-125.29449776,53.07429354],[-125.29214958,53.06800519],[-125.29696049,53.06226103],[-125.30973554,53.06100465],[-125.30654903,53.05331547],[-125.32808241,53.05225839],[-125.33227554,53.04592828],[-125.34338749,53.04997182],[-125.3391823,53.03603257],[-125.32951074,53.02968455],[-125.32948861,53.02227264],[-125.34553223,53.02200583],[-125.35711655,53.02535774],[-125.36611618,53.03256829],[-125.37937278,53.028978],[-125.40101971,53.03434736],[-125.43302216,53.03269694],[-125.43710842,53.03098699],[-125.43703812,53.02642669],[-125.4092536,53.01018435],[-125.41952373,53.00401189],[-125.43007878,53.0033692],[-125.42822636,52.99877779],[-125.43396572,52.99553967],[-125.44589437,53.00008241],[-125.4793563,53.00188601],[-125.49238195,52.99796771],[-125.49892716,52.99314548],[-125.49951983,52.98782152],[-125.52133687,52.99013808],[-125.53138109,52.98603189],[-125.53557528,52.97853136],[-125.5278777,52.97135954],[-125.52991565,52.96492396],[-125.52282721,52.95902209],[-125.51757733,52.94973199],[-125.51860089,52.94593355],[-125.52681377,52.94058363],[-125.5561679,52.94425965],[-125.55754495,52.93937021],[-125.57092915,52.93959791],[-125.57460832,52.93325037],[-125.56849888,52.92194116],[-125.53174864,52.91581341],[-125.53191192,52.90578872],[-125.51416835,52.89954455],[-125.51204274,52.89248157],[-125.4868882,52.89347326],[-125.47908344,52.88937899],[-125.49032047,52.87860088],[-125.48902316,52.87628118],[-125.47116257,52.87316083],[-125.46161413,52.86654838],[-125.44574027,52.86713073],[-125.42607098,52.86129869],[-125.42148552,52.86319081],[-125.41999591,52.85808457],[-125.39109165,52.84198089],[-125.39037814,52.83270263],[-125.37617611,52.81566505],[-125.36307729,52.81192057],[-125.32975321,52.78535837],[-125.31969173,52.78615835],[-125.306099,52.77983695],[-125.30149181,52.76758987],[-125.31101602,52.75622773],[-125.32560132,52.74856048],[-125.32685653,52.74243392],[-125.31954116,52.7367325],[-125.31936781,52.73171505],[-125.30925144,52.72881474],[-125.29923102,52.7200268],[-125.26852503,52.7216121],[-125.25899892,52.71585033],[-125.24866005,52.72157713],[-125.23612446,52.71992585],[-125.2220719,52.72558065],[-125.21064494,52.72283173],[-125.16690346,52.72366131],[-125.14664828,52.72583607],[-125.14328486,52.72894689],[-125.12853088,52.73048729],[-125.12123282,52.73470798],[-125.11303489,52.73358763],[-125.10673191,52.7370517],[-125.10442203,52.73299253],[-125.08950037,52.7343435],[-125.07143407,52.72524379],[-125.05259413,52.72379447],[-125.03964135,52.71631689],[-125.02222741,52.71645355],[-125.01801653,52.73253158],[-125.0147531,52.73288245],[-124.98709752,52.72491974],[-124.96882362,52.72556503],[-124.96222679,52.72288798],[-124.95440417,52.71690774],[-124.95690418,52.70806428],[-124.94478239,52.69608485],[-124.92045443,52.6970029],[-124.90419957,52.70629277],[-124.89256847,52.70816835],[-124.87361534,52.69692861],[-124.84456314,52.70873619],[-124.84067181,52.71701448],[-124.83031766,52.71822684],[-124.84669863,52.73096577],[-124.85192644,52.73978431],[-124.85476662,52.75607362],[-124.87161448,52.77058453],[-124.86867672,52.77811101],[-124.8463435,52.78848951],[-124.83556546,52.7879969],[-124.82897869,52.79377407],[-124.81851764,52.7933974],[-124.76017646,52.80851308],[-124.75908618,52.81527123],[-124.74663594,52.82006433],[-124.72982085,52.81907325],[-124.72519538,52.81642507],[-124.72606567,52.80943559],[-124.71452139,52.8100573],[-124.68860898,52.82405774],[-124.64799541,52.83577764],[-124.63578256,52.84209625],[-124.63460082,52.84653553],[-124.62197578,52.8510014],[-124.60262839,52.84058677],[-124.59971311,52.83364883],[-124.59351623,52.8299029],[-124.60288981,52.81375191],[-124.59875129,52.80065469],[-124.5899307,52.79172274],[-124.5906376,52.78713286],[-124.57587991,52.77939427],[-124.57218025,52.77434564],[-124.54155958,52.77233564],[-124.5433468,52.76342987],[-124.53750112,52.76000388],[-124.52331831,52.75905432],[-124.50862585,52.76469484],[-124.49523307,52.76252677],[-124.46986338,52.75566892],[-124.46952564,52.7522451],[-124.43304787,52.74803251],[-124.41079874,52.73822933],[-124.40203712,52.73992444],[-124.38547774,52.72495593],[-124.37851607,52.7235947],[-124.36571972,52.72815697],[-124.36035693,52.7257352],[-124.34721032,52.7325718],[-124.33904624,52.73111897],[-124.33710282,52.73839863],[-124.30320427,52.74089052],[-124.28220929,52.74667672],[-124.26671849,52.74287143],[-124.2510641,52.7438568],[-124.24202305,52.72719519],[-124.23416232,52.72186855],[-124.220096,52.72711064],[-124.17796926,52.72235636],[-124.16668559,52.72980858],[-124.14553895,52.72751547],[-124.13140717,52.71909232],[-124.11989748,52.70471828],[-124.10318484,52.70281631],[-124.09820619,52.69151868],[-124.06862297,52.68715162],[-124.06383109,52.68327453],[-124.05210886,52.68841214],[-124.03122388,52.68259916],[-124.02667187,52.67669633],[-124.0139627,52.67000867],[-124.00434687,52.67036857],[-123.99492543,52.6552933],[-123.99978902,52.63803773],[-123.99637371,52.62479987],[-123.9858671,52.62219118],[-123.99005431,52.61605168],[-123.98174185,52.60646525],[-123.98688776,52.59974252],[-123.9805077,52.58576128],[-123.9845224,52.57583406],[-123.9819525,52.56730554],[-123.99467173,52.55810561],[-123.99427973,52.55201761],[-123.98913346,52.55254177],[-123.97547675,52.54620006],[-123.97889115,52.53947825],[-123.96756503,52.5313453],[-123.96801432,52.52817085],[-123.95282155,52.52352454],[-123.94797418,52.51684196],[-123.9382425,52.51215454],[-123.92919944,52.50003441],[-123.91693101,52.49480764],[-123.90684264,52.49280397],[-123.89940081,52.49484768],[-123.87261167,52.48296862],[-123.86728005,52.482972],[-123.85686161,52.49032097],[-123.84193604,52.49282863],[-123.83662239,52.47781192],[-123.82116208,52.46726195],[-123.8256615,52.45098939],[-123.8157654,52.45034309],[-123.7953217,52.43968483],[-123.79764838,52.43480399],[-123.79345215,52.42750606],[-123.77797611,52.41727436],[-123.74554018,52.41760585],[-123.7442518,52.40333534],[-123.72098288,52.39650478],[-123.73016311,52.38671513],[-123.74656803,52.38914809],[-123.74751517,52.3832812],[-123.76118921,52.37746631],[-123.7626574,52.37108894],[-123.74906027,52.36344912],[-123.7340752,52.34733617],[-123.71404728,52.3474391],[-123.70824704,52.34317199],[-123.70889728,52.33566846],[-123.71254556,52.33427228],[-123.6988256,52.32703854],[-123.70638382,52.32158468],[-123.69216397,52.31186579],[-123.6897306,52.3035234],[-123.68115639,52.29951113],[-123.67309088,52.2867634],[-123.65541386,52.28046332],[-123.65564318,52.27599807],[-123.64923705,52.26914038],[-123.6248022,52.26201258],[-123.61827101,52.27258119],[-123.60097216,52.27694379],[-123.60280173,52.28914988],[-123.59662407,52.29791415],[-123.59085339,52.30131254],[-123.56705663,52.30320975],[-123.5574038,52.30826586],[-123.54009946,52.30529029],[-123.5144898,52.30941767],[-123.51084904,52.31111301],[-123.51091541,52.31624352],[-123.50450396,52.31685782],[-123.48473477,52.30482455],[-123.47633449,52.30480967],[-123.46849774,52.30822222],[-123.46186182,52.31776177],[-123.46551018,52.32631578],[-123.46018111,52.32736805],[-123.44884244,52.3229603],[-123.43847493,52.31101886],[-123.43331248,52.30937964],[-123.42297292,52.31154076],[-123.41981603,52.31574618],[-123.40718402,52.31664955],[-123.39753939,52.32305703],[-123.374788,52.32377481],[-123.35949271,52.3060305],[-123.33522229,52.31302947],[-123.30253982,52.30988969],[-123.29128623,52.31299676],[-123.28468342,52.30648584],[-123.27561797,52.30575201],[-123.26053926,52.30803863],[-123.24377834,52.31891677],[-123.23279488,52.3024685],[-123.19898189,52.29061761],[-123.19343306,52.2769073],[-123.18812712,52.27670905],[-123.1381417,52.29836454],[-123.13724315,52.30238477],[-123.14966273,52.31360742],[-123.16249245,52.31823878],[-123.16240061,52.32867212],[-123.15586062,52.33089262],[-123.13057288,52.32057611],[-123.08936736,52.31792662],[-123.07391065,52.32349751],[-123.06945443,52.34745746],[-123.06004063,52.3511804],[-123.03858332,52.34228209],[-123.02864411,52.33119557],[-123.03044881,52.31982649],[-123.02041106,52.30553016],[-123.02078937,52.30004584],[-123.01058145,52.29214463],[-122.98037648,52.29115374],[-122.98886762,52.28561292],[-122.98885162,52.28236241],[-122.9588211,52.28290696],[-122.94633162,52.27652124],[-122.9451959,52.27205896],[-122.96269384,52.26732781],[-122.96206023,52.25896607],[-122.96628476,52.24941938],[-122.97071134,52.24684056],[-122.96350298,52.23157248],[-122.95629808,52.22835112],[-122.93209294,52.22760286],[-122.9167561,52.22033635],[-122.89516423,52.21787455],[-122.89598776,52.2269561],[-122.88709571,52.23690943],[-122.8699068,52.24324842],[-122.83583133,52.23773067],[-122.82276225,52.24162239],[-122.82627977,52.25039367],[-122.80470809,52.2599815],[-122.80408402,52.27436062],[-122.7606296,52.28082084],[-122.75256395,52.28690867],[-122.74472712,52.28736877],[-122.74457726,52.29645412],[-122.73683445,52.29936735],[-122.72708318,52.29835162],[-122.6961279,52.30357143],[-122.67841967,52.32056133],[-122.66374445,52.32476701],[-122.65814592,52.33398231],[-122.62443545,52.35404864],[-122.61293302,52.354903],[-122.60162777,52.34981388],[-122.57013069,52.34831275],[-122.5620189,52.34412595],[-122.54070579,52.34793275],[-122.53610468,52.3448403],[-122.53116742,52.34600533],[-122.53390096,52.35215838],[-122.52367657,52.35882614],[-122.50983379,52.35028802],[-122.49367808,52.34523213],[-122.46873735,52.35474592],[-122.46090304,52.36098171],[-122.4534077,52.36973929],[-122.45201484,52.38666437],[-122.44722644,52.38919705],[-122.41538392,52.37549235],[-122.38514241,52.3822571],[-122.37407505,52.37840651],[-122.34529086,52.37867219],[-122.33161963,52.38834825],[-122.32780913,52.38355377],[-122.32447954,52.38438342],[-122.32497779,52.3897742],[-122.3370713,52.39868599],[-122.32325821,52.40543549],[-122.31565115,52.41360732],[-122.32244634,52.43292677],[-122.31472103,52.43794015],[-122.32480468,52.44351749],[-122.3236533,52.45025776],[-122.30628771,52.45788655],[-122.2848613,52.4568532],[-122.26247583,52.45140346],[-122.25172515,52.45573138],[-122.25184581,52.45877326],[-122.26073635,52.46256497],[-122.23821613,52.47621096],[-122.23788638,52.48420017],[-122.2337139,52.48973367],[-122.23568157,52.50018519],[-122.23981274,52.50520308],[-122.2318531,52.51241397],[-122.23209224,52.52637373],[-122.23995061,52.5355078],[-122.22926034,52.5389011],[-122.23470701,52.54702291],[-122.23085483,52.54923471],[-122.23183098,52.55347312],[-122.22233065,52.55421671],[-122.21782976,52.55722589],[-122.21665671,52.56396448],[-122.20563931,52.56563967],[-122.21549673,52.57994767],[-122.21566068,52.58578785],[-122.25004114,52.60255254],[-122.2521558,52.60710601],[-122.24045506,52.61445882],[-122.23135447,52.61103223],[-122.22791893,52.6127148],[-122.2314102,52.6190977],[-122.22975325,52.62460273],[-122.23977297,52.63802316],[-122.23488931,52.64352975],[-122.23823495,52.65338283],[-122.23484161,52.65792336],[-122.2354204,52.66319116],[-122.25275406,52.67620371],[-122.25109331,52.68139836],[-122.25697318,52.69167114],[-122.25416158,52.69468537],[-122.21305789,52.70294222],[-122.18562695,52.69854577],[-122.16800105,52.70550508],[-122.161265,52.71381357],[-122.14625809,52.70876337],[-122.1371297,52.70927993],[-122.13307584,52.71136607],[-122.12457833,52.72621516],[-122.09553076,52.73097495],[-122.0547112,52.75840745],[-122.04672279,52.75003022],[-122.02050857,52.73670311],[-122.0135771,52.72359976],[-122.00281439,52.71511755],[-122.00137373,52.70810658],[-121.99596319,52.70680178],[-121.98748103,52.70786429],[-121.98318082,52.71466506],[-121.98634016,52.73160654],[-121.96120259,52.73350704],[-121.93182313,52.73101106],[-121.93301422,52.7362779],[-121.92510051,52.74209021],[-121.90720873,52.74572555],[-121.88370567,52.73879967],[-121.84787756,52.73917315],[-121.84924662,52.74443682],[-121.86758527,52.7591719],[-121.86241864,52.76723317],[-121.81802022,52.75486497],[-121.78866454,52.75044533],[-121.77062565,52.75278417],[-121.75473367,52.74440735],[-121.73952015,52.74085862],[-121.73686032,52.73732455],[-121.72543499,52.73682808],[-121.69947,52.72269495],[-121.67496591,52.73604427],[-121.6780901,52.74535357],[-121.67608549,52.74644553],[-121.61959582,52.73092999],[-121.61195389,52.73368936],[-121.59180084,52.73326759],[-121.57880386,52.74191856],[-121.59790257,52.74970685],[-121.6015112,52.74853158],[-121.60620463,52.75981103],[-121.60334921,52.77258722],[-121.61109175,52.77563357],[-121.60990409,52.77940327],[-121.61952342,52.78314021],[-121.62419279,52.79384765],[-121.61589508,52.79408094],[-121.6088817,52.80056527],[-121.59513532,52.8023046],[-121.59440952,52.80936675],[-121.62266186,52.8226398],[-121.63206168,52.82400753],[-121.61527022,52.83821496],[-121.6181396,52.84460459],[-121.61422205,52.84827224],[-121.61842094,52.85311943],[-121.61541653,52.85784853],[-121.60927711,52.86401591],[-121.59494178,52.86517811],[-121.57337274,52.86020505],[-121.56172103,52.86927626],[-121.52653215,52.87059885],[-121.51746433,52.86920927],[-121.51443144,52.86316983],[-121.49126362,52.85978989],[-121.48502941,52.85498065],[-121.48291904,52.84553058],[-121.47752279,52.84477359],[-121.46521547,52.8581608],[-121.46127575,52.86749311],[-121.44400628,52.87638962],[-121.42399449,52.87772579],[-121.42715999,52.88936753],[-121.41596794,52.89796853]]]}},{"type":"Feature","properties":{"name":"Revelstoke"},"geometry":{"type":"Polygon","coordinates":[[[-117.38569799,51.20019796],[-117.40093565,51.22492539],[-117.40040099,51.22865014],[-117.40837673,51.23377978],[-117.40685518,51.2383934],[-117.41106255,51.24578842],[-117.42911509,51.25805679],[-117.43119871,51.26340387],[-117.44097046,51.26691492],[-117.44072893,51.27253136],[-117.45927045,51.27676726],[-117.46118795,51.28131575],[-117.46790213,51.28319506],[-117.46847848,51.28927157],[-117.47818744,51.29323278],[-117.48429494,51.29974926],[-117.52232186,51.288359],[-117.54420012,51.28932011],[-117.55083483,51.28296371],[-117.57982302,51.2832736],[-117.59116847,51.29706397],[-117.60164506,51.29803114],[-117.60866868,51.29077884],[-117.63487948,51.28433675],[-117.65127007,51.27419277],[-117.68007594,51.274239],[-117.70480303,51.27936975],[-117.73119513,51.27515942],[-117.73361828,51.2720315],[-117.74471857,51.28682526],[-117.74056201,51.29271511],[-117.74530269,51.29958164],[-117.73762154,51.30489068],[-117.73181711,51.3151062],[-117.75211794,51.31903318],[-117.76618877,51.32731904],[-117.76469257,51.34090636],[-117.78219573,51.33813346],[-117.80178874,51.34220381],[-117.80590014,51.34513381],[-117.80352555,51.35702118],[-117.8255828,51.3594385],[-117.84276258,51.36666583],[-117.84495972,51.37481328],[-117.83669848,51.37934759],[-117.8402555,51.3887194],[-117.859046,51.39117237],[-117.86592422,51.39677499],[-117.87255334,51.40878754],[-117.87170351,51.41246239],[-117.88560622,51.41744282],[-117.88988699,51.42311208],[-117.91212391,51.42711317],[-117.91792886,51.43660414],[-117.91394005,51.44149953],[-117.91757154,51.44736976],[-117.94391505,51.45659642],[-117.94364724,51.46045669],[-117.97169719,51.4731886],[-117.99199093,51.50228358],[-117.97486269,51.50978682],[-117.95568211,51.50856548],[-117.950709,51.52116431],[-117.94010045,51.5271348],[-117.94275257,51.53479298],[-117.94095592,51.54186727],[-117.95025992,51.54403607],[-117.9814255,51.57516028],[-117.99148997,51.5785636],[-117.97993297,51.59802391],[-117.98116264,51.60349987],[-117.98888155,51.60853392],[-117.97937758,51.62039165],[-117.97491003,51.64026839],[-117.94119402,51.64805305],[-117.93241282,51.65327158],[-117.93362865,51.66107788],[-117.93097597,51.66416994],[-117.93856411,51.66932053],[-117.93962064,51.69116784],[-117.92370037,51.69960692],[-117.92143614,51.70372555],[-117.92748896,51.71393562],[-117.94318369,51.71576932],[-117.94690296,51.72223462],[-117.96957911,51.72963435],[-117.98127935,51.73812056],[-118.01363651,51.7451608],[-118.02491941,51.72345867],[-118.05915608,51.72235371],[-118.07631212,51.72511578],[-118.08281616,51.71445425],[-118.0926471,51.707725],[-118.0915268,51.70476348],[-118.11537116,51.70988956],[-118.11905716,51.71556088],[-118.1293164,51.7209602],[-118.11964284,51.73902223],[-118.1246258,51.75016531],[-118.12163004,51.75215554],[-118.12205939,51.75694937],[-118.12854814,51.76201164],[-118.12813785,51.7739665],[-118.13881963,51.78207355],[-118.14743888,51.77838361],[-118.17069734,51.77965143],[-118.17736349,51.78503382],[-118.18575257,51.78659052],[-118.18835819,51.79347332],[-118.17704782,51.80121272],[-118.1751791,51.81334407],[-118.14725055,51.82905102],[-118.14772772,51.83708433],[-118.13905583,51.85049431],[-118.13967539,51.85631554],[-118.14829573,51.86290339],[-118.14751844,51.86577025],[-118.13100026,51.87709792],[-118.12190977,51.88997665],[-118.13132727,51.89811926],[-118.15507391,51.89661091],[-118.16538253,51.90464315],[-118.17417206,51.90622698],[-118.17338646,51.91354608],[-118.16734905,51.91848391],[-118.17373316,51.93867853],[-118.1905398,51.9433694],[-118.19453515,51.95254575],[-118.1915913,51.96108594],[-118.20094948,51.9645699],[-118.21075265,51.97455894],[-118.24314206,51.97215329],[-118.24305557,51.9688635],[-118.2487763,51.96627076],[-118.26923356,51.96202837],[-118.27465028,51.96539103],[-118.28730366,51.98705456],[-118.30426012,51.98579773],[-118.33090068,51.99274231],[-118.34705373,51.98518746],[-118.35791376,51.98520927],[-118.35503125,51.98080942],[-118.37211115,51.97505144],[-118.38538785,51.97650443],[-118.39007361,51.97821644],[-118.38852017,51.9831841],[-118.3920338,51.99561941],[-118.39888363,52.00167611],[-118.38835286,52.01200497],[-118.39256122,52.0246246],[-118.3990105,52.03068924],[-118.42885698,52.01895216],[-118.44053003,52.01863471],[-118.4467508,52.01932351],[-118.45381601,52.02778828],[-118.48846415,52.03551165],[-118.49702859,52.04444144],[-118.50551153,52.04527737],[-118.51008752,52.05230818],[-118.52978811,52.05003456],[-118.55750491,52.0521054],[-118.58837132,52.04351313],[-118.59022733,52.05462887],[-118.60894045,52.0815544],[-118.60626462,52.09029479],[-118.6087355,52.10480957],[-118.61445766,52.10463272],[-118.62657212,52.11118319],[-118.62457474,52.11640822],[-118.62924553,52.12016508],[-118.63886298,52.11857534],[-118.65121241,52.13059085],[-118.6575982,52.1289593],[-118.6628232,52.13180354],[-118.67051646,52.14291623],[-118.66915028,52.14830414],[-118.67345755,52.15127294],[-118.68693585,52.14969179],[-118.68883689,52.15500546],[-118.69284003,52.15645439],[-118.69057181,52.16191304],[-118.69348094,52.16630986],[-118.70588305,52.16463882],[-118.71898923,52.15835656],[-118.72671031,52.15926887],[-118.73331439,52.16522775],[-118.73170435,52.16965765],[-118.73888348,52.17963257],[-118.75124923,52.18380141],[-118.76707696,52.17887632],[-118.77860497,52.18203436],[-118.83701246,52.16366442],[-118.83347014,52.15845454],[-118.83522268,52.14374372],[-118.85189158,52.13475137],[-118.85081349,52.12451322],[-118.86240352,52.11302298],[-118.86312381,52.10699628],[-118.86791737,52.10230298],[-118.85950448,52.09131719],[-118.85306536,52.08915736],[-118.87202,52.07915526],[-118.87437832,52.07087131],[-118.8706969,52.06597962],[-118.85338591,52.06230545],[-118.84876835,52.05766622],[-118.84841962,52.05226302],[-118.85576271,52.04530028],[-118.88807533,52.04168881],[-118.90957032,52.034576],[-118.91911803,52.0395325],[-118.92476772,52.0389369],[-118.93714818,52.03381997],[-118.94823096,52.0213397],[-118.9488159,52.00176373],[-118.96299846,51.99855618],[-118.97131851,51.987896],[-118.96929467,51.98405888],[-118.97417333,51.97605494],[-118.94130398,51.9669665],[-118.92050014,51.96666929],[-118.90523956,51.9583344],[-118.89607348,51.95685886],[-118.89126431,51.95174315],[-118.89899787,51.94592697],[-118.90765631,51.92819797],[-118.9151305,51.92505515],[-118.93485751,51.92755624],[-118.94608324,51.92538331],[-118.95209173,51.92989256],[-118.96805277,51.93389817],[-118.98297083,51.93451986],[-118.9871328,51.93192756],[-118.98914011,51.91920079],[-118.97642916,51.91032823],[-118.97597602,51.899356],[-118.96870392,51.89369615],[-118.96687962,51.88431123],[-118.97265632,51.87367802],[-118.99254322,51.8670638],[-118.99237499,51.86460234],[-118.95404611,51.85070941],[-118.95287,51.83730332],[-118.94841066,51.83212103],[-118.96988085,51.82420088],[-118.9605392,51.82021581],[-118.96420432,51.8125155],[-118.95941627,51.81064089],[-118.96017051,51.80589223],[-118.94830435,51.79947565],[-118.94550788,51.79141538],[-118.92384756,51.79639376],[-118.91050372,51.78646804],[-118.89401745,51.78642025],[-118.88660782,51.77973199],[-118.89717076,51.7682813],[-118.89742776,51.76248139],[-118.89266809,51.75706789],[-118.8922066,51.744113],[-118.88765682,51.74106134],[-118.88796566,51.73359668],[-118.92043868,51.71562066],[-118.91609997,51.70796251],[-118.91876753,51.70180387],[-118.92737913,51.69742741],[-118.92394925,51.6816864],[-118.90972416,51.67223806],[-118.90347704,51.6555985],[-118.8954892,51.65281047],[-118.88710269,51.64476422],[-118.85732845,51.64427365],[-118.84168046,51.63481001],[-118.82214857,51.63498444],[-118.81621806,51.62411865],[-118.81960924,51.61250759],[-118.81460313,51.60527335],[-118.81666927,51.58921148],[-118.8278619,51.58649318],[-118.82874162,51.55065847],[-118.8449335,51.52664021],[-118.82943659,51.52525243],[-118.81669845,51.52790435],[-118.81398485,51.52469977],[-118.79970511,51.52262942],[-118.79121901,51.52654071],[-118.78745508,51.5345897],[-118.77953037,51.53733895],[-118.7653199,51.52051248],[-118.74130323,51.52883098],[-118.72476689,51.52068818],[-118.71754851,51.51225433],[-118.69306875,51.50356568],[-118.69369245,51.49959021],[-118.71696752,51.49184333],[-118.71190857,51.47682086],[-118.69011889,51.47049446],[-118.6868776,51.46544154],[-118.67001715,51.45874136],[-118.63485973,51.46501591],[-118.63006195,51.4610215],[-118.63380174,51.44489484],[-118.61446099,51.44026634],[-118.61117784,51.43384499],[-118.61393583,51.43107857],[-118.60933986,51.42742308],[-118.61387367,51.42447878],[-118.60741379,51.4214206],[-118.6205154,51.41252783],[-118.59890934,51.40255276],[-118.59571896,51.39645854],[-118.58037358,51.39079899],[-118.5920309,51.38161779],[-118.59325255,51.37247809],[-118.61927931,51.36627061],[-118.61355512,51.35961853],[-118.61551249,51.35588715],[-118.61053499,51.33909856],[-118.61430039,51.33654651],[-118.61556825,51.33019894],[-118.60221541,51.323646],[-118.59959357,51.31033563],[-118.58677046,51.29888676],[-118.56045967,51.29837824],[-118.55120819,51.29180516],[-118.55401828,51.28883989],[-118.54979297,51.28157595],[-118.55173334,51.27444221],[-118.55965669,51.26480369],[-118.57765662,51.25285407],[-118.57274035,51.24389899],[-118.57619436,51.239338],[-118.5466094,51.21666522],[-118.54417568,51.21189506],[-118.54548412,51.20833466],[-118.55481352,51.20412928],[-118.56680124,51.20317372],[-118.56555689,51.19391425],[-118.54030732,51.17848781],[-118.50243939,51.17839689],[-118.47082499,51.17105964],[-118.475024,51.16192823],[-118.47340493,51.15483096],[-118.48839823,51.15063894],[-118.49227643,51.14670479],[-118.49035572,51.13600942],[-118.47454651,51.12603435],[-118.47883754,51.11869099],[-118.47596293,51.11330891],[-118.48204717,51.10837166],[-118.48155009,51.10198348],[-118.4748815,51.09686795],[-118.47641821,51.09342577],[-118.46406104,51.08955556],[-118.46353968,51.07977751],[-118.46018857,51.07627174],[-118.44499487,51.0751295],[-118.44015621,51.07017451],[-118.43245024,51.0728415],[-118.42833327,51.06578308],[-118.42169529,51.06233838],[-118.42405424,51.05561425],[-118.43538121,51.05528676],[-118.43660712,51.04730925],[-118.42794452,51.03821267],[-118.43492733,51.03356605],[-118.41947634,51.02239007],[-118.42536981,51.015153],[-118.42173032,51.01135376],[-118.42693683,51.00594691],[-118.42206377,50.99838006],[-118.40607428,50.99810528],[-118.39446655,51.00404658],[-118.38244511,50.99658798],[-118.35849731,50.96869196],[-118.35267796,50.96868],[-118.3526559,50.95430561],[-118.33375088,50.94832699],[-118.32593017,50.93433769],[-118.32032511,50.93186506],[-118.32622671,50.92709936],[-118.32372255,50.91823972],[-118.31533048,50.90816606],[-118.31497194,50.90517558],[-118.32022854,50.90155944],[-118.31518532,50.89634524],[-118.31458835,50.88834381],[-118.28578791,50.89004138],[-118.28084563,50.89598204],[-118.27426999,50.89671884],[-118.26372649,50.88629411],[-118.28365769,50.87895721],[-118.29504152,50.86940203],[-118.29589211,50.86483635],[-118.2868928,50.84854352],[-118.27795641,50.84742345],[-118.26969923,50.84086556],[-118.27560034,50.82832458],[-118.26976725,50.82696837],[-118.2602387,50.81840964],[-118.26896938,50.81371849],[-118.26915243,50.81015948],[-118.26234836,50.79935723],[-118.25557143,50.79753798],[-118.26155662,50.79441241],[-118.25857066,50.79279492],[-118.25858629,50.78420772],[-118.25331593,50.78230758],[-118.24902111,50.77513207],[-118.24948968,50.76835447],[-118.23399756,50.76383868],[-118.22765601,50.75818118],[-118.23578694,50.75019569],[-118.22778974,50.74346688],[-118.20653505,50.73846811],[-118.21103789,50.72990472],[-118.20791094,50.71848901],[-118.20998696,50.71329639],[-118.20219058,50.698835],[-118.20850947,50.6896844],[-118.16514733,50.68185586],[-118.13091484,50.68465175],[-118.1144745,50.68144595],[-118.08303337,50.68913872],[-118.0760569,50.67847692],[-118.06040234,50.66829271],[-118.03267155,50.65968025],[-118.02409202,50.65128129],[-118.00702304,50.64614946],[-117.99324937,50.63333992],[-117.9635817,50.62566223],[-117.94395097,50.6154314],[-117.92368615,50.61519497],[-117.91683041,50.61782595],[-117.91131044,50.62401942],[-117.90801794,50.63624183],[-117.90974108,50.6706744],[-117.90058073,50.67934934],[-117.87461083,50.688902],[-117.87282471,50.70207904],[-117.86403344,50.71093064],[-117.86915861,50.72047578],[-117.88975175,50.72850472],[-117.89928838,50.74411719],[-117.89031307,50.75690372],[-117.89289849,50.76465833],[-117.88057242,50.7755937],[-117.88241877,50.78865244],[-117.8769127,50.79048696],[-117.87425521,50.79656419],[-117.8566729,50.79844357],[-117.84141948,50.80658364],[-117.81011045,50.80019119],[-117.80063236,50.80172792],[-117.79495084,50.80766901],[-117.79518086,50.81496249],[-117.77792605,50.82392927],[-117.75646196,50.83012309],[-117.75214256,50.83477691],[-117.74926182,50.85271455],[-117.75458059,50.87251442],[-117.73426592,50.88724099],[-117.7264372,50.90300919],[-117.71241121,50.90704228],[-117.70822287,50.91250203],[-117.68928141,50.92134489],[-117.68616305,50.93836291],[-117.68034039,50.94561388],[-117.68084915,50.95393561],[-117.71646203,50.95779392],[-117.73014592,50.9754628],[-117.77077154,50.98937547],[-117.77883344,50.99691958],[-117.75478349,51.02014405],[-117.72288416,51.02322685],[-117.70810012,51.03193471],[-117.70363452,51.05771944],[-117.6994563,51.06532589],[-117.71200017,51.07503538],[-117.71419422,51.08014497],[-117.71131632,51.08710588],[-117.69518717,51.10174438],[-117.66820554,51.11223585],[-117.66671063,51.12226695],[-117.67725654,51.14160232],[-117.67439039,51.15054214],[-117.66656439,51.15441413],[-117.64038846,51.15939526],[-117.62638992,51.15835255],[-117.6134097,51.1623319],[-117.60239093,51.16843547],[-117.5965954,51.18853546],[-117.58597915,51.20283169],[-117.57111275,51.20650898],[-117.53309475,51.21009094],[-117.4813487,51.20990802],[-117.38569799,51.20019796]]]}},{"type":"Feature","properties":{"name":"Vancouver"},"geometry":{"type":"Polygon","coordinates":[[[-122.76813563,49.93187901],[-122.76930975,49.94373533],[-122.7563975,49.94494765],[-122.73744487,49.95314952],[-122.71445694,49.94933466],[-122.70762524,49.96063712],[-122.69104287,49.96994422],[-122.68894968,49.97756532],[-122.67560869,49.98173806],[-122.68479654,49.9934017],[-122.68687465,50.00140558],[-122.68103049,50.00963583],[-122.67959987,50.02335718],[-122.70446022,50.02093756],[-122.7206083,50.02438929],[-122.74521633,50.01649744],[-122.7474289,50.02074845],[-122.76268802,50.02397014],[-122.76447985,50.03375648],[-122.79147321,50.04109807],[-122.79569988,50.038376],[-122.78877371,50.0329041],[-122.80030551,50.02520147],[-122.80075795,50.01699033],[-122.81321331,50.01224427],[-122.82075385,50.01538656],[-122.84068283,50.00961116],[-122.84832001,50.01877308],[-122.85739936,50.0156502],[-122.87033738,50.01933759],[-122.87270429,50.02313736],[-122.86920275,50.02723953],[-122.87579096,50.03139564],[-122.89265476,50.02820759],[-122.903054,50.03426554],[-122.93421887,50.04252579],[-122.9521104,50.0538085],[-122.94644136,50.05721496],[-122.94479298,50.06816424],[-122.9590126,50.0869478],[-122.96435537,50.0866129],[-122.96784335,50.09280726],[-122.97953035,50.09361016],[-122.98888566,50.10386277],[-123.00496242,50.11178444],[-123.00736111,50.11749539],[-123.01775647,50.12526529],[-123.03128109,50.12577087],[-123.0351516,50.12263293],[-123.04695459,50.12522752],[-123.05431102,50.11892951],[-123.06829014,50.12245327],[-123.07280797,50.12954477],[-123.07503457,50.14854827],[-123.07964138,50.15788045],[-123.07792638,50.16611484],[-123.08359612,50.16932371],[-123.07481309,50.16942378],[-123.05674792,50.17594459],[-123.05357267,50.17963363],[-123.05803053,50.19370662],[-123.07226365,50.19259272],[-123.08470701,50.18686431],[-123.10450615,50.19007695],[-123.11169335,50.19553804],[-123.11317454,50.19944549],[-123.1108873,50.20129209],[-123.12093759,50.20341137],[-123.12665543,50.19919599],[-123.12639217,50.20731371],[-123.14088778,50.21597787],[-123.16522662,50.20083402],[-123.17994632,50.21370225],[-123.17754371,50.22408907],[-123.18340212,50.23083876],[-123.20155345,50.22591602],[-123.21033784,50.23676455],[-123.23206009,50.22797168],[-123.23465056,50.21657234],[-123.23908872,50.21808329],[-123.24580364,50.22850667],[-123.25958187,50.22707776],[-123.27445704,50.23057733],[-123.2730865,50.23540661],[-123.26703685,50.23859108],[-123.2684323,50.24329141],[-123.27904564,50.24763293],[-123.29995751,50.27478232],[-123.31590927,50.27974035],[-123.30403966,50.28426579],[-123.30407403,50.29053346],[-123.29646955,50.29358596],[-123.29247766,50.30281732],[-123.2937243,50.30937876],[-123.29978926,50.3155194],[-123.29934423,50.32021145],[-123.28114773,50.32401606],[-123.28133538,50.32683107],[-123.30275535,50.34125647],[-123.29547044,50.34770028],[-123.28390227,50.35132329],[-123.28516773,50.35572659],[-123.29869847,50.36389372],[-123.31217326,50.36222249],[-123.32443839,50.36867335],[-123.32792065,50.37984292],[-123.33264943,50.38408384],[-123.35153777,50.38183379],[-123.36104205,50.3849702],[-123.36411182,50.39252418],[-123.36286085,50.40147692],[-123.36813266,50.41156868],[-123.38601034,50.40507143],[-123.41998765,50.40589801],[-123.42503911,50.41322846],[-123.42080661,50.42463866],[-123.42945486,50.4297151],[-123.43049774,50.44345324],[-123.42579555,50.44997298],[-123.44865776,50.45143394],[-123.46253187,50.46447539],[-123.4754187,50.46477435],[-123.48821379,50.47210495],[-123.49543731,50.4701138],[-123.50459262,50.47270083],[-123.51383984,50.48768073],[-123.52747674,50.48644901],[-123.53672759,50.4932866],[-123.54188219,50.49232368],[-123.54441783,50.49453236],[-123.54037429,50.50173273],[-123.55234714,50.50541678],[-123.55097709,50.50836002],[-123.55327217,50.50894717],[-123.54955064,50.51000069],[-123.55309425,50.51222457],[-123.55078369,50.51646465],[-123.5555928,50.51732738],[-123.55718232,50.52192298],[-123.56933654,50.52429813],[-123.57209184,50.53106913],[-123.58136225,50.53004304],[-123.59854584,50.5348525],[-123.60549283,50.52789281],[-123.63793304,50.52412598],[-123.65861503,50.53215056],[-123.68299839,50.53023442],[-123.69465676,50.53773324],[-123.71803385,50.53943071],[-123.72782077,50.53637943],[-123.74748231,50.54736155],[-123.74843521,50.55401055],[-123.74214141,50.57388133],[-123.74702361,50.57830595],[-123.74500145,50.58174573],[-123.75605743,50.5857392],[-123.75656083,50.59641103],[-123.77629854,50.60716286],[-123.758467,50.61288796],[-123.75962067,50.62039416],[-123.7482766,50.62194221],[-123.75498166,50.63619846],[-123.75042692,50.64230249],[-123.75243617,50.64595887],[-123.74118169,50.65248948],[-123.74569612,50.65531139],[-123.74601866,50.66313309],[-123.7377654,50.67362673],[-123.73692553,50.68481069],[-123.72870617,50.69517781],[-123.73412383,50.70547707],[-123.74612034,50.71348694],[-123.78022837,50.72270662],[-123.78921928,50.72145948],[-123.7916454,50.7158487],[-123.80089978,50.71696374],[-123.80469543,50.71193738],[-123.8158465,50.71539411],[-123.86110001,50.70986178],[-123.87080874,50.71693941],[-123.88839701,50.71964976],[-123.91023772,50.73524608],[-123.92095917,50.73850757],[-123.9218414,50.74223294],[-123.9148774,50.74984285],[-123.91881948,50.75473556],[-123.91750153,50.75775495],[-123.8972251,50.75838449],[-123.88292038,50.75525634],[-123.86403244,50.76151901],[-123.85042964,50.76064324],[-123.84426447,50.76405599],[-123.83200464,50.78010815],[-123.82302081,50.77942532],[-123.82261706,50.78448213],[-123.8141267,50.79054594],[-123.80652935,50.79406117],[-123.79766567,50.792292],[-123.79000021,50.79693813],[-123.79892053,50.80139632],[-123.8090523,50.8165114],[-123.83386209,50.82375255],[-123.82804291,50.83439696],[-123.81179008,50.83513007],[-123.80467319,50.83065247],[-123.78320265,50.83142724],[-123.76305372,50.83940265],[-123.74390485,50.84132493],[-123.72519522,50.83894371],[-123.71838838,50.84787511],[-123.70918713,50.84678925],[-123.70125159,50.84968346],[-123.67385221,50.87508343],[-123.68091376,50.87959337],[-123.69883059,50.88125434],[-123.69783462,50.89102226],[-123.70081969,50.8959726],[-123.7133431,50.89614],[-123.73308789,50.8841606],[-123.7551544,50.8869605],[-123.7662451,50.88523793],[-123.77043625,50.89136715],[-123.76428511,50.90513982],[-123.78492235,50.90918874],[-123.79501072,50.91494792],[-123.8044464,50.91165934],[-123.80970529,50.91305257],[-123.83168366,50.90056038],[-123.82759135,50.91156478],[-123.83942978,50.92365681],[-123.84212562,50.934514],[-123.85865905,50.93297715],[-123.86812727,50.93867649],[-123.87602321,50.93947642],[-123.87863021,50.94446582],[-123.87636068,50.94750442],[-123.87890938,50.94878453],[-123.89202992,50.94672448],[-123.89926916,50.93850794],[-123.90680297,50.94251909],[-123.92162679,50.94220948],[-123.92765495,50.93436067],[-123.93563988,50.93435567],[-123.93827061,50.93692457],[-123.932262,50.94323186],[-123.93671903,50.94872211],[-123.95545873,50.95605255],[-123.96012671,50.96266905],[-123.96807888,50.96564302],[-123.98453917,50.9593587],[-123.99495034,50.96353989],[-124.00154293,50.95722024],[-124.00968279,50.95706332],[-124.01302101,50.94963308],[-124.02523364,50.94362865],[-124.02922153,50.93692968],[-124.04669998,50.9413519],[-124.0554047,50.93674128],[-124.0689198,50.93716384],[-124.06563791,50.94262873],[-124.07598698,50.95113689],[-124.08195655,50.95236755],[-124.06871434,50.96203439],[-124.06631716,50.97405293],[-124.07030714,50.97484355],[-124.07156024,50.98369924],[-124.09196524,50.98303479],[-124.09140384,50.99398314],[-124.08474763,50.99689596],[-124.08211982,51.00223011],[-124.08828041,51.01018699],[-124.10011239,51.01413215],[-124.1070687,51.00238691],[-124.13006494,50.99306391],[-124.12694635,51.00270136],[-124.11604431,51.01199797],[-124.12580001,51.02079871],[-124.13367884,51.02125311],[-124.13984495,51.03209242],[-124.14874114,51.03091825],[-124.15294491,51.03888489],[-124.147339,51.04484831],[-124.14849169,51.04756189],[-124.17250692,51.05498224],[-124.17514965,51.05950144],[-124.2106379,51.05086659],[-124.23144159,51.05569077],[-124.227616,51.0644674],[-124.23590126,51.06763105],[-124.23153894,51.0751228],[-124.2147137,51.07324848],[-124.19950162,51.07788437],[-124.19009467,51.07442722],[-124.17761939,51.08146912],[-124.17289223,51.09234832],[-124.17794604,51.11536016],[-124.16985319,51.12863405],[-124.17243272,51.13052826],[-124.19013076,51.12815534],[-124.19678597,51.1399401],[-124.2047898,51.14084689],[-124.20676249,51.137621],[-124.21441722,51.13710538],[-124.22690337,51.14320731],[-124.22995453,51.14816155],[-124.24122117,51.15048867],[-124.2491761,51.14902789],[-124.24779495,51.1417719],[-124.27424324,51.14349706],[-124.30547305,51.13144373],[-124.31379556,51.13140909],[-124.31492877,51.13906349],[-124.32612624,51.14151804],[-124.33403653,51.15013798],[-124.37632898,51.14513352],[-124.38223412,51.15264452],[-124.37650568,51.15649838],[-124.37997258,51.16073805],[-124.37510735,51.16884396],[-124.38054914,51.17358229],[-124.37619602,51.17798114],[-124.37566959,51.18517441],[-124.39500565,51.18361849],[-124.39441304,51.19123848],[-124.40401406,51.19454502],[-124.42439858,51.19208908],[-124.43663745,51.19724237],[-124.4500418,51.19716055],[-124.4654736,51.20142052],[-124.4875663,51.19853753],[-124.51099542,51.20179355],[-124.52461531,51.19983687],[-124.52887319,51.19560305],[-124.56535054,51.19918761],[-124.58034002,51.19461855],[-124.61524192,51.21084119],[-124.64581885,51.21518448],[-124.66268615,51.2261763],[-124.67408783,51.22583925],[-124.68607286,51.21820696],[-124.70155856,51.23317897],[-124.70967095,51.23309342],[-124.72463545,51.2415875],[-124.75763732,51.24757266],[-124.76216218,51.25200709],[-124.75974443,51.26452606],[-124.77262646,51.27703789],[-124.77200096,51.2975228],[-124.80668468,51.30534807],[-124.81241199,51.30872667],[-124.81312578,51.31464314],[-124.82471023,51.31930943],[-124.82878532,51.31921529],[-124.83259085,51.31280025],[-124.83968229,51.30987292],[-124.86239791,51.31022683],[-124.86816334,51.30114427],[-124.87753383,51.29777892],[-124.88305772,51.29808101],[-124.88250708,51.30425106],[-124.88564734,51.30693095],[-124.9017704,51.30414889],[-124.91204477,51.31475174],[-124.93645858,51.3200867],[-124.95616927,51.31150031],[-124.95665279,51.30378587],[-124.9637536,51.30272104],[-124.96405901,51.2993354],[-124.98467676,51.29312123],[-125.0448428,51.29185614],[-125.05793982,51.29535485],[-125.07560885,51.30707839],[-125.09534383,51.30752616],[-125.13246493,51.32252496],[-125.14136135,51.32138703],[-125.14029234,51.31679784],[-125.14495478,51.31514545],[-125.15381711,51.31569397],[-125.18219715,51.32482382],[-125.20286472,51.32721422],[-125.2024043,51.32336776],[-125.20774016,51.31680551],[-125.22118432,51.30753018],[-125.22008849,51.30085551],[-125.23994801,51.29614241],[-125.24530917,51.29125938],[-125.26508582,51.28797821],[-125.27462492,51.28146624],[-125.29060679,51.28285857],[-125.29419442,51.27906067],[-125.28956993,51.26652758],[-125.30939867,51.26380962],[-125.31732404,51.25566199],[-125.33013421,51.25254322],[-125.33834969,51.23927975],[-125.33449145,51.23124803],[-125.32293436,51.22332399],[-125.3309619,51.21595119],[-125.33949436,51.21556485],[-125.32870482,51.20760869],[-125.3328179,51.20212629],[-125.32560706,51.19814163],[-125.30615843,51.19836387],[-125.30196208,51.19199285],[-125.29487174,51.19033333],[-125.29583343,51.17869367],[-125.28160012,51.16921732],[-125.26672491,51.16604325],[-125.25976459,51.16012992],[-125.26623103,51.15597535],[-125.28044785,51.15717404],[-125.29374831,51.14933187],[-125.29501133,51.1431194],[-125.28396918,51.13461062],[-125.28390839,51.12739874],[-125.28481168,51.11748305],[-125.29590845,51.10253816],[-125.28269757,51.0965271],[-125.27844306,51.09106991],[-125.25573665,51.08811513],[-125.25459728,51.07424498],[-125.2453081,51.06689142],[-125.22941308,51.06091354],[-125.25064339,51.05126486],[-125.25871249,51.05552962],[-125.28116337,51.04687208],[-125.28794829,51.04920832],[-125.32120039,51.04563291],[-125.32680272,51.04120885],[-125.32260061,51.03851674],[-125.32343333,51.02932957],[-125.31145669,51.02171574],[-125.308027,51.00736086],[-125.28253614,51.01007519],[-125.27335142,51.00199274],[-125.27688513,50.9951605],[-125.27218933,50.99586318],[-125.25526807,50.98572674],[-125.25057876,50.97017677],[-125.2550469,50.96013795],[-125.2314168,50.95582699],[-125.20598453,50.96258012],[-125.19883115,50.95832257],[-125.198142,50.94751473],[-125.1952135,50.94481758],[-125.20622325,50.94275634],[-125.21134006,50.93479856],[-125.22531741,50.93386256],[-125.22728526,50.9234232],[-125.24458853,50.92741617],[-125.2504222,50.92182216],[-125.25018128,50.90903923],[-125.23518106,50.9039098],[-125.23114533,50.89241071],[-125.24931867,50.87970158],[-125.24255596,50.87265358],[-125.23198851,50.86994287],[-125.22795345,50.87077567],[-125.22360487,50.87778017],[-125.20033275,50.87900978],[-125.18103772,50.87560917],[-125.17837895,50.87344206],[-125.17941808,50.86476921],[-125.1897272,50.85246388],[-125.19118844,50.84161631],[-125.16112786,50.84260211],[-125.15058515,50.8240573],[-125.16218568,50.81760816],[-125.16322546,50.81137294],[-125.17050764,50.80771086],[-125.18662788,50.80178317],[-125.21251891,50.79944051],[-125.21665373,50.79123467],[-125.22217878,50.78788136],[-125.22493449,50.77668512],[-125.23654759,50.773139],[-125.24876606,50.76278096],[-125.27614226,50.74734119],[-125.27929247,50.73596497],[-125.29406652,50.72968951],[-125.29223616,50.7244096],[-125.29629177,50.71513641],[-125.28758925,50.70921826],[-125.29787027,50.70368705],[-125.30363287,50.694318],[-125.33528442,50.68737399],[-125.33499892,50.6815507],[-125.32957245,50.67553828],[-125.33941152,50.66933737],[-125.36460987,50.67268736],[-125.352538,50.66355501],[-125.36478854,50.65454615],[-125.36274201,50.64836345],[-125.37666071,50.6444097],[-125.37756052,50.63760469],[-125.38214879,50.6347364],[-125.40242261,50.63179197],[-125.41700899,50.62237301],[-125.42097717,50.61380868],[-125.43427896,50.61204714],[-125.43754487,50.60695529],[-125.44965604,50.60032397],[-125.44148255,50.59017415],[-125.45150021,50.58412045],[-125.45158143,50.5812235],[-125.44660772,50.57897028],[-125.44502517,50.57125571],[-125.42862371,50.56613707],[-125.43680004,50.56418706],[-125.42917751,50.5606101],[-125.42311421,50.55066684],[-125.43253806,50.54439364],[-125.44357027,50.54246662],[-125.41965996,50.52837229],[-125.42800287,50.51904167],[-125.42357424,50.51292149],[-125.40907102,50.5068322],[-125.40348437,50.49678244],[-125.39869252,50.49551443],[-125.40492849,50.48585927],[-125.40318593,50.47997024],[-125.30525527,50.45020021],[-125.28087032,50.44894582],[-125.25229538,50.44069898],[-125.1956301,50.39882038],[-125.17058218,50.38837885],[-125.15201242,50.38721272],[-125.15195691,50.36963774],[-125.14780389,50.36073193],[-125.1035653,50.33573279],[-125.06874657,50.30458234],[-124.9935678,50.24880033],[-124.95690162,50.21049242],[-124.91827158,50.17984326],[-124.89757596,50.15892701],[-124.88475714,50.14301708],[-124.88166838,50.11882118],[-124.88472481,50.10681877],[-124.88284114,50.09604833],[-124.86130052,50.03753112],[-124.85895861,50.02093423],[-124.84631732,50.00006215],[-124.85405927,49.98187705],[-124.87350051,49.95950005],[-124.91893573,49.94286262],[-124.9237703,49.93405787],[-124.92133663,49.92437447],[-124.87776721,49.90284374],[-124.84708275,49.87356316],[-124.80156127,49.79994449],[-124.77190555,49.75960879],[-124.73361974,49.71823498],[-124.68604794,49.6749509],[-124.50441965,49.55019022],[-124.36189533,49.55030946],[-124.31694123,49.54278825],[-124.26946382,49.52913364],[-124.22048531,49.52020684],[-124.18857046,49.50656962],[-124.15850597,49.48462973],[-124.14064009,49.46679013],[-124.12139642,49.43879641],[-124.04472442,49.43854291],[-124.03818387,49.39791661],[-124.03996212,49.36468131],[-123.91566163,49.34986522],[-123.8553395,49.33949691],[-123.69127983,49.30035013],[-123.64095337,49.28360304],[-123.58298601,49.25943407],[-123.56112188,49.24870302],[-123.53113497,49.22363278],[-123.1730422,49.2153516],[-123.15770606,49.21065069],[-123.1475675,49.20251998],[-123.1329223,49.19876142],[-123.11429942,49.20464015],[-123.07631196,49.20837939],[-123.02289721,49.19986997],[-123.02331599,49.27622125],[-122.90498818,49.27515013],[-122.90476389,49.27045454],[-122.89387697,49.27032809],[-122.89359562,49.26545004],[-122.84644627,49.26336643],[-122.82376437,49.28865553],[-122.8157308,49.30821576],[-122.81895039,49.31601052],[-122.80704824,49.33417135],[-122.80930406,49.33905477],[-122.82356728,49.34693033],[-122.83011351,49.36588804],[-122.82638644,49.37615935],[-122.83169727,49.38029151],[-122.83214012,49.38923775],[-122.82229623,49.40349802],[-122.82841684,49.41018145],[-122.8329922,49.42764737],[-122.81360264,49.44140249],[-122.80858434,49.44887918],[-122.81561639,49.45480914],[-122.80845242,49.46077009],[-122.81031433,49.46927342],[-122.81498312,49.47494334],[-122.82018661,49.475599],[-122.81040267,49.49064175],[-122.8115474,49.49513197],[-122.80817108,49.50082012],[-122.817729,49.50501364],[-122.83842049,49.49817249],[-122.84115264,49.50302005],[-122.83477908,49.51720475],[-122.8188778,49.51509293],[-122.79166243,49.52923085],[-122.78879454,49.53677436],[-122.79978548,49.54171444],[-122.77781509,49.56684603],[-122.78385299,49.57451211],[-122.79632606,49.57286172],[-122.80199114,49.56849539],[-122.81184739,49.57224576],[-122.81493872,49.57964894],[-122.83144117,49.59194314],[-122.82556274,49.59641803],[-122.8443091,49.60647319],[-122.84924071,49.60608999],[-122.84750975,49.61430883],[-122.82076657,49.61223328],[-122.8038089,49.6227971],[-122.80491193,49.62605585],[-122.81920254,49.6286246],[-122.81378259,49.6345928],[-122.82359012,49.63931597],[-122.82133676,49.64638865],[-122.8278096,49.65658917],[-122.84493298,49.66028862],[-122.85384615,49.66734305],[-122.84069252,49.67913555],[-122.81192185,49.69072812],[-122.81560536,49.69715619],[-122.80972898,49.70023621],[-122.8063719,49.70839278],[-122.82651044,49.71790518],[-122.82957116,49.72793456],[-122.83576186,49.7331334],[-122.85422195,49.74134769],[-122.84514517,49.74688548],[-122.85964406,49.75918235],[-122.85979471,49.76653983],[-122.85137034,49.77533479],[-122.85878488,49.77861807],[-122.86635194,49.77551937],[-122.87439834,49.77922984],[-122.87472531,49.78607502],[-122.87931392,49.78725776],[-122.88575438,49.79674995],[-122.887562,49.80044825],[-122.8804866,49.80394443],[-122.86883146,49.81960907],[-122.8788271,49.82677034],[-122.9018959,49.82289332],[-122.91649058,49.83137382],[-122.93639092,49.83032042],[-122.95840936,49.83358651],[-122.98424433,49.8512575],[-123.00475666,49.85165911],[-122.97818844,49.87864087],[-122.96682609,49.88518582],[-122.96386588,49.8986494],[-122.95214029,49.90144667],[-122.9488333,49.90823168],[-122.94053719,49.90954543],[-122.93162517,49.9157958],[-122.91174584,49.91034111],[-122.90450359,49.90515],[-122.90030629,49.89732141],[-122.88406502,49.89309148],[-122.86516575,49.90443547],[-122.8542991,49.92383302],[-122.83997918,49.91735916],[-122.80813452,49.91680266],[-122.80221668,49.91896798],[-122.79137488,49.93670781],[-122.77633596,49.92922348],[-122.76813563,49.93187901]]]}},{"type":"Feature","properties":{"name":"Vernon"},"geometry":{"type":"Polygon","coordinates":[[[-118.80157838,50.02580308],[-118.79114361,50.02865183],[-118.78693645,50.03594439],[-118.78782628,50.04261455],[-118.76896805,50.05415481],[-118.75419186,50.05184352],[-118.75038592,50.04710651],[-118.7424237,50.04517631],[-118.73913826,50.05169202],[-118.72918575,50.05317111],[-118.73334564,50.05828543],[-118.72400156,50.05766544],[-118.71987282,50.05341415],[-118.71106837,50.05511253],[-118.71394671,50.06214314],[-118.70818052,50.06959974],[-118.70785409,50.07682269],[-118.69848659,50.08390991],[-118.6990362,50.0905026],[-118.68680736,50.0884745],[-118.66979816,50.09414879],[-118.65395595,50.0904836],[-118.64992101,50.09540896],[-118.63081138,50.08925213],[-118.61720262,50.08969477],[-118.59397692,50.10575801],[-118.58311866,50.10431257],[-118.57417201,50.09833135],[-118.56974877,50.10421557],[-118.55317041,50.1109333],[-118.53545875,50.10904314],[-118.52736703,50.11335487],[-118.52294837,50.11139393],[-118.52259159,50.10566001],[-118.50532231,50.09924731],[-118.48942618,50.11438494],[-118.4798246,50.11764264],[-118.47884563,50.12275939],[-118.44190656,50.13560502],[-118.40811345,50.13553619],[-118.39859248,50.1473976],[-118.37698631,50.15586767],[-118.37569334,50.1641125],[-118.36295461,50.16424787],[-118.35597695,50.16758963],[-118.34073611,50.16404876],[-118.33865812,50.1598945],[-118.34078796,50.15603208],[-118.33192619,50.1560713],[-118.32068159,50.14317896],[-118.30626504,50.14107978],[-118.30481031,50.13738127],[-118.29648212,50.13467317],[-118.28087293,50.14491103],[-118.27703986,50.15076765],[-118.27873604,50.15624966],[-118.25404208,50.1682566],[-118.26169073,50.18221465],[-118.25300199,50.19054737],[-118.24281447,50.19381403],[-118.24021581,50.19723677],[-118.24230945,50.20071443],[-118.23718047,50.20822192],[-118.24909162,50.21708617],[-118.24918921,50.22227468],[-118.25711773,50.22357866],[-118.26067353,50.2280334],[-118.26665983,50.24406759],[-118.26397504,50.24822439],[-118.27106917,50.25123814],[-118.26971353,50.25980107],[-118.27315922,50.2613235],[-118.27569829,50.28076587],[-118.26713541,50.29644022],[-118.25585003,50.29655823],[-118.24893117,50.30161656],[-118.25739832,50.30570743],[-118.26674553,50.31666522],[-118.26354046,50.32384057],[-118.26589541,50.32718755],[-118.25800032,50.33592588],[-118.28023234,50.34048556],[-118.29892891,50.33776849],[-118.30574491,50.34023762],[-118.29928696,50.35097472],[-118.30029282,50.35668573],[-118.29191131,50.36928142],[-118.29200306,50.37359296],[-118.29879873,50.38106285],[-118.28057948,50.39350257],[-118.25418879,50.39899331],[-118.27632216,50.40387373],[-118.27085311,50.41295092],[-118.27201246,50.42321887],[-118.26895661,50.42703322],[-118.27111761,50.4369129],[-118.23396558,50.43500254],[-118.20801943,50.4397266],[-118.21023859,50.44681502],[-118.20118398,50.45268306],[-118.20560527,50.46267433],[-118.22039882,50.47109979],[-118.22064853,50.47596535],[-118.21190589,50.48063201],[-118.19212986,50.47664568],[-118.18635248,50.48769968],[-118.17228498,50.49588983],[-118.18673337,50.50068165],[-118.19603987,50.50841736],[-118.20928369,50.51187338],[-118.21129898,50.51591333],[-118.20514187,50.52191703],[-118.20333846,50.53095291],[-118.21605675,50.53874872],[-118.20415262,50.55160721],[-118.1899679,50.54937046],[-118.18173262,50.55207254],[-118.18062091,50.5599587],[-118.17529818,50.56180211],[-118.17002248,50.56958961],[-118.17644214,50.57434548],[-118.1775625,50.58003151],[-118.16181908,50.58944845],[-118.16887833,50.59459374],[-118.16920212,50.60643259],[-118.16319141,50.61117834],[-118.16727867,50.61813695],[-118.17133685,50.61721045],[-118.17944741,50.62296534],[-118.18170599,50.63531378],[-118.19570618,50.63418056],[-118.20270714,50.63923044],[-118.19994219,50.64616602],[-118.20630736,50.65560605],[-118.1724978,50.66553834],[-118.17950667,50.67148409],[-118.20074875,50.67395152],[-118.21497202,50.68119709],[-118.20225326,50.69824068],[-118.20998696,50.71329639],[-118.20791094,50.71848901],[-118.21103789,50.72990472],[-118.20653505,50.73846811],[-118.22778974,50.74346688],[-118.23578694,50.75019569],[-118.22765601,50.75818118],[-118.23399756,50.76383868],[-118.24948968,50.76835447],[-118.24902111,50.77513207],[-118.25331593,50.78230758],[-118.25858629,50.78420772],[-118.25857066,50.79279492],[-118.26155662,50.79441241],[-118.25557143,50.79753798],[-118.26234836,50.79935723],[-118.26915243,50.81015948],[-118.26896938,50.81371849],[-118.2602387,50.81840964],[-118.26976725,50.82696837],[-118.27560034,50.82832458],[-118.26969923,50.84086556],[-118.27795641,50.84742345],[-118.2868928,50.84854352],[-118.29589211,50.86483635],[-118.29504152,50.86940203],[-118.28365769,50.87895721],[-118.26372649,50.88629411],[-118.27426999,50.89671884],[-118.28084563,50.89598204],[-118.28578791,50.89004138],[-118.31854478,50.88810558],[-118.32656561,50.88236332],[-118.33678714,50.88240912],[-118.34840475,50.88776468],[-118.35632268,50.88268027],[-118.37336276,50.88920793],[-118.38778502,50.88474271],[-118.41523661,50.8846169],[-118.45626036,50.89946874],[-118.47155786,50.90042708],[-118.47850584,50.89543721],[-118.48339029,50.89658042],[-118.54115849,50.93834712],[-118.54377253,50.93309038],[-118.5533042,50.9341002],[-118.57341721,50.92789829],[-118.58073615,50.92933732],[-118.58215016,50.92361544],[-118.59006943,50.92090963],[-118.60019089,50.92647166],[-118.61957134,50.92399233],[-118.61892367,50.91436051],[-118.61089557,50.90803383],[-118.61154642,50.90340183],[-118.61823635,50.89734436],[-118.61815684,50.89097555],[-118.62613935,50.88778307],[-118.62708186,50.88066512],[-118.64061752,50.86250723],[-118.6266784,50.85497445],[-118.63291299,50.84899917],[-118.65291732,50.8526461],[-118.6681341,50.84713356],[-118.67129745,50.84017933],[-118.66484526,50.83336426],[-118.66391014,50.8234419],[-118.67055001,50.81611401],[-118.70211913,50.81172685],[-118.71313036,50.81538294],[-118.71871496,50.81336848],[-118.72264326,50.81747908],[-118.72269998,50.82509582],[-118.75382702,50.82363163],[-118.77670078,50.82665751],[-118.78111027,50.82388517],[-118.78547933,50.81183595],[-118.78438534,50.80628731],[-118.81056768,50.79625985],[-118.81355399,50.78541109],[-118.83004057,50.77707688],[-118.82915199,50.76926521],[-118.83217483,50.76636816],[-118.85137136,50.76649993],[-118.8623282,50.75644523],[-118.87827704,50.75644071],[-118.88707371,50.76184982],[-118.895676,50.76069417],[-118.90848879,50.77483823],[-118.94880751,50.78179023],[-118.98570187,50.77032648],[-118.9856678,50.78693207],[-118.99718177,50.78691739],[-119.03132233,50.77971623],[-119.05510568,50.78086918],[-119.0663175,50.77020008],[-119.09208376,50.77208188],[-119.11382756,50.76517774],[-119.13989356,50.76352401],[-119.15775975,50.75461521],[-119.16440715,50.74307255],[-119.14500753,50.7226748],[-119.15211876,50.71460283],[-119.15117294,50.70779709],[-119.16151963,50.70092708],[-119.17073338,50.6781226],[-119.19328542,50.64893246],[-119.19340714,50.63338171],[-119.20434275,50.63313952],[-119.21333855,50.63821119],[-119.23552026,50.63478345],[-119.25557687,50.63971645],[-119.27671586,50.6354357],[-119.29598984,50.63595935],[-119.29696514,50.63133773],[-119.29301934,50.62728825],[-119.29169199,50.61827455],[-119.30567005,50.59448611],[-119.2977884,50.59076533],[-119.28391102,50.59073266],[-119.28623599,50.57730468],[-119.2816527,50.5672775],[-119.29839827,50.56306392],[-119.28912954,50.53391412],[-119.30792251,50.52477491],[-119.31383332,50.51826948],[-119.30672554,50.50193019],[-119.29707474,50.49316318],[-119.29858268,50.45967115],[-119.31949527,50.44861128],[-119.33077694,50.44874635],[-119.33075486,50.44139729],[-119.36161722,50.416292],[-119.38734368,50.42328622],[-119.39864152,50.41197172],[-119.41092518,50.4074086],[-119.43960418,50.40382635],[-119.44390402,50.40964497],[-119.45066189,50.41105732],[-119.45275743,50.41957053],[-119.48939567,50.42100535],[-119.53342745,50.42974734],[-119.53731406,50.42633423],[-119.54536151,50.42985498],[-119.54756889,50.43581591],[-119.56055228,50.43946181],[-119.56456786,50.4478552],[-119.56103628,50.45378341],[-119.5694895,50.46472321],[-119.58111747,50.46433503],[-119.58962379,50.4525798],[-119.60065607,50.45307325],[-119.60257848,50.44850307],[-119.61126289,50.4473813],[-119.61584758,50.4421154],[-119.62717385,50.43945043],[-119.64101037,50.44265632],[-119.6472076,50.43718145],[-119.66765787,50.43716165],[-119.66806146,50.43212765],[-119.66077163,50.42761893],[-119.66098955,50.42498977],[-119.67992582,50.40967042],[-119.6670068,50.41398349],[-119.6583775,50.40939988],[-119.64262591,50.41058347],[-119.64284143,50.38816399],[-119.63470929,50.37481642],[-119.6387453,50.37075302],[-119.64779532,50.36972694],[-119.64779166,50.3621191],[-119.66354726,50.36310972],[-119.66002779,50.35441319],[-119.67007782,50.34559904],[-119.679218,50.34275165],[-119.66103418,50.3353392],[-119.67535922,50.33572492],[-119.71113546,50.31969223],[-119.6974111,50.30644861],[-119.68891711,50.30799989],[-119.68297842,50.30528703],[-119.68896281,50.29110571],[-119.69982714,50.28783076],[-119.70595228,50.27971833],[-119.71475177,50.27595088],[-119.72505602,50.26109889],[-119.75276454,50.26041119],[-119.75369998,50.25084451],[-119.76476909,50.23755645],[-119.75648753,50.23159926],[-119.75166155,50.22302507],[-119.747435,50.21084822],[-119.75015376,50.20732964],[-119.7563796,50.20317312],[-119.77547064,50.19974468],[-119.79203954,50.20497478],[-119.80300682,50.2039958],[-119.80831749,50.19531664],[-119.83149098,50.18330712],[-119.81597653,50.18092597],[-119.80849868,50.16930742],[-119.80304494,50.16652569],[-119.80104848,50.15183518],[-119.78293434,50.14826482],[-119.77893751,50.14182767],[-119.77744684,50.12077328],[-119.76854268,50.123648],[-119.75350061,50.12209042],[-119.74973151,50.12491491],[-119.74115599,50.11843797],[-119.74013777,50.11042499],[-119.72969957,50.10636183],[-119.73524735,50.09973578],[-119.74739287,50.09446351],[-119.74865173,50.09042792],[-119.74515191,50.0870863],[-119.76176866,50.08534209],[-119.74528812,50.07966621],[-119.74679738,50.07504526],[-119.76734751,50.06597489],[-119.75819626,50.05624992],[-119.76260059,50.04629844],[-119.78231067,50.04491621],[-119.78463767,50.04095317],[-119.79615707,50.03918355],[-119.80903321,50.03027088],[-119.80217231,50.02196232],[-119.77252206,50.01308233],[-119.78310327,50.00276952],[-119.80472066,50.00348139],[-119.82599563,49.99914458],[-119.82762502,49.99296249],[-119.82378033,49.98905626],[-119.82933252,49.98137261],[-119.85523347,49.97731783],[-119.86050945,49.97020452],[-119.87450252,49.96635423],[-119.88448419,49.96783959],[-119.89591325,49.95796682],[-119.91883389,49.94917838],[-119.92561606,49.93800505],[-119.93771286,49.93540022],[-119.94335249,49.93060712],[-119.94834207,49.92180427],[-119.94537375,49.91733363],[-119.96468692,49.92353717],[-119.99414612,49.93995833],[-119.99957401,49.92283085],[-120.01514544,49.91855411],[-120.01670352,49.91382692],[-120.03061114,49.91123083],[-120.02756577,49.89681099],[-120.03699998,49.8909446],[-120.03474795,49.88505772],[-120.04153295,49.87627883],[-120.0556998,49.87699076],[-120.06078534,49.87147184],[-120.05327412,49.86302009],[-120.05503984,49.85533867],[-120.04498549,49.85676599],[-120.03583163,49.86354049],[-120.03050649,49.85784969],[-120.01779774,49.85396072],[-120.00039682,49.85375731],[-119.99096551,49.85699636],[-119.98674141,49.85488498],[-119.98476285,49.84012185],[-119.9868994,49.83272457],[-119.98196967,49.8303105],[-119.98272132,49.82675994],[-119.96804314,49.81922169],[-119.96965239,49.81636385],[-119.96578758,49.81314974],[-119.97100787,49.80965387],[-119.98439957,49.81273756],[-119.99646379,49.79775459],[-120.0015537,49.78412935],[-119.99937385,49.77671616],[-119.98669273,49.76814],[-119.96273582,49.75864666],[-119.94987525,49.7583225],[-119.94074922,49.76631596],[-119.91574392,49.77003053],[-119.89352904,49.7801882],[-119.85434078,49.78701833],[-119.8507342,49.7845102],[-119.8481156,49.77395854],[-119.84047864,49.76854289],[-119.84423696,49.75704323],[-119.84271376,49.74835945],[-119.82813638,49.74672408],[-119.82576801,49.74148115],[-119.82170649,49.74025376],[-119.80824698,49.74316538],[-119.78618174,49.72944692],[-119.77155199,49.72672552],[-119.71856359,49.72785539],[-119.70397744,49.73384008],[-119.68084123,49.75475628],[-119.65978461,49.74887091],[-119.64905536,49.75468001],[-119.6396504,49.75531295],[-119.63483474,49.75354392],[-119.62343727,49.73429633],[-119.60034981,49.72635242],[-119.57794444,49.71401752],[-119.57505209,49.71619429],[-119.57567058,49.72621184],[-119.57117703,49.72823416],[-119.56902839,49.72306167],[-119.55866328,49.71903368],[-119.54919324,49.70890889],[-119.54200479,49.71377264],[-119.54705697,49.74365051],[-119.50171759,49.73170343],[-119.49067857,49.74424043],[-119.47926384,49.74843173],[-119.44408007,49.72265886],[-119.44198293,49.71682497],[-119.44540671,49.70442838],[-119.4383949,49.69710893],[-119.43384574,49.68411174],[-119.42566485,49.67731541],[-119.40589127,49.67730663],[-119.39311718,49.68081177],[-119.38606379,49.67670378],[-119.37004851,49.67898141],[-119.35358073,49.69032649],[-119.33314958,49.69838477],[-119.3228813,49.69788516],[-119.31307708,49.70586424],[-119.30155217,49.70763949],[-119.29292566,49.72117852],[-119.26286481,49.73345981],[-119.25896356,49.74355156],[-119.24643083,49.7374255],[-119.24162407,49.74242884],[-119.22751485,49.74431311],[-119.21762002,49.73653326],[-119.21804072,49.7425204],[-119.21182638,49.74404674],[-119.19460699,49.76112434],[-119.18867605,49.7576815],[-119.1727804,49.75716925],[-119.17596674,49.7511566],[-119.1712326,49.74292138],[-119.14922193,49.74319446],[-119.15757006,49.75343813],[-119.15762638,49.76154211],[-119.17202001,49.77262962],[-119.16795248,49.77912445],[-119.17572508,49.79157634],[-119.16799327,49.80086542],[-119.16976885,49.80374648],[-119.16634694,49.81093042],[-119.17049044,49.81494123],[-119.16327414,49.82524028],[-119.13887615,49.82648041],[-119.13400153,49.8302224],[-119.13181962,49.8257109],[-119.12399098,49.82517967],[-119.12419834,49.82198242],[-119.1154726,49.81370031],[-119.11799538,49.80400644],[-119.11172038,49.79615558],[-119.11801735,49.7909124],[-119.11295337,49.78864463],[-119.10164159,49.78960624],[-119.08911891,49.79656549],[-119.07018324,49.79385321],[-119.05920357,49.80015408],[-119.05867356,49.80406806],[-119.05166634,49.80945897],[-119.05409857,49.81191315],[-119.05230498,49.81738548],[-119.04140539,49.82411356],[-119.0412719,49.83020108],[-119.03126616,49.83458681],[-119.03133691,49.84543473],[-119.0173796,49.85311188],[-119.00504088,49.84945748],[-119.00119585,49.86080959],[-118.98690864,49.86759918],[-118.97501485,49.87934235],[-118.97177814,49.88450445],[-118.97387862,49.89127794],[-118.96770084,49.89374079],[-118.96495414,49.90310166],[-118.93207612,49.9158446],[-118.92996836,49.91452725],[-118.93170735,49.90678872],[-118.92589798,49.90748967],[-118.90972378,49.90093969],[-118.90293959,49.90952019],[-118.90717081,49.92877392],[-118.86428632,49.94287114],[-118.85307063,49.95789454],[-118.83214767,49.95469717],[-118.82299483,49.95001125],[-118.80944397,49.95258051],[-118.80677585,49.9625525],[-118.79925224,49.96531427],[-118.80328196,49.97727288],[-118.79929973,49.98576636],[-118.81194319,49.98987198],[-118.81883616,50.00014719],[-118.82348777,50.00096569],[-118.79778652,50.01247447],[-118.80157838,50.02580308]]]}},{"type":"Feature","properties":{"name":"Victoria"},"geometry":{"type":"Polygon","coordinates":[[[-123.30971603,49.00171912],[-123.32244606,49.0018746],[-123.33665703,49.01808677],[-123.58160536,49.01796566],[-123.58787718,49.01497492],[-123.59492872,49.00326656],[-123.60186814,49.00138058],[-123.63616222,49.00799753],[-123.6510764,49.00174635],[-123.63098299,48.97972405],[-123.62049528,48.95361251],[-123.61354131,48.92454732],[-123.62218866,48.90541689],[-123.66300048,48.92372803],[-123.70911266,48.93923407],[-123.74098206,48.94367348],[-123.74066276,48.9341245],[-123.7339808,48.92702011],[-123.73724953,48.92399455],[-123.772386,48.9319522],[-123.82414942,48.95197038],[-123.8408946,48.95362063],[-123.85165188,48.95182259],[-123.86021826,48.94352268],[-123.88212048,48.94336497],[-123.91335702,48.92615218],[-123.91720027,48.92740654],[-123.91904899,48.93308205],[-123.92942444,48.93568298],[-123.9398545,48.95586895],[-123.94898223,48.96065552],[-123.97947666,48.95922536],[-123.99479274,48.95420317],[-123.99982934,48.94739839],[-124.00396921,48.9469489],[-124.023008,48.95414719],[-124.02933213,48.95232982],[-124.03012284,48.94744497],[-124.03697769,48.94692614],[-124.06864109,48.96013632],[-124.09691946,48.9618626],[-124.10693093,48.95126869],[-124.13254098,48.96026794],[-124.14070049,48.95324278],[-124.16273101,48.95141226],[-124.17812411,48.96122377],[-124.19306157,48.95802041],[-124.20381197,48.96073912],[-124.21885449,48.95584373],[-124.2362019,48.95687367],[-124.26475883,48.96792586],[-124.29582901,48.97422896],[-124.30489532,48.98229526],[-124.32066942,48.97823836],[-124.3166819,48.97263461],[-124.31851648,48.96710804],[-124.33403338,48.96362916],[-124.34010185,48.97511762],[-124.35175363,48.97897587],[-124.35626363,48.97544143],[-124.36741285,48.98634775],[-124.3872555,48.9847344],[-124.40397047,49.01260294],[-124.41101337,49.01561766],[-124.41905844,49.02626842],[-124.42887712,49.02183948],[-124.4344415,49.02504031],[-124.44547171,49.02211566],[-124.45720668,49.02318578],[-124.45785592,49.01630088],[-124.46262831,49.01176134],[-124.48874614,49.01150019],[-124.50711683,49.0167049],[-124.50983319,49.02631778],[-124.51591424,49.03311084],[-124.50396419,49.03746332],[-124.49854875,49.04371828],[-124.50868751,49.0466187],[-124.51754828,49.0541318],[-124.51968624,49.0612691],[-124.51731455,49.06610426],[-124.52667196,49.0774236],[-124.52300481,49.10133902],[-124.53090078,49.11370303],[-124.52656293,49.11958515],[-124.53342454,49.12645031],[-124.5508586,49.12987322],[-124.55471697,49.14228951],[-124.57794702,49.15273775],[-124.58397193,49.15216947],[-124.58674777,49.14611775],[-124.57770249,49.13015704],[-124.57640287,49.10897465],[-124.58310268,49.10363404],[-124.61647271,49.11164682],[-124.63003182,49.10537479],[-124.6400292,49.09457184],[-124.63773968,49.09152992],[-124.63935339,49.07865966],[-124.64757601,49.06590654],[-124.64538006,49.05579371],[-124.64859927,49.05041327],[-124.63012439,49.04075481],[-124.62076628,49.02459295],[-124.6426004,49.02221956],[-124.63660873,49.01734342],[-124.63287094,49.00543083],[-124.63639692,49.00297422],[-124.65739163,49.00276449],[-124.66498322,49.00708681],[-124.67215498,48.99801561],[-124.68162001,49.00261013],[-124.6979548,48.99991246],[-124.69714913,48.99606875],[-124.70122542,48.99459489],[-124.69960376,48.98892419],[-124.71364668,48.98245071],[-124.73751566,48.97833325],[-124.74249534,48.97202131],[-124.74357899,48.95518752],[-124.72736651,48.9529441],[-124.72962575,48.94941139],[-124.72545136,48.94540857],[-124.7150115,48.94374897],[-124.71675869,48.93666115],[-124.74061861,48.92985009],[-124.73855035,48.92617916],[-124.72465131,48.92262829],[-124.73502297,48.9205369],[-124.73509386,48.91545825],[-124.73950042,48.91286209],[-124.7405843,48.90290429],[-124.73465222,48.89626809],[-124.74856729,48.87991389],[-124.74295573,48.86932819],[-124.7442131,48.86209859],[-124.72329525,48.85471681],[-124.70264374,48.86141586],[-124.69642848,48.86056738],[-124.69992321,48.85393956],[-124.69885388,48.84821992],[-124.70535987,48.84476719],[-124.70448435,48.83890998],[-124.72991273,48.82553113],[-124.7443083,48.82148177],[-124.73233125,48.81367207],[-124.73931696,48.80721146],[-124.75245839,48.80170912],[-124.76283891,48.80420931],[-124.78788512,48.79095379],[-124.78811288,48.78555612],[-124.79872453,48.78114895],[-124.80166948,48.77616372],[-124.81735031,48.77348838],[-124.81951869,48.76937428],[-124.82912038,48.76503001],[-124.84434928,48.76470167],[-124.86350267,48.74882399],[-124.87683054,48.7433715],[-124.88370972,48.73368079],[-124.89222203,48.73237689],[-124.89803582,48.72154629],[-124.91084904,48.71180945],[-124.93129966,48.70739323],[-124.93485362,48.69827156],[-124.94770483,48.69378356],[-125.00988072,48.57404961],[-124.9672962,48.55597963],[-124.92790316,48.54364897],[-124.80993946,48.52523683],[-124.31171207,48.3933806],[-123.99995678,48.29533478],[-123.73686763,48.24880586],[-123.40683025,48.24784719],[-123.24997426,48.28231204],[-123.11681632,48.419876],[-123.16080047,48.45105887],[-123.21785224,48.54801817],[-123.26821666,48.69379467],[-123.00843687,48.76769417],[-123.00907533,48.83156509],[-123.20135054,48.93638875],[-123.30971603,49.00171912]]]}}]}